19 Feb 2025 - 19:31:13.468 - o.a.c.c.C.[.[.[.[dispatcherServlet] -  ERROR - Servlet.service() for servlet [dispatcherServlet] in context with path [] threw exception [Handler dispatch failed: java.lang.NoSuchMethodError: 'void org.springframework.web.method.ControllerAdviceBean.<init>(java.lang.Object)'] with root cause
java.lang.NoSuchMethodError: 'void org.springframework.web.method.ControllerAdviceBean.<init>(java.lang.Object)'
	at org.springdoc.core.service.GenericResponseService.lambda$getGenericMapResponse$8(GenericResponseService.java:706)
	at java.base/java.util.stream.ReferencePipeline$2$1.accept(ReferencePipeline.java:196)
	at java.base/java.util.Spliterators$ArraySpliterator.forEachRemaining(Spliterators.java:1024)
	at java.base/java.util.stream.AbstractPipeline.copyInto(AbstractPipeline.java:570)
	at java.base/java.util.stream.AbstractPipeline.wrapAndCopyInto(AbstractPipeline.java:560)
	at java.base/java.util.stream.AbstractPipeline.evaluate(AbstractPipeline.java:636)
	at java.base/java.util.stream.AbstractPipeline.evaluateToArrayNode(AbstractPipeline.java:291)
	at java.base/java.util.stream.ReferencePipeline.toArray(ReferencePipeline.java:656)
	at java.base/java.util.stream.ReferencePipeline.toArray(ReferencePipeline.java:662)
	at java.base/java.util.stream.ReferencePipeline.toList(ReferencePipeline.java:667)
	at org.springdoc.core.service.GenericResponseService.getGenericMapResponse(GenericResponseService.java:708)
	at org.springdoc.core.service.GenericResponseService.build(GenericResponseService.java:247)
	at org.springdoc.api.AbstractOpenApiResource.calculatePath(AbstractOpenApiResource.java:499)
	at org.springdoc.api.AbstractOpenApiResource.calculatePath(AbstractOpenApiResource.java:676)
	at org.springdoc.webmvc.api.OpenApiResource.lambda$calculatePath$11(OpenApiResource.java:220)
	at java.base/java.util.Optional.ifPresent(Optional.java:178)
	at org.springdoc.webmvc.api.OpenApiResource.calculatePath(OpenApiResource.java:201)
	at org.springdoc.webmvc.api.OpenApiResource.lambda$getPaths$2(OpenApiResource.java:171)
	at java.base/java.util.Optional.ifPresent(Optional.java:178)
	at org.springdoc.webmvc.api.OpenApiResource.getPaths(OpenApiResource.java:150)
	at org.springdoc.api.AbstractOpenApiResource.getOpenApi(AbstractOpenApiResource.java:353)
	at org.springdoc.webmvc.api.OpenApiResource.openapiJson(OpenApiResource.java:125)
	at org.springdoc.webmvc.api.OpenApiWebMvcResource.openapiJson(OpenApiWebMvcResource.java:114)
	at java.base/jdk.internal.reflect.DirectMethodHandleAccessor.invoke(DirectMethodHandleAccessor.java:103)
	at java.base/java.lang.reflect.Method.invoke(Method.java:580)
	at org.springframework.web.method.support.InvocableHandlerMethod.doInvoke(InvocableHandlerMethod.java:257)
	at org.springframework.web.method.support.InvocableHandlerMethod.invokeForRequest(InvocableHandlerMethod.java:190)
	at org.springframework.web.servlet.mvc.method.annotation.ServletInvocableHandlerMethod.invokeAndHandle(ServletInvocableHandlerMethod.java:118)
	at org.springframework.web.servlet.mvc.method.annotation.RequestMappingHandlerAdapter.invokeHandlerMethod(RequestMappingHandlerAdapter.java:986)
	at org.springframework.web.servlet.mvc.method.annotation.RequestMappingHandlerAdapter.handleInternal(RequestMappingHandlerAdapter.java:891)
	at org.springframework.web.servlet.mvc.method.AbstractHandlerMethodAdapter.handle(AbstractHandlerMethodAdapter.java:87)
	at org.springframework.web.servlet.DispatcherServlet.doDispatch(DispatcherServlet.java:1088)
	at org.springframework.web.servlet.DispatcherServlet.doService(DispatcherServlet.java:978)
	at org.springframework.web.servlet.FrameworkServlet.processRequest(FrameworkServlet.java:1014)
	at org.springframework.web.servlet.FrameworkServlet.doGet(FrameworkServlet.java:903)
	at jakarta.servlet.http.HttpServlet.service(HttpServlet.java:564)
	at org.springframework.web.servlet.FrameworkServlet.service(FrameworkServlet.java:885)
	at jakarta.servlet.http.HttpServlet.service(HttpServlet.java:658)
	at org.apache.catalina.core.ApplicationFilterChain.internalDoFilter(ApplicationFilterChain.java:195)
	at org.apache.catalina.core.ApplicationFilterChain.doFilter(ApplicationFilterChain.java:140)
	at org.apache.tomcat.websocket.server.WsFilter.doFilter(WsFilter.java:51)
	at org.apache.catalina.core.ApplicationFilterChain.internalDoFilter(ApplicationFilterChain.java:164)
	at org.apache.catalina.core.ApplicationFilterChain.doFilter(ApplicationFilterChain.java:140)
	at org.springframework.web.filter.OncePerRequestFilter.doFilter(OncePerRequestFilter.java:101)
	at org.apache.catalina.core.ApplicationFilterChain.internalDoFilter(ApplicationFilterChain.java:164)
	at org.apache.catalina.core.ApplicationFilterChain.doFilter(ApplicationFilterChain.java:140)
	at org.springframework.web.filter.CompositeFilter$VirtualFilterChain.doFilter(CompositeFilter.java:108)
	at org.springframework.security.web.FilterChainProxy.lambda$doFilterInternal$3(FilterChainProxy.java:231)
	at org.springframework.security.web.FilterChainProxy$VirtualFilterChain.doFilter(FilterChainProxy.java:365)
	at org.springframework.security.web.access.intercept.AuthorizationFilter.doFilter(AuthorizationFilter.java:101)
	at org.springframework.security.web.FilterChainProxy$VirtualFilterChain.doFilter(FilterChainProxy.java:374)
	at org.springframework.security.web.access.ExceptionTranslationFilter.doFilter(ExceptionTranslationFilter.java:126)
	at org.springframework.security.web.access.ExceptionTranslationFilter.doFilter(ExceptionTranslationFilter.java:120)
	at org.springframework.security.web.FilterChainProxy$VirtualFilterChain.doFilter(FilterChainProxy.java:374)
	at org.springframework.security.web.authentication.AnonymousAuthenticationFilter.doFilter(AnonymousAuthenticationFilter.java:100)
	at org.springframework.security.web.FilterChainProxy$VirtualFilterChain.doFilter(FilterChainProxy.java:374)
	at org.springframework.security.web.servletapi.SecurityContextHolderAwareRequestFilter.doFilter(SecurityContextHolderAwareRequestFilter.java:179)
	at org.springframework.security.web.FilterChainProxy$VirtualFilterChain.doFilter(FilterChainProxy.java:374)
	at org.springframework.security.web.savedrequest.RequestCacheAwareFilter.doFilter(RequestCacheAwareFilter.java:63)
	at org.springframework.security.web.FilterChainProxy$VirtualFilterChain.doFilter(FilterChainProxy.java:374)
	at org.springframework.web.filter.OncePerRequestFilter.doFilter(OncePerRequestFilter.java:101)
	at org.springframework.security.web.FilterChainProxy$VirtualFilterChain.doFilter(FilterChainProxy.java:374)
	at org.springframework.security.web.authentication.logout.LogoutFilter.doFilter(LogoutFilter.java:107)
	at org.springframework.security.web.authentication.logout.LogoutFilter.doFilter(LogoutFilter.java:93)
	at org.springframework.security.web.FilterChainProxy$VirtualFilterChain.doFilter(FilterChainProxy.java:374)
	at org.springframework.security.web.header.HeaderWriterFilter.doHeadersAfter(HeaderWriterFilter.java:90)
	at org.springframework.security.web.header.HeaderWriterFilter.doFilterInternal(HeaderWriterFilter.java:75)
	at org.springframework.web.filter.OncePerRequestFilter.doFilter(OncePerRequestFilter.java:116)
	at org.springframework.security.web.FilterChainProxy$VirtualFilterChain.doFilter(FilterChainProxy.java:374)
	at org.springframework.security.web.context.SecurityContextHolderFilter.doFilter(SecurityContextHolderFilter.java:82)
	at org.springframework.security.web.context.SecurityContextHolderFilter.doFilter(SecurityContextHolderFilter.java:69)
	at org.springframework.security.web.FilterChainProxy$VirtualFilterChain.doFilter(FilterChainProxy.java:374)
	at org.springframework.security.web.context.request.async.WebAsyncManagerIntegrationFilter.doFilterInternal(WebAsyncManagerIntegrationFilter.java:62)
	at org.springframework.web.filter.OncePerRequestFilter.doFilter(OncePerRequestFilter.java:116)
	at org.springframework.security.web.FilterChainProxy$VirtualFilterChain.doFilter(FilterChainProxy.java:374)
	at org.springframework.security.web.session.DisableEncodeUrlFilter.doFilterInternal(DisableEncodeUrlFilter.java:42)
	at org.springframework.web.filter.OncePerRequestFilter.doFilter(OncePerRequestFilter.java:116)
	at org.springframework.security.web.FilterChainProxy$VirtualFilterChain.doFilter(FilterChainProxy.java:374)
	at org.springframework.security.web.FilterChainProxy.doFilterInternal(FilterChainProxy.java:233)
	at org.springframework.security.web.FilterChainProxy.doFilter(FilterChainProxy.java:191)
	at org.springframework.web.filter.CompositeFilter$VirtualFilterChain.doFilter(CompositeFilter.java:113)
	at org.springframework.web.servlet.handler.HandlerMappingIntrospector.lambda$createCacheFilter$3(HandlerMappingIntrospector.java:243)
	at org.springframework.web.filter.CompositeFilter$VirtualFilterChain.doFilter(CompositeFilter.java:113)
	at org.springframework.web.filter.CompositeFilter.doFilter(CompositeFilter.java:74)
	at org.springframework.security.config.annotation.web.configuration.WebMvcSecurityConfiguration$CompositeFilterChainProxy.doFilter(WebMvcSecurityConfiguration.java:238)
	at org.springframework.web.filter.DelegatingFilterProxy.invokeDelegate(DelegatingFilterProxy.java:362)
	at org.springframework.web.filter.DelegatingFilterProxy.doFilter(DelegatingFilterProxy.java:278)
	at org.apache.catalina.core.ApplicationFilterChain.internalDoFilter(ApplicationFilterChain.java:164)
	at org.apache.catalina.core.ApplicationFilterChain.doFilter(ApplicationFilterChain.java:140)
	at org.springframework.web.filter.RequestContextFilter.doFilterInternal(RequestContextFilter.java:100)
	at org.springframework.web.filter.OncePerRequestFilter.doFilter(OncePerRequestFilter.java:116)
	at org.apache.catalina.core.ApplicationFilterChain.internalDoFilter(ApplicationFilterChain.java:164)
	at org.apache.catalina.core.ApplicationFilterChain.doFilter(ApplicationFilterChain.java:140)
	at org.springframework.web.filter.FormContentFilter.doFilterInternal(FormContentFilter.java:93)
	at org.springframework.web.filter.OncePerRequestFilter.doFilter(OncePerRequestFilter.java:116)
	at org.apache.catalina.core.ApplicationFilterChain.internalDoFilter(ApplicationFilterChain.java:164)
	at org.apache.catalina.core.ApplicationFilterChain.doFilter(ApplicationFilterChain.java:140)
	at org.springframework.web.filter.CharacterEncodingFilter.doFilterInternal(CharacterEncodingFilter.java:201)
	at org.springframework.web.filter.OncePerRequestFilter.doFilter(OncePerRequestFilter.java:116)
	at org.apache.catalina.core.ApplicationFilterChain.internalDoFilter(ApplicationFilterChain.java:164)
	at org.apache.catalina.core.ApplicationFilterChain.doFilter(ApplicationFilterChain.java:140)
	at org.apache.catalina.core.StandardWrapperValve.invoke(StandardWrapperValve.java:167)
	at org.apache.catalina.core.StandardContextValve.invoke(StandardContextValve.java:90)
	at org.apache.catalina.authenticator.AuthenticatorBase.invoke(AuthenticatorBase.java:483)
	at org.apache.catalina.core.StandardHostValve.invoke(StandardHostValve.java:115)
	at org.apache.catalina.valves.ErrorReportValve.invoke(ErrorReportValve.java:93)
	at org.apache.catalina.core.StandardEngineValve.invoke(StandardEngineValve.java:74)
	at org.apache.catalina.connector.CoyoteAdapter.service(CoyoteAdapter.java:344)
	at org.apache.coyote.http11.Http11Processor.service(Http11Processor.java:397)
	at org.apache.coyote.AbstractProcessorLight.process(AbstractProcessorLight.java:63)
	at org.apache.coyote.AbstractProtocol$ConnectionHandler.process(AbstractProtocol.java:905)
	at org.apache.tomcat.util.net.NioEndpoint$SocketProcessor.doRun(NioEndpoint.java:1741)
	at org.apache.tomcat.util.net.SocketProcessorBase.run(SocketProcessorBase.java:52)
	at org.apache.tomcat.util.threads.ThreadPoolExecutor.runWorker(ThreadPoolExecutor.java:1190)
	at org.apache.tomcat.util.threads.ThreadPoolExecutor$Worker.run(ThreadPoolExecutor.java:659)
	at org.apache.tomcat.util.threads.TaskThread$WrappingRunnable.run(TaskThread.java:63)
	at java.base/java.lang.Thread.run(Thread.java:1575)
19 Feb 2025 - 19:34:46.252 - o.s.b.w.e.tomcat.GracefulShutdown -  INFO  - Commencing graceful shutdown. Waiting for active requests to complete
19 Feb 2025 - 19:34:46.257 - o.s.b.w.e.tomcat.GracefulShutdown -  INFO  - Graceful shutdown complete
19 Feb 2025 - 19:34:46.263 - o.s.o.j.LocalContainerEntityManagerFactoryBean -  INFO  - Closing JPA EntityManagerFactory for persistence unit 'default'
19 Feb 2025 - 19:34:46.266 - com.zaxxer.hikari.HikariDataSource -  INFO  - HikariPool-1 - Shutdown initiated...
19 Feb 2025 - 19:34:46.268 - com.zaxxer.hikari.HikariDataSource -  INFO  - HikariPool-1 - Shutdown completed.
19 Feb 2025 - 19:34:54.426 - c.example.KunUzPractiseApplication -  INFO  - Starting KunUzPractiseApplication using Java 23.0.1 with PID 20228 (C:\Users\Sanjar\IdeaProjects\kun_uz_practise\target\classes started by Sanjar in C:\Users\Sanjar\IdeaProjects\kun_uz_practise)
19 Feb 2025 - 19:34:54.436 - c.example.KunUzPractiseApplication -  INFO  - The following 1 profile is active: "local"
19 Feb 2025 - 19:34:55.237 - o.s.d.r.c.RepositoryConfigurationDelegate -  INFO  - Bootstrapping Spring Data JPA repositories in DEFAULT mode.
19 Feb 2025 - 19:34:55.320 - o.s.d.r.c.RepositoryConfigurationDelegate -  INFO  - Finished Spring Data repository scanning in 75 ms. Found 14 JPA repository interfaces.
19 Feb 2025 - 19:34:55.858 - o.s.b.w.e.tomcat.TomcatWebServer -  INFO  - Tomcat initialized with port 8080 (http)
19 Feb 2025 - 19:34:55.871 - o.a.catalina.core.StandardService -  INFO  - Starting service [Tomcat]
19 Feb 2025 - 19:34:55.872 - o.a.catalina.core.StandardEngine -  INFO  - Starting Servlet engine: [Apache Tomcat/10.1.34]
19 Feb 2025 - 19:34:55.918 - o.a.c.c.C.[Tomcat].[localhost].[/] -  INFO  - Initializing Spring embedded WebApplicationContext
19 Feb 2025 - 19:34:55.918 - o.s.b.w.s.c.ServletWebServerApplicationContext -  INFO  - Root WebApplicationContext: initialization completed in 1433 ms
19 Feb 2025 - 19:34:55.975 - com.zaxxer.hikari.HikariDataSource -  INFO  - HikariPool-1 - Starting...
19 Feb 2025 - 19:34:56.132 - com.zaxxer.hikari.pool.HikariPool -  INFO  - HikariPool-1 - Added connection org.postgresql.jdbc.PgConnection@1fe8f5e8
19 Feb 2025 - 19:34:56.135 - com.zaxxer.hikari.HikariDataSource -  INFO  - HikariPool-1 - Start completed.
19 Feb 2025 - 19:34:56.218 - o.h.jpa.internal.util.LogHelper -  INFO  - HHH000204: Processing PersistenceUnitInfo [name: default]
19 Feb 2025 - 19:34:56.267 - org.hibernate.Version -  INFO  - HHH000412: Hibernate ORM core version 6.6.5.Final
19 Feb 2025 - 19:34:56.296 - o.h.c.i.RegionFactoryInitiator -  INFO  - HHH000026: Second-level cache disabled
19 Feb 2025 - 19:34:56.550 - o.s.o.j.p.SpringPersistenceUnitInfo -  INFO  - No LoadTimeWeaver setup: ignoring JPA class transformer
19 Feb 2025 - 19:34:56.628 - o.hibernate.orm.connections.pooling -  INFO  - HHH10001005: Database info:
	Database JDBC URL [Connecting through datasource 'HikariDataSource (HikariPool-1)']
	Database driver: undefined/unknown
	Database version: 17.2
	Autocommit mode: undefined/unknown
	Isolation level: undefined/unknown
	Minimum pool size: undefined/unknown
	Maximum pool size: undefined/unknown
19 Feb 2025 - 19:34:57.777 - o.h.e.t.j.p.i.JtaPlatformInitiator -  INFO  - HHH000489: No JTA platform available (set 'hibernate.transaction.jta.platform' to enable JTA platform integration)
19 Feb 2025 - 19:34:58.449 - o.s.o.j.LocalContainerEntityManagerFactoryBean -  INFO  - Initialized JPA EntityManagerFactory for persistence unit 'default'
19 Feb 2025 - 19:34:58.693 - o.s.d.j.r.query.QueryEnhancerFactory -  INFO  - Hibernate is in classpath; If applicable, HQL parser will be used.
19 Feb 2025 - 19:35:00.110 - o.s.b.a.o.j.JpaBaseConfiguration$JpaWebConfiguration -  WARN  - spring.jpa.open-in-view is enabled by default. Therefore, database queries may be performed during view rendering. Explicitly configure spring.jpa.open-in-view to disable this warning
19 Feb 2025 - 19:35:00.142 - o.s.s.c.a.a.c.InitializeAuthenticationProviderBeanManagerConfigurer$InitializeAuthenticationProviderManagerConfigurer -  INFO  - Global AuthenticationManager configured with AuthenticationProvider bean with name authenticationProvider
19 Feb 2025 - 19:35:00.143 - o.s.s.c.a.a.c.InitializeUserDetailsBeanManagerConfigurer$InitializeUserDetailsManagerConfigurer -  WARN  - Global AuthenticationManager configured with an AuthenticationProvider bean. UserDetailsService beans will not be used by Spring Security for automatically configuring username/password login. Consider removing the AuthenticationProvider bean. Alternatively, consider using the UserDetailsService in a manually instantiated DaoAuthenticationProvider. If the current configuration is intentional, to turn off this warning, increase the logging level of 'org.springframework.security.config.annotation.authentication.configuration.InitializeUserDetailsBeanManagerConfigurer' to ERROR
19 Feb 2025 - 19:35:00.936 - o.s.b.w.e.tomcat.TomcatWebServer -  INFO  - Tomcat started on port 8080 (http) with context path '/'
19 Feb 2025 - 19:35:00.944 - c.example.KunUzPractiseApplication -  INFO  - Started KunUzPractiseApplication in 6.951 seconds (process running for 7.657)
19 Feb 2025 - 19:35:00.990 - o.f.c.i.license.VersionPrinter -  INFO  - Flyway Community Edition 9.22.3 by Redgate
19 Feb 2025 - 19:35:00.991 - o.f.c.i.license.VersionPrinter -  INFO  - See release notes here: https://rd.gt/416ObMi
19 Feb 2025 - 19:35:00.991 - o.f.c.i.license.VersionPrinter -  INFO  - 
19 Feb 2025 - 19:35:01.002 - org.flywaydb.core.FlywayExecutor -  INFO  - Database: jdbc:postgresql://localhost:5432/kun_uz_practise (PostgreSQL 17.2)
19 Feb 2025 - 19:35:01.006 - o.f.c.i.database.base.Database -  WARN  - Flyway upgrade recommended: PostgreSQL 17.2 is newer than this version of Flyway and support has not been tested. The latest supported version of PostgreSQL is 15.
19 Feb 2025 - 19:35:01.032 - o.f.core.internal.command.DbValidate -  INFO  - Successfully validated 4 migrations (execution time 00:00.018s)
19 Feb 2025 - 19:35:01.041 - o.f.core.internal.command.DbMigrate -  INFO  - Current version of schema "public": 1.2
19 Feb 2025 - 19:35:01.043 - o.f.core.internal.command.DbMigrate -  INFO  - Schema "public" is up to date. No migration necessary.
19 Feb 2025 - 19:35:08.112 - o.a.c.c.C.[Tomcat].[localhost].[/] -  INFO  - Initializing Spring DispatcherServlet 'dispatcherServlet'
19 Feb 2025 - 19:35:08.112 - o.s.web.servlet.DispatcherServlet -  INFO  - Initializing Servlet 'dispatcherServlet'
19 Feb 2025 - 19:35:08.114 - o.s.web.servlet.DispatcherServlet -  INFO  - Completed initialization in 1 ms
19 Feb 2025 - 19:38:12.060 - o.s.b.w.e.tomcat.GracefulShutdown -  INFO  - Commencing graceful shutdown. Waiting for active requests to complete
19 Feb 2025 - 19:38:12.065 - o.s.b.w.e.tomcat.GracefulShutdown -  INFO  - Graceful shutdown complete
19 Feb 2025 - 19:38:12.073 - o.s.o.j.LocalContainerEntityManagerFactoryBean -  INFO  - Closing JPA EntityManagerFactory for persistence unit 'default'
19 Feb 2025 - 19:38:12.074 - com.zaxxer.hikari.HikariDataSource -  INFO  - HikariPool-1 - Shutdown initiated...
19 Feb 2025 - 19:38:12.077 - com.zaxxer.hikari.HikariDataSource -  INFO  - HikariPool-1 - Shutdown completed.
19 Feb 2025 - 19:38:20.517 - c.example.KunUzPractiseApplication -  INFO  - Starting KunUzPractiseApplication using Java 23.0.1 with PID 21604 (C:\Users\Sanjar\IdeaProjects\kun_uz_practise\target\classes started by Sanjar in C:\Users\Sanjar\IdeaProjects\kun_uz_practise)
19 Feb 2025 - 19:38:20.531 - c.example.KunUzPractiseApplication -  INFO  - The following 1 profile is active: "local"
19 Feb 2025 - 19:38:21.424 - o.s.d.r.c.RepositoryConfigurationDelegate -  INFO  - Bootstrapping Spring Data JPA repositories in DEFAULT mode.
19 Feb 2025 - 19:38:21.517 - o.s.d.r.c.RepositoryConfigurationDelegate -  INFO  - Finished Spring Data repository scanning in 85 ms. Found 14 JPA repository interfaces.
19 Feb 2025 - 19:38:22.211 - o.s.b.w.e.tomcat.TomcatWebServer -  INFO  - Tomcat initialized with port 8080 (http)
19 Feb 2025 - 19:38:22.226 - o.a.catalina.core.StandardService -  INFO  - Starting service [Tomcat]
19 Feb 2025 - 19:38:22.227 - o.a.catalina.core.StandardEngine -  INFO  - Starting Servlet engine: [Apache Tomcat/10.1.34]
19 Feb 2025 - 19:38:22.282 - o.a.c.c.C.[Tomcat].[localhost].[/] -  INFO  - Initializing Spring embedded WebApplicationContext
19 Feb 2025 - 19:38:22.283 - o.s.b.w.s.c.ServletWebServerApplicationContext -  INFO  - Root WebApplicationContext: initialization completed in 1690 ms
19 Feb 2025 - 19:38:22.346 - com.zaxxer.hikari.HikariDataSource -  INFO  - HikariPool-1 - Starting...
19 Feb 2025 - 19:38:22.522 - com.zaxxer.hikari.pool.HikariPool -  INFO  - HikariPool-1 - Added connection org.postgresql.jdbc.PgConnection@5329f6b3
19 Feb 2025 - 19:38:22.524 - com.zaxxer.hikari.HikariDataSource -  INFO  - HikariPool-1 - Start completed.
19 Feb 2025 - 19:38:22.609 - o.h.jpa.internal.util.LogHelper -  INFO  - HHH000204: Processing PersistenceUnitInfo [name: default]
19 Feb 2025 - 19:38:22.658 - org.hibernate.Version -  INFO  - HHH000412: Hibernate ORM core version 6.6.5.Final
19 Feb 2025 - 19:38:22.690 - o.h.c.i.RegionFactoryInitiator -  INFO  - HHH000026: Second-level cache disabled
19 Feb 2025 - 19:38:22.988 - o.s.o.j.p.SpringPersistenceUnitInfo -  INFO  - No LoadTimeWeaver setup: ignoring JPA class transformer
19 Feb 2025 - 19:38:23.069 - o.hibernate.orm.connections.pooling -  INFO  - HHH10001005: Database info:
	Database JDBC URL [Connecting through datasource 'HikariDataSource (HikariPool-1)']
	Database driver: undefined/unknown
	Database version: 17.2
	Autocommit mode: undefined/unknown
	Isolation level: undefined/unknown
	Minimum pool size: undefined/unknown
	Maximum pool size: undefined/unknown
19 Feb 2025 - 19:38:24.324 - o.h.e.t.j.p.i.JtaPlatformInitiator -  INFO  - HHH000489: No JTA platform available (set 'hibernate.transaction.jta.platform' to enable JTA platform integration)
19 Feb 2025 - 19:38:25.012 - o.s.o.j.LocalContainerEntityManagerFactoryBean -  INFO  - Initialized JPA EntityManagerFactory for persistence unit 'default'
19 Feb 2025 - 19:38:25.262 - o.s.d.j.r.query.QueryEnhancerFactory -  INFO  - Hibernate is in classpath; If applicable, HQL parser will be used.
19 Feb 2025 - 19:38:26.705 - o.s.b.a.o.j.JpaBaseConfiguration$JpaWebConfiguration -  WARN  - spring.jpa.open-in-view is enabled by default. Therefore, database queries may be performed during view rendering. Explicitly configure spring.jpa.open-in-view to disable this warning
19 Feb 2025 - 19:38:26.736 - o.s.s.c.a.a.c.InitializeAuthenticationProviderBeanManagerConfigurer$InitializeAuthenticationProviderManagerConfigurer -  INFO  - Global AuthenticationManager configured with AuthenticationProvider bean with name authenticationProvider
19 Feb 2025 - 19:38:26.737 - o.s.s.c.a.a.c.InitializeUserDetailsBeanManagerConfigurer$InitializeUserDetailsManagerConfigurer -  WARN  - Global AuthenticationManager configured with an AuthenticationProvider bean. UserDetailsService beans will not be used by Spring Security for automatically configuring username/password login. Consider removing the AuthenticationProvider bean. Alternatively, consider using the UserDetailsService in a manually instantiated DaoAuthenticationProvider. If the current configuration is intentional, to turn off this warning, increase the logging level of 'org.springframework.security.config.annotation.authentication.configuration.InitializeUserDetailsBeanManagerConfigurer' to ERROR
19 Feb 2025 - 19:38:27.626 - o.s.b.w.e.tomcat.TomcatWebServer -  INFO  - Tomcat started on port 8080 (http) with context path '/'
19 Feb 2025 - 19:38:27.635 - c.example.KunUzPractiseApplication -  INFO  - Started KunUzPractiseApplication in 7.582 seconds (process running for 8.211)
19 Feb 2025 - 19:38:27.692 - o.f.c.i.license.VersionPrinter -  INFO  - Flyway Community Edition 9.22.3 by Redgate
19 Feb 2025 - 19:38:27.693 - o.f.c.i.license.VersionPrinter -  INFO  - See release notes here: https://rd.gt/416ObMi
19 Feb 2025 - 19:38:27.693 - o.f.c.i.license.VersionPrinter -  INFO  - 
19 Feb 2025 - 19:38:27.708 - org.flywaydb.core.FlywayExecutor -  INFO  - Database: jdbc:postgresql://localhost:5432/kun_uz_practise (PostgreSQL 17.2)
19 Feb 2025 - 19:38:27.713 - o.f.c.i.database.base.Database -  WARN  - Flyway upgrade recommended: PostgreSQL 17.2 is newer than this version of Flyway and support has not been tested. The latest supported version of PostgreSQL is 15.
19 Feb 2025 - 19:38:27.742 - o.f.core.internal.command.DbValidate -  INFO  - Successfully validated 4 migrations (execution time 00:00.019s)
19 Feb 2025 - 19:38:27.753 - o.f.core.internal.command.DbMigrate -  INFO  - Current version of schema "public": 1.2
19 Feb 2025 - 19:38:27.754 - o.f.core.internal.command.DbMigrate -  INFO  - Schema "public" is up to date. No migration necessary.
19 Feb 2025 - 19:38:35.009 - o.a.c.c.C.[Tomcat].[localhost].[/] -  INFO  - Initializing Spring DispatcherServlet 'dispatcherServlet'
19 Feb 2025 - 19:38:35.009 - o.s.web.servlet.DispatcherServlet -  INFO  - Initializing Servlet 'dispatcherServlet'
19 Feb 2025 - 19:38:35.011 - o.s.web.servlet.DispatcherServlet -  INFO  - Completed initialization in 2 ms
19 Feb 2025 - 19:39:33.129 - o.s.b.w.e.tomcat.GracefulShutdown -  INFO  - Commencing graceful shutdown. Waiting for active requests to complete
19 Feb 2025 - 19:39:33.134 - o.s.b.w.e.tomcat.GracefulShutdown -  INFO  - Graceful shutdown complete
19 Feb 2025 - 19:39:33.141 - o.s.o.j.LocalContainerEntityManagerFactoryBean -  INFO  - Closing JPA EntityManagerFactory for persistence unit 'default'
19 Feb 2025 - 19:39:33.143 - com.zaxxer.hikari.HikariDataSource -  INFO  - HikariPool-1 - Shutdown initiated...
19 Feb 2025 - 19:39:33.146 - com.zaxxer.hikari.HikariDataSource -  INFO  - HikariPool-1 - Shutdown completed.
19 Feb 2025 - 19:39:37.395 - c.example.KunUzPractiseApplication -  INFO  - Starting KunUzPractiseApplication using Java 23.0.1 with PID 6956 (C:\Users\Sanjar\IdeaProjects\kun_uz_practise\target\classes started by Sanjar in C:\Users\Sanjar\IdeaProjects\kun_uz_practise)
19 Feb 2025 - 19:39:37.411 - c.example.KunUzPractiseApplication -  INFO  - The following 1 profile is active: "local"
19 Feb 2025 - 19:39:38.550 - o.s.d.r.c.RepositoryConfigurationDelegate -  INFO  - Bootstrapping Spring Data JPA repositories in DEFAULT mode.
19 Feb 2025 - 19:39:38.651 - o.s.d.r.c.RepositoryConfigurationDelegate -  INFO  - Finished Spring Data repository scanning in 94 ms. Found 14 JPA repository interfaces.
19 Feb 2025 - 19:39:39.255 - o.s.b.w.e.tomcat.TomcatWebServer -  INFO  - Tomcat initialized with port 8080 (http)
19 Feb 2025 - 19:39:39.268 - o.a.catalina.core.StandardService -  INFO  - Starting service [Tomcat]
19 Feb 2025 - 19:39:39.269 - o.a.catalina.core.StandardEngine -  INFO  - Starting Servlet engine: [Apache Tomcat/10.1.34]
19 Feb 2025 - 19:39:39.319 - o.a.c.c.C.[Tomcat].[localhost].[/] -  INFO  - Initializing Spring embedded WebApplicationContext
19 Feb 2025 - 19:39:39.319 - o.s.b.w.s.c.ServletWebServerApplicationContext -  INFO  - Root WebApplicationContext: initialization completed in 1839 ms
19 Feb 2025 - 19:39:39.383 - com.zaxxer.hikari.HikariDataSource -  INFO  - HikariPool-1 - Starting...
19 Feb 2025 - 19:39:39.551 - com.zaxxer.hikari.pool.HikariPool -  INFO  - HikariPool-1 - Added connection org.postgresql.jdbc.PgConnection@191ec193
19 Feb 2025 - 19:39:39.552 - com.zaxxer.hikari.HikariDataSource -  INFO  - HikariPool-1 - Start completed.
19 Feb 2025 - 19:39:39.635 - o.h.jpa.internal.util.LogHelper -  INFO  - HHH000204: Processing PersistenceUnitInfo [name: default]
19 Feb 2025 - 19:39:39.685 - org.hibernate.Version -  INFO  - HHH000412: Hibernate ORM core version 6.6.5.Final
19 Feb 2025 - 19:39:39.717 - o.h.c.i.RegionFactoryInitiator -  INFO  - HHH000026: Second-level cache disabled
19 Feb 2025 - 19:39:39.993 - o.s.o.j.p.SpringPersistenceUnitInfo -  INFO  - No LoadTimeWeaver setup: ignoring JPA class transformer
19 Feb 2025 - 19:39:40.099 - o.hibernate.orm.connections.pooling -  INFO  - HHH10001005: Database info:
	Database JDBC URL [Connecting through datasource 'HikariDataSource (HikariPool-1)']
	Database driver: undefined/unknown
	Database version: 17.2
	Autocommit mode: undefined/unknown
	Isolation level: undefined/unknown
	Minimum pool size: undefined/unknown
	Maximum pool size: undefined/unknown
19 Feb 2025 - 19:39:41.330 - o.h.e.t.j.p.i.JtaPlatformInitiator -  INFO  - HHH000489: No JTA platform available (set 'hibernate.transaction.jta.platform' to enable JTA platform integration)
19 Feb 2025 - 19:39:42.055 - o.s.o.j.LocalContainerEntityManagerFactoryBean -  INFO  - Initialized JPA EntityManagerFactory for persistence unit 'default'
19 Feb 2025 - 19:39:42.309 - o.s.d.j.r.query.QueryEnhancerFactory -  INFO  - Hibernate is in classpath; If applicable, HQL parser will be used.
19 Feb 2025 - 19:39:43.761 - o.s.b.a.o.j.JpaBaseConfiguration$JpaWebConfiguration -  WARN  - spring.jpa.open-in-view is enabled by default. Therefore, database queries may be performed during view rendering. Explicitly configure spring.jpa.open-in-view to disable this warning
19 Feb 2025 - 19:39:43.792 - o.s.s.c.a.a.c.InitializeAuthenticationProviderBeanManagerConfigurer$InitializeAuthenticationProviderManagerConfigurer -  INFO  - Global AuthenticationManager configured with AuthenticationProvider bean with name authenticationProvider
19 Feb 2025 - 19:39:43.793 - o.s.s.c.a.a.c.InitializeUserDetailsBeanManagerConfigurer$InitializeUserDetailsManagerConfigurer -  WARN  - Global AuthenticationManager configured with an AuthenticationProvider bean. UserDetailsService beans will not be used by Spring Security for automatically configuring username/password login. Consider removing the AuthenticationProvider bean. Alternatively, consider using the UserDetailsService in a manually instantiated DaoAuthenticationProvider. If the current configuration is intentional, to turn off this warning, increase the logging level of 'org.springframework.security.config.annotation.authentication.configuration.InitializeUserDetailsBeanManagerConfigurer' to ERROR
19 Feb 2025 - 19:39:44.565 - o.s.b.w.e.tomcat.TomcatWebServer -  INFO  - Tomcat started on port 8080 (http) with context path '/'
19 Feb 2025 - 19:39:44.573 - c.example.KunUzPractiseApplication -  INFO  - Started KunUzPractiseApplication in 7.857 seconds (process running for 8.751)
19 Feb 2025 - 19:39:44.619 - o.f.c.i.license.VersionPrinter -  INFO  - Flyway Community Edition 9.22.3 by Redgate
19 Feb 2025 - 19:39:44.619 - o.f.c.i.license.VersionPrinter -  INFO  - See release notes here: https://rd.gt/416ObMi
19 Feb 2025 - 19:39:44.619 - o.f.c.i.license.VersionPrinter -  INFO  - 
19 Feb 2025 - 19:39:44.631 - org.flywaydb.core.FlywayExecutor -  INFO  - Database: jdbc:postgresql://localhost:5432/kun_uz_practise (PostgreSQL 17.2)
19 Feb 2025 - 19:39:44.636 - o.f.c.i.database.base.Database -  WARN  - Flyway upgrade recommended: PostgreSQL 17.2 is newer than this version of Flyway and support has not been tested. The latest supported version of PostgreSQL is 15.
19 Feb 2025 - 19:39:44.660 - o.f.core.internal.command.DbValidate -  INFO  - Successfully validated 4 migrations (execution time 00:00.016s)
19 Feb 2025 - 19:39:44.669 - o.f.core.internal.command.DbMigrate -  INFO  - Current version of schema "public": 1.2
19 Feb 2025 - 19:39:44.671 - o.f.core.internal.command.DbMigrate -  INFO  - Schema "public" is up to date. No migration necessary.
19 Feb 2025 - 19:39:48.080 - o.a.c.c.C.[Tomcat].[localhost].[/] -  INFO  - Initializing Spring DispatcherServlet 'dispatcherServlet'
19 Feb 2025 - 19:39:48.081 - o.s.web.servlet.DispatcherServlet -  INFO  - Initializing Servlet 'dispatcherServlet'
19 Feb 2025 - 19:39:48.082 - o.s.web.servlet.DispatcherServlet -  INFO  - Completed initialization in 1 ms
19 Feb 2025 - 19:40:37.703 - o.s.b.w.e.tomcat.GracefulShutdown -  INFO  - Commencing graceful shutdown. Waiting for active requests to complete
19 Feb 2025 - 19:40:37.708 - o.s.b.w.e.tomcat.GracefulShutdown -  INFO  - Graceful shutdown complete
19 Feb 2025 - 19:40:37.721 - o.s.o.j.LocalContainerEntityManagerFactoryBean -  INFO  - Closing JPA EntityManagerFactory for persistence unit 'default'
19 Feb 2025 - 19:40:37.723 - com.zaxxer.hikari.HikariDataSource -  INFO  - HikariPool-1 - Shutdown initiated...
19 Feb 2025 - 19:40:37.726 - com.zaxxer.hikari.HikariDataSource -  INFO  - HikariPool-1 - Shutdown completed.
19 Feb 2025 - 19:40:41.005 - c.example.KunUzPractiseApplication -  INFO  - Starting KunUzPractiseApplication using Java 23.0.1 with PID 16236 (C:\Users\Sanjar\IdeaProjects\kun_uz_practise\target\classes started by Sanjar in C:\Users\Sanjar\IdeaProjects\kun_uz_practise)
19 Feb 2025 - 19:40:41.014 - c.example.KunUzPractiseApplication -  INFO  - The following 1 profile is active: "local"
19 Feb 2025 - 19:40:41.816 - o.s.d.r.c.RepositoryConfigurationDelegate -  INFO  - Bootstrapping Spring Data JPA repositories in DEFAULT mode.
19 Feb 2025 - 19:40:41.899 - o.s.d.r.c.RepositoryConfigurationDelegate -  INFO  - Finished Spring Data repository scanning in 75 ms. Found 14 JPA repository interfaces.
19 Feb 2025 - 19:40:42.413 - o.s.b.w.e.tomcat.TomcatWebServer -  INFO  - Tomcat initialized with port 8080 (http)
19 Feb 2025 - 19:40:42.426 - o.a.catalina.core.StandardService -  INFO  - Starting service [Tomcat]
19 Feb 2025 - 19:40:42.426 - o.a.catalina.core.StandardEngine -  INFO  - Starting Servlet engine: [Apache Tomcat/10.1.34]
19 Feb 2025 - 19:40:42.472 - o.a.c.c.C.[Tomcat].[localhost].[/] -  INFO  - Initializing Spring embedded WebApplicationContext
19 Feb 2025 - 19:40:42.472 - o.s.b.w.s.c.ServletWebServerApplicationContext -  INFO  - Root WebApplicationContext: initialization completed in 1410 ms
19 Feb 2025 - 19:40:42.525 - com.zaxxer.hikari.HikariDataSource -  INFO  - HikariPool-1 - Starting...
19 Feb 2025 - 19:40:42.690 - com.zaxxer.hikari.pool.HikariPool -  INFO  - HikariPool-1 - Added connection org.postgresql.jdbc.PgConnection@7ec3a8bd
19 Feb 2025 - 19:40:42.691 - com.zaxxer.hikari.HikariDataSource -  INFO  - HikariPool-1 - Start completed.
19 Feb 2025 - 19:40:42.771 - o.h.jpa.internal.util.LogHelper -  INFO  - HHH000204: Processing PersistenceUnitInfo [name: default]
19 Feb 2025 - 19:40:42.818 - org.hibernate.Version -  INFO  - HHH000412: Hibernate ORM core version 6.6.5.Final
19 Feb 2025 - 19:40:42.848 - o.h.c.i.RegionFactoryInitiator -  INFO  - HHH000026: Second-level cache disabled
19 Feb 2025 - 19:40:43.094 - o.s.o.j.p.SpringPersistenceUnitInfo -  INFO  - No LoadTimeWeaver setup: ignoring JPA class transformer
19 Feb 2025 - 19:40:43.173 - o.hibernate.orm.connections.pooling -  INFO  - HHH10001005: Database info:
	Database JDBC URL [Connecting through datasource 'HikariDataSource (HikariPool-1)']
	Database driver: undefined/unknown
	Database version: 17.2
	Autocommit mode: undefined/unknown
	Isolation level: undefined/unknown
	Minimum pool size: undefined/unknown
	Maximum pool size: undefined/unknown
19 Feb 2025 - 19:40:44.303 - o.h.e.t.j.p.i.JtaPlatformInitiator -  INFO  - HHH000489: No JTA platform available (set 'hibernate.transaction.jta.platform' to enable JTA platform integration)
19 Feb 2025 - 19:40:44.966 - o.s.o.j.LocalContainerEntityManagerFactoryBean -  INFO  - Initialized JPA EntityManagerFactory for persistence unit 'default'
19 Feb 2025 - 19:40:45.203 - o.s.d.j.r.query.QueryEnhancerFactory -  INFO  - Hibernate is in classpath; If applicable, HQL parser will be used.
19 Feb 2025 - 19:40:46.629 - o.s.b.a.o.j.JpaBaseConfiguration$JpaWebConfiguration -  WARN  - spring.jpa.open-in-view is enabled by default. Therefore, database queries may be performed during view rendering. Explicitly configure spring.jpa.open-in-view to disable this warning
19 Feb 2025 - 19:40:46.666 - o.s.s.c.a.a.c.InitializeAuthenticationProviderBeanManagerConfigurer$InitializeAuthenticationProviderManagerConfigurer -  INFO  - Global AuthenticationManager configured with AuthenticationProvider bean with name authenticationProvider
19 Feb 2025 - 19:40:46.666 - o.s.s.c.a.a.c.InitializeUserDetailsBeanManagerConfigurer$InitializeUserDetailsManagerConfigurer -  WARN  - Global AuthenticationManager configured with an AuthenticationProvider bean. UserDetailsService beans will not be used by Spring Security for automatically configuring username/password login. Consider removing the AuthenticationProvider bean. Alternatively, consider using the UserDetailsService in a manually instantiated DaoAuthenticationProvider. If the current configuration is intentional, to turn off this warning, increase the logging level of 'org.springframework.security.config.annotation.authentication.configuration.InitializeUserDetailsBeanManagerConfigurer' to ERROR
19 Feb 2025 - 19:40:47.468 - o.s.b.w.e.tomcat.TomcatWebServer -  INFO  - Tomcat started on port 8080 (http) with context path '/'
19 Feb 2025 - 19:40:47.476 - c.example.KunUzPractiseApplication -  INFO  - Started KunUzPractiseApplication in 6.88 seconds (process running for 7.466)
19 Feb 2025 - 19:40:47.522 - o.f.c.i.license.VersionPrinter -  INFO  - Flyway Community Edition 9.22.3 by Redgate
19 Feb 2025 - 19:40:47.522 - o.f.c.i.license.VersionPrinter -  INFO  - See release notes here: https://rd.gt/416ObMi
19 Feb 2025 - 19:40:47.522 - o.f.c.i.license.VersionPrinter -  INFO  - 
19 Feb 2025 - 19:40:47.533 - org.flywaydb.core.FlywayExecutor -  INFO  - Database: jdbc:postgresql://localhost:5432/kun_uz_practise (PostgreSQL 17.2)
19 Feb 2025 - 19:40:47.538 - o.f.c.i.database.base.Database -  WARN  - Flyway upgrade recommended: PostgreSQL 17.2 is newer than this version of Flyway and support has not been tested. The latest supported version of PostgreSQL is 15.
19 Feb 2025 - 19:40:47.563 - o.f.core.internal.command.DbValidate -  INFO  - Successfully validated 4 migrations (execution time 00:00.017s)
19 Feb 2025 - 19:40:47.572 - o.f.core.internal.command.DbMigrate -  INFO  - Current version of schema "public": 1.2
19 Feb 2025 - 19:40:47.574 - o.f.core.internal.command.DbMigrate -  INFO  - Schema "public" is up to date. No migration necessary.
19 Feb 2025 - 19:40:54.327 - o.a.c.c.C.[Tomcat].[localhost].[/] -  INFO  - Initializing Spring DispatcherServlet 'dispatcherServlet'
19 Feb 2025 - 19:40:54.328 - o.s.web.servlet.DispatcherServlet -  INFO  - Initializing Servlet 'dispatcherServlet'
19 Feb 2025 - 19:40:54.329 - o.s.web.servlet.DispatcherServlet -  INFO  - Completed initialization in 1 ms
19 Feb 2025 - 19:41:10.929 - o.s.b.w.e.tomcat.GracefulShutdown -  INFO  - Commencing graceful shutdown. Waiting for active requests to complete
19 Feb 2025 - 19:41:10.934 - o.s.b.w.e.tomcat.GracefulShutdown -  INFO  - Graceful shutdown complete
19 Feb 2025 - 19:41:10.942 - o.s.o.j.LocalContainerEntityManagerFactoryBean -  INFO  - Closing JPA EntityManagerFactory for persistence unit 'default'
19 Feb 2025 - 19:41:10.944 - com.zaxxer.hikari.HikariDataSource -  INFO  - HikariPool-1 - Shutdown initiated...
19 Feb 2025 - 19:41:10.947 - com.zaxxer.hikari.HikariDataSource -  INFO  - HikariPool-1 - Shutdown completed.
19 Feb 2025 - 19:41:46.748 - c.example.KunUzPractiseApplication -  INFO  - Starting KunUzPractiseApplication using Java 23.0.1 with PID 21720 (C:\Users\Sanjar\IdeaProjects\kun_uz_practise\target\classes started by Sanjar in C:\Users\Sanjar\IdeaProjects\kun_uz_practise)
19 Feb 2025 - 19:41:46.759 - c.example.KunUzPractiseApplication -  INFO  - The following 1 profile is active: "local"
19 Feb 2025 - 19:41:47.571 - o.s.d.r.c.RepositoryConfigurationDelegate -  INFO  - Bootstrapping Spring Data JPA repositories in DEFAULT mode.
19 Feb 2025 - 19:41:47.654 - o.s.d.r.c.RepositoryConfigurationDelegate -  INFO  - Finished Spring Data repository scanning in 75 ms. Found 14 JPA repository interfaces.
19 Feb 2025 - 19:41:48.187 - o.s.b.w.e.tomcat.TomcatWebServer -  INFO  - Tomcat initialized with port 8080 (http)
19 Feb 2025 - 19:41:48.199 - o.a.catalina.core.StandardService -  INFO  - Starting service [Tomcat]
19 Feb 2025 - 19:41:48.199 - o.a.catalina.core.StandardEngine -  INFO  - Starting Servlet engine: [Apache Tomcat/10.1.34]
19 Feb 2025 - 19:41:48.251 - o.a.c.c.C.[Tomcat].[localhost].[/] -  INFO  - Initializing Spring embedded WebApplicationContext
19 Feb 2025 - 19:41:48.251 - o.s.b.w.s.c.ServletWebServerApplicationContext -  INFO  - Root WebApplicationContext: initialization completed in 1441 ms
19 Feb 2025 - 19:41:48.307 - com.zaxxer.hikari.HikariDataSource -  INFO  - HikariPool-1 - Starting...
19 Feb 2025 - 19:41:48.472 - com.zaxxer.hikari.pool.HikariPool -  INFO  - HikariPool-1 - Added connection org.postgresql.jdbc.PgConnection@47fb7ec9
19 Feb 2025 - 19:41:48.474 - com.zaxxer.hikari.HikariDataSource -  INFO  - HikariPool-1 - Start completed.
19 Feb 2025 - 19:41:48.582 - o.h.jpa.internal.util.LogHelper -  INFO  - HHH000204: Processing PersistenceUnitInfo [name: default]
19 Feb 2025 - 19:41:48.632 - org.hibernate.Version -  INFO  - HHH000412: Hibernate ORM core version 6.6.5.Final
19 Feb 2025 - 19:41:48.661 - o.h.c.i.RegionFactoryInitiator -  INFO  - HHH000026: Second-level cache disabled
19 Feb 2025 - 19:41:48.926 - o.s.o.j.p.SpringPersistenceUnitInfo -  INFO  - No LoadTimeWeaver setup: ignoring JPA class transformer
19 Feb 2025 - 19:41:49.007 - o.hibernate.orm.connections.pooling -  INFO  - HHH10001005: Database info:
	Database JDBC URL [Connecting through datasource 'HikariDataSource (HikariPool-1)']
	Database driver: undefined/unknown
	Database version: 17.2
	Autocommit mode: undefined/unknown
	Isolation level: undefined/unknown
	Minimum pool size: undefined/unknown
	Maximum pool size: undefined/unknown
19 Feb 2025 - 19:41:50.167 - o.h.e.t.j.p.i.JtaPlatformInitiator -  INFO  - HHH000489: No JTA platform available (set 'hibernate.transaction.jta.platform' to enable JTA platform integration)
19 Feb 2025 - 19:41:50.907 - o.s.o.j.LocalContainerEntityManagerFactoryBean -  INFO  - Initialized JPA EntityManagerFactory for persistence unit 'default'
19 Feb 2025 - 19:41:51.156 - o.s.d.j.r.query.QueryEnhancerFactory -  INFO  - Hibernate is in classpath; If applicable, HQL parser will be used.
19 Feb 2025 - 19:41:52.570 - o.s.b.a.o.j.JpaBaseConfiguration$JpaWebConfiguration -  WARN  - spring.jpa.open-in-view is enabled by default. Therefore, database queries may be performed during view rendering. Explicitly configure spring.jpa.open-in-view to disable this warning
19 Feb 2025 - 19:41:52.603 - o.s.s.c.a.a.c.InitializeAuthenticationProviderBeanManagerConfigurer$InitializeAuthenticationProviderManagerConfigurer -  INFO  - Global AuthenticationManager configured with AuthenticationProvider bean with name authenticationProvider
19 Feb 2025 - 19:41:52.603 - o.s.s.c.a.a.c.InitializeUserDetailsBeanManagerConfigurer$InitializeUserDetailsManagerConfigurer -  WARN  - Global AuthenticationManager configured with an AuthenticationProvider bean. UserDetailsService beans will not be used by Spring Security for automatically configuring username/password login. Consider removing the AuthenticationProvider bean. Alternatively, consider using the UserDetailsService in a manually instantiated DaoAuthenticationProvider. If the current configuration is intentional, to turn off this warning, increase the logging level of 'org.springframework.security.config.annotation.authentication.configuration.InitializeUserDetailsBeanManagerConfigurer' to ERROR
19 Feb 2025 - 19:41:53.393 - o.s.b.w.e.tomcat.TomcatWebServer -  INFO  - Tomcat started on port 8080 (http) with context path '/'
19 Feb 2025 - 19:41:53.401 - c.example.KunUzPractiseApplication -  INFO  - Started KunUzPractiseApplication in 7.079 seconds (process running for 7.66)
19 Feb 2025 - 19:41:53.452 - o.f.c.i.license.VersionPrinter -  INFO  - Flyway Community Edition 9.22.3 by Redgate
19 Feb 2025 - 19:41:53.452 - o.f.c.i.license.VersionPrinter -  INFO  - See release notes here: https://rd.gt/416ObMi
19 Feb 2025 - 19:41:53.453 - o.f.c.i.license.VersionPrinter -  INFO  - 
19 Feb 2025 - 19:41:53.465 - org.flywaydb.core.FlywayExecutor -  INFO  - Database: jdbc:postgresql://localhost:5432/kun_uz_practise (PostgreSQL 17.2)
19 Feb 2025 - 19:41:53.470 - o.f.c.i.database.base.Database -  WARN  - Flyway upgrade recommended: PostgreSQL 17.2 is newer than this version of Flyway and support has not been tested. The latest supported version of PostgreSQL is 15.
19 Feb 2025 - 19:41:53.495 - o.f.core.internal.command.DbValidate -  INFO  - Successfully validated 4 migrations (execution time 00:00.017s)
19 Feb 2025 - 19:41:53.503 - o.f.core.internal.command.DbMigrate -  INFO  - Current version of schema "public": 1.2
19 Feb 2025 - 19:41:53.505 - o.f.core.internal.command.DbMigrate -  INFO  - Schema "public" is up to date. No migration necessary.
19 Feb 2025 - 19:44:32.628 - o.s.b.w.e.tomcat.GracefulShutdown -  INFO  - Commencing graceful shutdown. Waiting for active requests to complete
19 Feb 2025 - 19:44:32.633 - o.s.b.w.e.tomcat.GracefulShutdown -  INFO  - Graceful shutdown complete
19 Feb 2025 - 19:44:32.640 - o.s.o.j.LocalContainerEntityManagerFactoryBean -  INFO  - Closing JPA EntityManagerFactory for persistence unit 'default'
19 Feb 2025 - 19:44:32.643 - com.zaxxer.hikari.HikariDataSource -  INFO  - HikariPool-1 - Shutdown initiated...
19 Feb 2025 - 19:44:32.646 - com.zaxxer.hikari.HikariDataSource -  INFO  - HikariPool-1 - Shutdown completed.
19 Feb 2025 - 19:44:34.630 - c.example.KunUzPractiseApplication -  INFO  - Starting KunUzPractiseApplication using Java 23.0.1 with PID 12024 (C:\Users\Sanjar\IdeaProjects\kun_uz_practise\target\classes started by Sanjar in C:\Users\Sanjar\IdeaProjects\kun_uz_practise)
19 Feb 2025 - 19:44:34.641 - c.example.KunUzPractiseApplication -  INFO  - The following 1 profile is active: "local"
19 Feb 2025 - 19:44:35.531 - o.s.d.r.c.RepositoryConfigurationDelegate -  INFO  - Bootstrapping Spring Data JPA repositories in DEFAULT mode.
19 Feb 2025 - 19:44:35.612 - o.s.d.r.c.RepositoryConfigurationDelegate -  INFO  - Finished Spring Data repository scanning in 74 ms. Found 14 JPA repository interfaces.
19 Feb 2025 - 19:44:36.151 - o.s.b.w.e.tomcat.TomcatWebServer -  INFO  - Tomcat initialized with port 8080 (http)
19 Feb 2025 - 19:44:36.166 - o.a.catalina.core.StandardService -  INFO  - Starting service [Tomcat]
19 Feb 2025 - 19:44:36.167 - o.a.catalina.core.StandardEngine -  INFO  - Starting Servlet engine: [Apache Tomcat/10.1.34]
19 Feb 2025 - 19:44:36.223 - o.a.c.c.C.[Tomcat].[localhost].[/] -  INFO  - Initializing Spring embedded WebApplicationContext
19 Feb 2025 - 19:44:36.223 - o.s.b.w.s.c.ServletWebServerApplicationContext -  INFO  - Root WebApplicationContext: initialization completed in 1526 ms
19 Feb 2025 - 19:44:36.285 - com.zaxxer.hikari.HikariDataSource -  INFO  - HikariPool-1 - Starting...
19 Feb 2025 - 19:44:36.443 - com.zaxxer.hikari.pool.HikariPool -  INFO  - HikariPool-1 - Added connection org.postgresql.jdbc.PgConnection@2d22d3b1
19 Feb 2025 - 19:44:36.444 - com.zaxxer.hikari.HikariDataSource -  INFO  - HikariPool-1 - Start completed.
19 Feb 2025 - 19:44:36.533 - o.h.jpa.internal.util.LogHelper -  INFO  - HHH000204: Processing PersistenceUnitInfo [name: default]
19 Feb 2025 - 19:44:36.587 - org.hibernate.Version -  INFO  - HHH000412: Hibernate ORM core version 6.6.5.Final
19 Feb 2025 - 19:44:36.620 - o.h.c.i.RegionFactoryInitiator -  INFO  - HHH000026: Second-level cache disabled
19 Feb 2025 - 19:44:36.886 - o.s.o.j.p.SpringPersistenceUnitInfo -  INFO  - No LoadTimeWeaver setup: ignoring JPA class transformer
19 Feb 2025 - 19:44:36.960 - o.hibernate.orm.connections.pooling -  INFO  - HHH10001005: Database info:
	Database JDBC URL [Connecting through datasource 'HikariDataSource (HikariPool-1)']
	Database driver: undefined/unknown
	Database version: 17.2
	Autocommit mode: undefined/unknown
	Isolation level: undefined/unknown
	Minimum pool size: undefined/unknown
	Maximum pool size: undefined/unknown
19 Feb 2025 - 19:44:38.149 - o.h.e.t.j.p.i.JtaPlatformInitiator -  INFO  - HHH000489: No JTA platform available (set 'hibernate.transaction.jta.platform' to enable JTA platform integration)
19 Feb 2025 - 19:44:38.867 - o.s.o.j.LocalContainerEntityManagerFactoryBean -  INFO  - Initialized JPA EntityManagerFactory for persistence unit 'default'
19 Feb 2025 - 19:44:39.111 - o.s.d.j.r.query.QueryEnhancerFactory -  INFO  - Hibernate is in classpath; If applicable, HQL parser will be used.
19 Feb 2025 - 19:44:40.511 - o.s.b.a.o.j.JpaBaseConfiguration$JpaWebConfiguration -  WARN  - spring.jpa.open-in-view is enabled by default. Therefore, database queries may be performed during view rendering. Explicitly configure spring.jpa.open-in-view to disable this warning
19 Feb 2025 - 19:44:40.548 - o.s.s.c.a.a.c.InitializeAuthenticationProviderBeanManagerConfigurer$InitializeAuthenticationProviderManagerConfigurer -  INFO  - Global AuthenticationManager configured with AuthenticationProvider bean with name authenticationProvider
19 Feb 2025 - 19:44:40.549 - o.s.s.c.a.a.c.InitializeUserDetailsBeanManagerConfigurer$InitializeUserDetailsManagerConfigurer -  WARN  - Global AuthenticationManager configured with an AuthenticationProvider bean. UserDetailsService beans will not be used by Spring Security for automatically configuring username/password login. Consider removing the AuthenticationProvider bean. Alternatively, consider using the UserDetailsService in a manually instantiated DaoAuthenticationProvider. If the current configuration is intentional, to turn off this warning, increase the logging level of 'org.springframework.security.config.annotation.authentication.configuration.InitializeUserDetailsBeanManagerConfigurer' to ERROR
19 Feb 2025 - 19:44:41.409 - o.s.b.w.e.tomcat.TomcatWebServer -  INFO  - Tomcat started on port 8080 (http) with context path '/'
19 Feb 2025 - 19:44:41.417 - c.example.KunUzPractiseApplication -  INFO  - Started KunUzPractiseApplication in 7.195 seconds (process running for 7.858)
19 Feb 2025 - 19:44:41.470 - o.f.c.i.license.VersionPrinter -  INFO  - Flyway Community Edition 9.22.3 by Redgate
19 Feb 2025 - 19:44:41.471 - o.f.c.i.license.VersionPrinter -  INFO  - See release notes here: https://rd.gt/416ObMi
19 Feb 2025 - 19:44:41.471 - o.f.c.i.license.VersionPrinter -  INFO  - 
19 Feb 2025 - 19:44:41.485 - org.flywaydb.core.FlywayExecutor -  INFO  - Database: jdbc:postgresql://localhost:5432/kun_uz_practise (PostgreSQL 17.2)
19 Feb 2025 - 19:44:41.493 - o.f.c.i.database.base.Database -  WARN  - Flyway upgrade recommended: PostgreSQL 17.2 is newer than this version of Flyway and support has not been tested. The latest supported version of PostgreSQL is 15.
19 Feb 2025 - 19:44:41.520 - o.f.core.internal.command.DbValidate -  INFO  - Successfully validated 4 migrations (execution time 00:00.017s)
19 Feb 2025 - 19:44:41.532 - o.f.core.internal.command.DbMigrate -  INFO  - Current version of schema "public": 1.2
19 Feb 2025 - 19:44:41.535 - o.f.core.internal.command.DbMigrate -  INFO  - Schema "public" is up to date. No migration necessary.
19 Feb 2025 - 19:44:43.932 - o.a.c.c.C.[Tomcat].[localhost].[/] -  INFO  - Initializing Spring DispatcherServlet 'dispatcherServlet'
19 Feb 2025 - 19:44:43.932 - o.s.web.servlet.DispatcherServlet -  INFO  - Initializing Servlet 'dispatcherServlet'
19 Feb 2025 - 19:44:43.934 - o.s.web.servlet.DispatcherServlet -  INFO  - Completed initialization in 2 ms
19 Feb 2025 - 19:49:21.479 - o.s.b.w.e.tomcat.GracefulShutdown -  INFO  - Commencing graceful shutdown. Waiting for active requests to complete
19 Feb 2025 - 19:49:21.483 - o.s.b.w.e.tomcat.GracefulShutdown -  INFO  - Graceful shutdown complete
19 Feb 2025 - 19:49:21.489 - o.s.o.j.LocalContainerEntityManagerFactoryBean -  INFO  - Closing JPA EntityManagerFactory for persistence unit 'default'
19 Feb 2025 - 19:49:21.491 - com.zaxxer.hikari.HikariDataSource -  INFO  - HikariPool-1 - Shutdown initiated...
19 Feb 2025 - 19:49:21.496 - com.zaxxer.hikari.HikariDataSource -  INFO  - HikariPool-1 - Shutdown completed.
19 Feb 2025 - 19:49:23.633 - c.example.KunUzPractiseApplication -  INFO  - Starting KunUzPractiseApplication using Java 23.0.1 with PID 18320 (C:\Users\Sanjar\IdeaProjects\kun_uz_practise\target\classes started by Sanjar in C:\Users\Sanjar\IdeaProjects\kun_uz_practise)
19 Feb 2025 - 19:49:23.643 - c.example.KunUzPractiseApplication -  INFO  - The following 1 profile is active: "local"
19 Feb 2025 - 19:49:24.451 - o.s.d.r.c.RepositoryConfigurationDelegate -  INFO  - Bootstrapping Spring Data JPA repositories in DEFAULT mode.
19 Feb 2025 - 19:49:24.531 - o.s.d.r.c.RepositoryConfigurationDelegate -  INFO  - Finished Spring Data repository scanning in 73 ms. Found 14 JPA repository interfaces.
19 Feb 2025 - 19:49:25.038 - o.s.b.w.e.tomcat.TomcatWebServer -  INFO  - Tomcat initialized with port 8080 (http)
19 Feb 2025 - 19:49:25.050 - o.a.catalina.core.StandardService -  INFO  - Starting service [Tomcat]
19 Feb 2025 - 19:49:25.051 - o.a.catalina.core.StandardEngine -  INFO  - Starting Servlet engine: [Apache Tomcat/10.1.34]
19 Feb 2025 - 19:49:25.101 - o.a.c.c.C.[Tomcat].[localhost].[/] -  INFO  - Initializing Spring embedded WebApplicationContext
19 Feb 2025 - 19:49:25.101 - o.s.b.w.s.c.ServletWebServerApplicationContext -  INFO  - Root WebApplicationContext: initialization completed in 1409 ms
19 Feb 2025 - 19:49:25.155 - com.zaxxer.hikari.HikariDataSource -  INFO  - HikariPool-1 - Starting...
19 Feb 2025 - 19:49:25.418 - com.zaxxer.hikari.pool.HikariPool -  INFO  - HikariPool-1 - Added connection org.postgresql.jdbc.PgConnection@72af90e8
19 Feb 2025 - 19:49:25.420 - com.zaxxer.hikari.HikariDataSource -  INFO  - HikariPool-1 - Start completed.
19 Feb 2025 - 19:49:25.499 - o.h.jpa.internal.util.LogHelper -  INFO  - HHH000204: Processing PersistenceUnitInfo [name: default]
19 Feb 2025 - 19:49:25.549 - org.hibernate.Version -  INFO  - HHH000412: Hibernate ORM core version 6.6.5.Final
19 Feb 2025 - 19:49:25.578 - o.h.c.i.RegionFactoryInitiator -  INFO  - HHH000026: Second-level cache disabled
19 Feb 2025 - 19:49:25.829 - o.s.o.j.p.SpringPersistenceUnitInfo -  INFO  - No LoadTimeWeaver setup: ignoring JPA class transformer
19 Feb 2025 - 19:49:25.906 - o.hibernate.orm.connections.pooling -  INFO  - HHH10001005: Database info:
	Database JDBC URL [Connecting through datasource 'HikariDataSource (HikariPool-1)']
	Database driver: undefined/unknown
	Database version: 17.2
	Autocommit mode: undefined/unknown
	Isolation level: undefined/unknown
	Minimum pool size: undefined/unknown
	Maximum pool size: undefined/unknown
19 Feb 2025 - 19:49:27.056 - o.h.e.t.j.p.i.JtaPlatformInitiator -  INFO  - HHH000489: No JTA platform available (set 'hibernate.transaction.jta.platform' to enable JTA platform integration)
19 Feb 2025 - 19:49:27.713 - o.s.o.j.LocalContainerEntityManagerFactoryBean -  INFO  - Initialized JPA EntityManagerFactory for persistence unit 'default'
19 Feb 2025 - 19:49:27.949 - o.s.d.j.r.query.QueryEnhancerFactory -  INFO  - Hibernate is in classpath; If applicable, HQL parser will be used.
19 Feb 2025 - 19:49:29.310 - o.s.b.a.o.j.JpaBaseConfiguration$JpaWebConfiguration -  WARN  - spring.jpa.open-in-view is enabled by default. Therefore, database queries may be performed during view rendering. Explicitly configure spring.jpa.open-in-view to disable this warning
19 Feb 2025 - 19:49:29.341 - o.s.s.c.a.a.c.InitializeAuthenticationProviderBeanManagerConfigurer$InitializeAuthenticationProviderManagerConfigurer -  INFO  - Global AuthenticationManager configured with AuthenticationProvider bean with name authenticationProvider
19 Feb 2025 - 19:49:29.341 - o.s.s.c.a.a.c.InitializeUserDetailsBeanManagerConfigurer$InitializeUserDetailsManagerConfigurer -  WARN  - Global AuthenticationManager configured with an AuthenticationProvider bean. UserDetailsService beans will not be used by Spring Security for automatically configuring username/password login. Consider removing the AuthenticationProvider bean. Alternatively, consider using the UserDetailsService in a manually instantiated DaoAuthenticationProvider. If the current configuration is intentional, to turn off this warning, increase the logging level of 'org.springframework.security.config.annotation.authentication.configuration.InitializeUserDetailsBeanManagerConfigurer' to ERROR
19 Feb 2025 - 19:49:30.096 - o.s.b.w.e.tomcat.TomcatWebServer -  INFO  - Tomcat started on port 8080 (http) with context path '/'
19 Feb 2025 - 19:49:30.104 - c.example.KunUzPractiseApplication -  INFO  - Started KunUzPractiseApplication in 6.892 seconds (process running for 7.485)
19 Feb 2025 - 19:49:30.150 - o.f.c.i.license.VersionPrinter -  INFO  - Flyway Community Edition 9.22.3 by Redgate
19 Feb 2025 - 19:49:30.150 - o.f.c.i.license.VersionPrinter -  INFO  - See release notes here: https://rd.gt/416ObMi
19 Feb 2025 - 19:49:30.150 - o.f.c.i.license.VersionPrinter -  INFO  - 
19 Feb 2025 - 19:49:30.161 - org.flywaydb.core.FlywayExecutor -  INFO  - Database: jdbc:postgresql://localhost:5432/kun_uz_practise (PostgreSQL 17.2)
19 Feb 2025 - 19:49:30.165 - o.f.c.i.database.base.Database -  WARN  - Flyway upgrade recommended: PostgreSQL 17.2 is newer than this version of Flyway and support has not been tested. The latest supported version of PostgreSQL is 15.
19 Feb 2025 - 19:49:30.188 - o.f.core.internal.command.DbValidate -  INFO  - Successfully validated 4 migrations (execution time 00:00.016s)
19 Feb 2025 - 19:49:30.196 - o.f.core.internal.command.DbMigrate -  INFO  - Current version of schema "public": 1.2
19 Feb 2025 - 19:49:30.198 - o.f.core.internal.command.DbMigrate -  INFO  - Schema "public" is up to date. No migration necessary.
19 Feb 2025 - 19:49:35.694 - o.a.c.c.C.[Tomcat].[localhost].[/] -  INFO  - Initializing Spring DispatcherServlet 'dispatcherServlet'
19 Feb 2025 - 19:49:35.694 - o.s.web.servlet.DispatcherServlet -  INFO  - Initializing Servlet 'dispatcherServlet'
19 Feb 2025 - 19:49:35.696 - o.s.web.servlet.DispatcherServlet -  INFO  - Completed initialization in 2 ms
19 Feb 2025 - 19:49:53.259 - o.s.b.w.e.tomcat.GracefulShutdown -  INFO  - Commencing graceful shutdown. Waiting for active requests to complete
19 Feb 2025 - 19:49:53.264 - o.s.b.w.e.tomcat.GracefulShutdown -  INFO  - Graceful shutdown complete
19 Feb 2025 - 19:49:53.271 - o.s.o.j.LocalContainerEntityManagerFactoryBean -  INFO  - Closing JPA EntityManagerFactory for persistence unit 'default'
19 Feb 2025 - 19:49:53.273 - com.zaxxer.hikari.HikariDataSource -  INFO  - HikariPool-1 - Shutdown initiated...
19 Feb 2025 - 19:49:53.276 - com.zaxxer.hikari.HikariDataSource -  INFO  - HikariPool-1 - Shutdown completed.
19 Feb 2025 - 19:49:55.275 - c.example.KunUzPractiseApplication -  INFO  - Starting KunUzPractiseApplication using Java 23.0.1 with PID 14076 (C:\Users\Sanjar\IdeaProjects\kun_uz_practise\target\classes started by Sanjar in C:\Users\Sanjar\IdeaProjects\kun_uz_practise)
19 Feb 2025 - 19:49:55.284 - c.example.KunUzPractiseApplication -  INFO  - The following 1 profile is active: "local"
19 Feb 2025 - 19:49:56.097 - o.s.d.r.c.RepositoryConfigurationDelegate -  INFO  - Bootstrapping Spring Data JPA repositories in DEFAULT mode.
19 Feb 2025 - 19:49:56.178 - o.s.d.r.c.RepositoryConfigurationDelegate -  INFO  - Finished Spring Data repository scanning in 74 ms. Found 14 JPA repository interfaces.
19 Feb 2025 - 19:49:56.684 - o.s.b.w.e.tomcat.TomcatWebServer -  INFO  - Tomcat initialized with port 8080 (http)
19 Feb 2025 - 19:49:56.696 - o.a.catalina.core.StandardService -  INFO  - Starting service [Tomcat]
19 Feb 2025 - 19:49:56.696 - o.a.catalina.core.StandardEngine -  INFO  - Starting Servlet engine: [Apache Tomcat/10.1.34]
19 Feb 2025 - 19:49:56.742 - o.a.c.c.C.[Tomcat].[localhost].[/] -  INFO  - Initializing Spring embedded WebApplicationContext
19 Feb 2025 - 19:49:56.743 - o.s.b.w.s.c.ServletWebServerApplicationContext -  INFO  - Root WebApplicationContext: initialization completed in 1411 ms
19 Feb 2025 - 19:49:56.804 - com.zaxxer.hikari.HikariDataSource -  INFO  - HikariPool-1 - Starting...
19 Feb 2025 - 19:49:56.959 - com.zaxxer.hikari.pool.HikariPool -  INFO  - HikariPool-1 - Added connection org.postgresql.jdbc.PgConnection@700b9e6b
19 Feb 2025 - 19:49:56.960 - com.zaxxer.hikari.HikariDataSource -  INFO  - HikariPool-1 - Start completed.
19 Feb 2025 - 19:49:57.041 - o.h.jpa.internal.util.LogHelper -  INFO  - HHH000204: Processing PersistenceUnitInfo [name: default]
19 Feb 2025 - 19:49:57.086 - org.hibernate.Version -  INFO  - HHH000412: Hibernate ORM core version 6.6.5.Final
19 Feb 2025 - 19:49:57.115 - o.h.c.i.RegionFactoryInitiator -  INFO  - HHH000026: Second-level cache disabled
19 Feb 2025 - 19:49:57.350 - o.s.o.j.p.SpringPersistenceUnitInfo -  INFO  - No LoadTimeWeaver setup: ignoring JPA class transformer
19 Feb 2025 - 19:49:57.427 - o.hibernate.orm.connections.pooling -  INFO  - HHH10001005: Database info:
	Database JDBC URL [Connecting through datasource 'HikariDataSource (HikariPool-1)']
	Database driver: undefined/unknown
	Database version: 17.2
	Autocommit mode: undefined/unknown
	Isolation level: undefined/unknown
	Minimum pool size: undefined/unknown
	Maximum pool size: undefined/unknown
19 Feb 2025 - 19:49:58.561 - o.h.e.t.j.p.i.JtaPlatformInitiator -  INFO  - HHH000489: No JTA platform available (set 'hibernate.transaction.jta.platform' to enable JTA platform integration)
19 Feb 2025 - 19:49:59.219 - o.s.o.j.LocalContainerEntityManagerFactoryBean -  INFO  - Initialized JPA EntityManagerFactory for persistence unit 'default'
19 Feb 2025 - 19:49:59.457 - o.s.d.j.r.query.QueryEnhancerFactory -  INFO  - Hibernate is in classpath; If applicable, HQL parser will be used.
19 Feb 2025 - 19:50:00.831 - o.s.b.a.o.j.JpaBaseConfiguration$JpaWebConfiguration -  WARN  - spring.jpa.open-in-view is enabled by default. Therefore, database queries may be performed during view rendering. Explicitly configure spring.jpa.open-in-view to disable this warning
19 Feb 2025 - 19:50:00.865 - o.s.s.c.a.a.c.InitializeAuthenticationProviderBeanManagerConfigurer$InitializeAuthenticationProviderManagerConfigurer -  INFO  - Global AuthenticationManager configured with AuthenticationProvider bean with name authenticationProvider
19 Feb 2025 - 19:50:00.866 - o.s.s.c.a.a.c.InitializeUserDetailsBeanManagerConfigurer$InitializeUserDetailsManagerConfigurer -  WARN  - Global AuthenticationManager configured with an AuthenticationProvider bean. UserDetailsService beans will not be used by Spring Security for automatically configuring username/password login. Consider removing the AuthenticationProvider bean. Alternatively, consider using the UserDetailsService in a manually instantiated DaoAuthenticationProvider. If the current configuration is intentional, to turn off this warning, increase the logging level of 'org.springframework.security.config.annotation.authentication.configuration.InitializeUserDetailsBeanManagerConfigurer' to ERROR
19 Feb 2025 - 19:50:01.611 - o.s.b.w.e.tomcat.TomcatWebServer -  INFO  - Tomcat started on port 8080 (http) with context path '/'
19 Feb 2025 - 19:50:01.618 - c.example.KunUzPractiseApplication -  INFO  - Started KunUzPractiseApplication in 6.768 seconds (process running for 7.352)
19 Feb 2025 - 19:50:01.664 - o.f.c.i.license.VersionPrinter -  INFO  - Flyway Community Edition 9.22.3 by Redgate
19 Feb 2025 - 19:50:01.664 - o.f.c.i.license.VersionPrinter -  INFO  - See release notes here: https://rd.gt/416ObMi
19 Feb 2025 - 19:50:01.665 - o.f.c.i.license.VersionPrinter -  INFO  - 
19 Feb 2025 - 19:50:01.676 - org.flywaydb.core.FlywayExecutor -  INFO  - Database: jdbc:postgresql://localhost:5432/kun_uz_practise (PostgreSQL 17.2)
19 Feb 2025 - 19:50:01.680 - o.f.c.i.database.base.Database -  WARN  - Flyway upgrade recommended: PostgreSQL 17.2 is newer than this version of Flyway and support has not been tested. The latest supported version of PostgreSQL is 15.
19 Feb 2025 - 19:50:01.702 - o.f.core.internal.command.DbValidate -  INFO  - Successfully validated 4 migrations (execution time 00:00.015s)
19 Feb 2025 - 19:50:01.711 - o.f.core.internal.command.DbMigrate -  INFO  - Current version of schema "public": 1.2
19 Feb 2025 - 19:50:01.713 - o.f.core.internal.command.DbMigrate -  INFO  - Schema "public" is up to date. No migration necessary.
19 Feb 2025 - 19:50:06.570 - o.a.c.c.C.[Tomcat].[localhost].[/] -  INFO  - Initializing Spring DispatcherServlet 'dispatcherServlet'
19 Feb 2025 - 19:50:06.570 - o.s.web.servlet.DispatcherServlet -  INFO  - Initializing Servlet 'dispatcherServlet'
19 Feb 2025 - 19:50:06.572 - o.s.web.servlet.DispatcherServlet -  INFO  - Completed initialization in 2 ms
19 Feb 2025 - 19:52:03.818 - o.s.b.w.e.tomcat.GracefulShutdown -  INFO  - Commencing graceful shutdown. Waiting for active requests to complete
19 Feb 2025 - 19:52:03.823 - o.s.b.w.e.tomcat.GracefulShutdown -  INFO  - Graceful shutdown complete
19 Feb 2025 - 19:52:03.831 - o.s.o.j.LocalContainerEntityManagerFactoryBean -  INFO  - Closing JPA EntityManagerFactory for persistence unit 'default'
19 Feb 2025 - 19:52:03.833 - com.zaxxer.hikari.HikariDataSource -  INFO  - HikariPool-1 - Shutdown initiated...
19 Feb 2025 - 19:52:03.839 - com.zaxxer.hikari.HikariDataSource -  INFO  - HikariPool-1 - Shutdown completed.
19 Feb 2025 - 19:52:26.852 - c.example.KunUzPractiseApplication -  INFO  - Starting KunUzPractiseApplication using Java 23.0.1 with PID 17552 (C:\Users\Sanjar\IdeaProjects\kun_uz_practise\target\classes started by Sanjar in C:\Users\Sanjar\IdeaProjects\kun_uz_practise)
19 Feb 2025 - 19:52:26.862 - c.example.KunUzPractiseApplication -  INFO  - The following 1 profile is active: "local"
19 Feb 2025 - 19:52:27.550 - o.s.d.r.c.RepositoryConfigurationDelegate -  INFO  - Bootstrapping Spring Data JPA repositories in DEFAULT mode.
19 Feb 2025 - 19:52:27.654 - o.s.d.r.c.RepositoryConfigurationDelegate -  INFO  - Finished Spring Data repository scanning in 90 ms. Found 14 JPA repository interfaces.
19 Feb 2025 - 19:52:28.206 - o.s.b.w.e.tomcat.TomcatWebServer -  INFO  - Tomcat initialized with port 8080 (http)
19 Feb 2025 - 19:52:28.217 - o.a.catalina.core.StandardService -  INFO  - Starting service [Tomcat]
19 Feb 2025 - 19:52:28.218 - o.a.catalina.core.StandardEngine -  INFO  - Starting Servlet engine: [Apache Tomcat/10.1.34]
19 Feb 2025 - 19:52:28.269 - o.a.c.c.C.[Tomcat].[localhost].[/] -  INFO  - Initializing Spring embedded WebApplicationContext
19 Feb 2025 - 19:52:28.269 - o.s.b.w.s.c.ServletWebServerApplicationContext -  INFO  - Root WebApplicationContext: initialization completed in 1354 ms
19 Feb 2025 - 19:52:28.321 - com.zaxxer.hikari.HikariDataSource -  INFO  - HikariPool-1 - Starting...
19 Feb 2025 - 19:52:28.570 - com.zaxxer.hikari.pool.HikariPool -  INFO  - HikariPool-1 - Added connection org.postgresql.jdbc.PgConnection@42c0a16e
19 Feb 2025 - 19:52:28.573 - com.zaxxer.hikari.HikariDataSource -  INFO  - HikariPool-1 - Start completed.
19 Feb 2025 - 19:52:28.650 - o.h.jpa.internal.util.LogHelper -  INFO  - HHH000204: Processing PersistenceUnitInfo [name: default]
19 Feb 2025 - 19:52:28.695 - org.hibernate.Version -  INFO  - HHH000412: Hibernate ORM core version 6.6.5.Final
19 Feb 2025 - 19:52:28.723 - o.h.c.i.RegionFactoryInitiator -  INFO  - HHH000026: Second-level cache disabled
19 Feb 2025 - 19:52:28.969 - o.s.o.j.p.SpringPersistenceUnitInfo -  INFO  - No LoadTimeWeaver setup: ignoring JPA class transformer
19 Feb 2025 - 19:52:29.046 - o.hibernate.orm.connections.pooling -  INFO  - HHH10001005: Database info:
	Database JDBC URL [Connecting through datasource 'HikariDataSource (HikariPool-1)']
	Database driver: undefined/unknown
	Database version: 17.2
	Autocommit mode: undefined/unknown
	Isolation level: undefined/unknown
	Minimum pool size: undefined/unknown
	Maximum pool size: undefined/unknown
19 Feb 2025 - 19:52:30.152 - o.h.e.t.j.p.i.JtaPlatformInitiator -  INFO  - HHH000489: No JTA platform available (set 'hibernate.transaction.jta.platform' to enable JTA platform integration)
19 Feb 2025 - 19:52:30.831 - o.s.o.j.LocalContainerEntityManagerFactoryBean -  INFO  - Initialized JPA EntityManagerFactory for persistence unit 'default'
19 Feb 2025 - 19:52:31.094 - o.s.d.j.r.query.QueryEnhancerFactory -  INFO  - Hibernate is in classpath; If applicable, HQL parser will be used.
19 Feb 2025 - 19:52:32.449 - o.s.b.a.o.j.JpaBaseConfiguration$JpaWebConfiguration -  WARN  - spring.jpa.open-in-view is enabled by default. Therefore, database queries may be performed during view rendering. Explicitly configure spring.jpa.open-in-view to disable this warning
19 Feb 2025 - 19:52:32.479 - o.s.s.c.a.a.c.InitializeAuthenticationProviderBeanManagerConfigurer$InitializeAuthenticationProviderManagerConfigurer -  INFO  - Global AuthenticationManager configured with AuthenticationProvider bean with name authenticationProvider
19 Feb 2025 - 19:52:32.479 - o.s.s.c.a.a.c.InitializeUserDetailsBeanManagerConfigurer$InitializeUserDetailsManagerConfigurer -  WARN  - Global AuthenticationManager configured with an AuthenticationProvider bean. UserDetailsService beans will not be used by Spring Security for automatically configuring username/password login. Consider removing the AuthenticationProvider bean. Alternatively, consider using the UserDetailsService in a manually instantiated DaoAuthenticationProvider. If the current configuration is intentional, to turn off this warning, increase the logging level of 'org.springframework.security.config.annotation.authentication.configuration.InitializeUserDetailsBeanManagerConfigurer' to ERROR
19 Feb 2025 - 19:52:33.113 - o.s.b.w.e.tomcat.TomcatWebServer -  INFO  - Tomcat started on port 8080 (http) with context path '/'
19 Feb 2025 - 19:52:33.120 - c.example.KunUzPractiseApplication -  INFO  - Started KunUzPractiseApplication in 6.684 seconds (process running for 7.27)
19 Feb 2025 - 19:52:33.168 - o.f.c.i.license.VersionPrinter -  INFO  - Flyway Community Edition 9.22.3 by Redgate
19 Feb 2025 - 19:52:33.168 - o.f.c.i.license.VersionPrinter -  INFO  - See release notes here: https://rd.gt/416ObMi
19 Feb 2025 - 19:52:33.169 - o.f.c.i.license.VersionPrinter -  INFO  - 
19 Feb 2025 - 19:52:33.182 - org.flywaydb.core.FlywayExecutor -  INFO  - Database: jdbc:postgresql://localhost:5432/kun_uz_practise (PostgreSQL 17.2)
19 Feb 2025 - 19:52:33.187 - o.f.c.i.database.base.Database -  WARN  - Flyway upgrade recommended: PostgreSQL 17.2 is newer than this version of Flyway and support has not been tested. The latest supported version of PostgreSQL is 15.
19 Feb 2025 - 19:52:33.210 - o.f.core.internal.command.DbValidate -  INFO  - Successfully validated 4 migrations (execution time 00:00.016s)
19 Feb 2025 - 19:52:33.218 - o.f.core.internal.command.DbMigrate -  INFO  - Current version of schema "public": 1.2
19 Feb 2025 - 19:52:33.220 - o.f.core.internal.command.DbMigrate -  INFO  - Schema "public" is up to date. No migration necessary.
19 Feb 2025 - 19:52:39.795 - o.a.c.c.C.[Tomcat].[localhost].[/] -  INFO  - Initializing Spring DispatcherServlet 'dispatcherServlet'
19 Feb 2025 - 19:52:39.796 - o.s.web.servlet.DispatcherServlet -  INFO  - Initializing Servlet 'dispatcherServlet'
19 Feb 2025 - 19:52:39.797 - o.s.web.servlet.DispatcherServlet -  INFO  - Completed initialization in 1 ms
19 Feb 2025 - 19:53:04.743 - o.s.b.w.e.tomcat.GracefulShutdown -  INFO  - Commencing graceful shutdown. Waiting for active requests to complete
19 Feb 2025 - 19:53:04.748 - o.s.b.w.e.tomcat.GracefulShutdown -  INFO  - Graceful shutdown complete
19 Feb 2025 - 19:53:04.754 - o.s.o.j.LocalContainerEntityManagerFactoryBean -  INFO  - Closing JPA EntityManagerFactory for persistence unit 'default'
19 Feb 2025 - 19:53:04.756 - com.zaxxer.hikari.HikariDataSource -  INFO  - HikariPool-1 - Shutdown initiated...
19 Feb 2025 - 19:53:04.759 - com.zaxxer.hikari.HikariDataSource -  INFO  - HikariPool-1 - Shutdown completed.
19 Feb 2025 - 19:53:12.885 - c.example.KunUzPractiseApplication -  INFO  - Starting KunUzPractiseApplication using Java 23.0.1 with PID 16092 (C:\Users\Sanjar\IdeaProjects\kun_uz_practise\target\classes started by Sanjar in C:\Users\Sanjar\IdeaProjects\kun_uz_practise)
19 Feb 2025 - 19:53:12.894 - c.example.KunUzPractiseApplication -  INFO  - The following 1 profile is active: "local"
19 Feb 2025 - 19:53:13.635 - o.s.d.r.c.RepositoryConfigurationDelegate -  INFO  - Bootstrapping Spring Data JPA repositories in DEFAULT mode.
19 Feb 2025 - 19:53:13.718 - o.s.d.r.c.RepositoryConfigurationDelegate -  INFO  - Finished Spring Data repository scanning in 75 ms. Found 14 JPA repository interfaces.
19 Feb 2025 - 19:53:14.266 - o.s.b.w.e.tomcat.TomcatWebServer -  INFO  - Tomcat initialized with port 8080 (http)
19 Feb 2025 - 19:53:14.276 - o.a.catalina.core.StandardService -  INFO  - Starting service [Tomcat]
19 Feb 2025 - 19:53:14.277 - o.a.catalina.core.StandardEngine -  INFO  - Starting Servlet engine: [Apache Tomcat/10.1.34]
19 Feb 2025 - 19:53:14.323 - o.a.c.c.C.[Tomcat].[localhost].[/] -  INFO  - Initializing Spring embedded WebApplicationContext
19 Feb 2025 - 19:53:14.324 - o.s.b.w.s.c.ServletWebServerApplicationContext -  INFO  - Root WebApplicationContext: initialization completed in 1381 ms
19 Feb 2025 - 19:53:14.378 - com.zaxxer.hikari.HikariDataSource -  INFO  - HikariPool-1 - Starting...
19 Feb 2025 - 19:53:14.638 - com.zaxxer.hikari.pool.HikariPool -  INFO  - HikariPool-1 - Added connection org.postgresql.jdbc.PgConnection@3313d477
19 Feb 2025 - 19:53:14.640 - com.zaxxer.hikari.HikariDataSource -  INFO  - HikariPool-1 - Start completed.
19 Feb 2025 - 19:53:14.716 - o.h.jpa.internal.util.LogHelper -  INFO  - HHH000204: Processing PersistenceUnitInfo [name: default]
19 Feb 2025 - 19:53:14.763 - org.hibernate.Version -  INFO  - HHH000412: Hibernate ORM core version 6.6.5.Final
19 Feb 2025 - 19:53:14.793 - o.h.c.i.RegionFactoryInitiator -  INFO  - HHH000026: Second-level cache disabled
19 Feb 2025 - 19:53:15.031 - o.s.o.j.p.SpringPersistenceUnitInfo -  INFO  - No LoadTimeWeaver setup: ignoring JPA class transformer
19 Feb 2025 - 19:53:15.111 - o.hibernate.orm.connections.pooling -  INFO  - HHH10001005: Database info:
	Database JDBC URL [Connecting through datasource 'HikariDataSource (HikariPool-1)']
	Database driver: undefined/unknown
	Database version: 17.2
	Autocommit mode: undefined/unknown
	Isolation level: undefined/unknown
	Minimum pool size: undefined/unknown
	Maximum pool size: undefined/unknown
19 Feb 2025 - 19:53:16.221 - o.h.e.t.j.p.i.JtaPlatformInitiator -  INFO  - HHH000489: No JTA platform available (set 'hibernate.transaction.jta.platform' to enable JTA platform integration)
19 Feb 2025 - 19:53:16.930 - o.s.o.j.LocalContainerEntityManagerFactoryBean -  INFO  - Initialized JPA EntityManagerFactory for persistence unit 'default'
19 Feb 2025 - 19:53:17.224 - o.s.d.j.r.query.QueryEnhancerFactory -  INFO  - Hibernate is in classpath; If applicable, HQL parser will be used.
19 Feb 2025 - 19:53:18.662 - o.s.b.a.o.j.JpaBaseConfiguration$JpaWebConfiguration -  WARN  - spring.jpa.open-in-view is enabled by default. Therefore, database queries may be performed during view rendering. Explicitly configure spring.jpa.open-in-view to disable this warning
19 Feb 2025 - 19:53:18.693 - o.s.s.c.a.a.c.InitializeAuthenticationProviderBeanManagerConfigurer$InitializeAuthenticationProviderManagerConfigurer -  INFO  - Global AuthenticationManager configured with AuthenticationProvider bean with name authenticationProvider
19 Feb 2025 - 19:53:18.694 - o.s.s.c.a.a.c.InitializeUserDetailsBeanManagerConfigurer$InitializeUserDetailsManagerConfigurer -  WARN  - Global AuthenticationManager configured with an AuthenticationProvider bean. UserDetailsService beans will not be used by Spring Security for automatically configuring username/password login. Consider removing the AuthenticationProvider bean. Alternatively, consider using the UserDetailsService in a manually instantiated DaoAuthenticationProvider. If the current configuration is intentional, to turn off this warning, increase the logging level of 'org.springframework.security.config.annotation.authentication.configuration.InitializeUserDetailsBeanManagerConfigurer' to ERROR
19 Feb 2025 - 19:53:19.325 - o.s.b.w.e.tomcat.TomcatWebServer -  INFO  - Tomcat started on port 8080 (http) with context path '/'
19 Feb 2025 - 19:53:19.333 - c.example.KunUzPractiseApplication -  INFO  - Started KunUzPractiseApplication in 6.86 seconds (process running for 7.485)
19 Feb 2025 - 19:53:19.380 - o.f.c.i.license.VersionPrinter -  INFO  - Flyway Community Edition 9.22.3 by Redgate
19 Feb 2025 - 19:53:19.380 - o.f.c.i.license.VersionPrinter -  INFO  - See release notes here: https://rd.gt/416ObMi
19 Feb 2025 - 19:53:19.380 - o.f.c.i.license.VersionPrinter -  INFO  - 
19 Feb 2025 - 19:53:19.391 - org.flywaydb.core.FlywayExecutor -  INFO  - Database: jdbc:postgresql://localhost:5432/kun_uz_practise (PostgreSQL 17.2)
19 Feb 2025 - 19:53:19.397 - o.f.c.i.database.base.Database -  WARN  - Flyway upgrade recommended: PostgreSQL 17.2 is newer than this version of Flyway and support has not been tested. The latest supported version of PostgreSQL is 15.
19 Feb 2025 - 19:53:19.420 - o.f.core.internal.command.DbValidate -  INFO  - Successfully validated 4 migrations (execution time 00:00.016s)
19 Feb 2025 - 19:53:19.428 - o.f.core.internal.command.DbMigrate -  INFO  - Current version of schema "public": 1.2
19 Feb 2025 - 19:53:19.431 - o.f.core.internal.command.DbMigrate -  INFO  - Schema "public" is up to date. No migration necessary.
19 Feb 2025 - 19:53:25.823 - o.a.c.c.C.[Tomcat].[localhost].[/] -  INFO  - Initializing Spring DispatcherServlet 'dispatcherServlet'
19 Feb 2025 - 19:53:25.823 - o.s.web.servlet.DispatcherServlet -  INFO  - Initializing Servlet 'dispatcherServlet'
19 Feb 2025 - 19:53:25.825 - o.s.web.servlet.DispatcherServlet -  INFO  - Completed initialization in 1 ms
19 Feb 2025 - 19:54:00.051 - o.s.b.w.e.tomcat.GracefulShutdown -  INFO  - Commencing graceful shutdown. Waiting for active requests to complete
19 Feb 2025 - 19:54:00.056 - o.s.b.w.e.tomcat.GracefulShutdown -  INFO  - Graceful shutdown complete
19 Feb 2025 - 19:54:00.069 - o.s.o.j.LocalContainerEntityManagerFactoryBean -  INFO  - Closing JPA EntityManagerFactory for persistence unit 'default'
19 Feb 2025 - 19:54:00.071 - com.zaxxer.hikari.HikariDataSource -  INFO  - HikariPool-1 - Shutdown initiated...
19 Feb 2025 - 19:54:00.077 - com.zaxxer.hikari.HikariDataSource -  INFO  - HikariPool-1 - Shutdown completed.
19 Feb 2025 - 19:54:11.178 - c.example.KunUzPractiseApplication -  INFO  - Starting KunUzPractiseApplication using Java 23.0.1 with PID 18596 (C:\Users\Sanjar\IdeaProjects\kun_uz_practise\target\classes started by Sanjar in C:\Users\Sanjar\IdeaProjects\kun_uz_practise)
19 Feb 2025 - 19:54:11.191 - c.example.KunUzPractiseApplication -  INFO  - The following 1 profile is active: "local"
19 Feb 2025 - 19:54:12.206 - o.s.d.r.c.RepositoryConfigurationDelegate -  INFO  - Bootstrapping Spring Data JPA repositories in DEFAULT mode.
19 Feb 2025 - 19:54:12.294 - o.s.d.r.c.RepositoryConfigurationDelegate -  INFO  - Finished Spring Data repository scanning in 78 ms. Found 14 JPA repository interfaces.
19 Feb 2025 - 19:54:12.813 - o.s.b.w.e.tomcat.TomcatWebServer -  INFO  - Tomcat initialized with port 8080 (http)
19 Feb 2025 - 19:54:12.829 - o.a.catalina.core.StandardService -  INFO  - Starting service [Tomcat]
19 Feb 2025 - 19:54:12.829 - o.a.catalina.core.StandardEngine -  INFO  - Starting Servlet engine: [Apache Tomcat/10.1.34]
19 Feb 2025 - 19:54:12.882 - o.a.c.c.C.[Tomcat].[localhost].[/] -  INFO  - Initializing Spring embedded WebApplicationContext
19 Feb 2025 - 19:54:12.883 - o.s.b.w.s.c.ServletWebServerApplicationContext -  INFO  - Root WebApplicationContext: initialization completed in 1623 ms
19 Feb 2025 - 19:54:12.955 - com.zaxxer.hikari.HikariDataSource -  INFO  - HikariPool-1 - Starting...
19 Feb 2025 - 19:54:13.132 - com.zaxxer.hikari.pool.HikariPool -  INFO  - HikariPool-1 - Added connection org.postgresql.jdbc.PgConnection@1be52861
19 Feb 2025 - 19:54:13.133 - com.zaxxer.hikari.HikariDataSource -  INFO  - HikariPool-1 - Start completed.
19 Feb 2025 - 19:54:13.211 - o.h.jpa.internal.util.LogHelper -  INFO  - HHH000204: Processing PersistenceUnitInfo [name: default]
19 Feb 2025 - 19:54:13.258 - org.hibernate.Version -  INFO  - HHH000412: Hibernate ORM core version 6.6.5.Final
19 Feb 2025 - 19:54:13.287 - o.h.c.i.RegionFactoryInitiator -  INFO  - HHH000026: Second-level cache disabled
19 Feb 2025 - 19:54:13.532 - o.s.o.j.p.SpringPersistenceUnitInfo -  INFO  - No LoadTimeWeaver setup: ignoring JPA class transformer
19 Feb 2025 - 19:54:13.611 - o.hibernate.orm.connections.pooling -  INFO  - HHH10001005: Database info:
	Database JDBC URL [Connecting through datasource 'HikariDataSource (HikariPool-1)']
	Database driver: undefined/unknown
	Database version: 17.2
	Autocommit mode: undefined/unknown
	Isolation level: undefined/unknown
	Minimum pool size: undefined/unknown
	Maximum pool size: undefined/unknown
19 Feb 2025 - 19:54:14.739 - o.h.e.t.j.p.i.JtaPlatformInitiator -  INFO  - HHH000489: No JTA platform available (set 'hibernate.transaction.jta.platform' to enable JTA platform integration)
19 Feb 2025 - 19:54:15.391 - o.s.o.j.LocalContainerEntityManagerFactoryBean -  INFO  - Initialized JPA EntityManagerFactory for persistence unit 'default'
19 Feb 2025 - 19:54:15.628 - o.s.d.j.r.query.QueryEnhancerFactory -  INFO  - Hibernate is in classpath; If applicable, HQL parser will be used.
19 Feb 2025 - 19:54:17.109 - o.s.b.a.o.j.JpaBaseConfiguration$JpaWebConfiguration -  WARN  - spring.jpa.open-in-view is enabled by default. Therefore, database queries may be performed during view rendering. Explicitly configure spring.jpa.open-in-view to disable this warning
19 Feb 2025 - 19:54:17.146 - o.s.s.c.a.a.c.InitializeAuthenticationProviderBeanManagerConfigurer$InitializeAuthenticationProviderManagerConfigurer -  INFO  - Global AuthenticationManager configured with AuthenticationProvider bean with name authenticationProvider
19 Feb 2025 - 19:54:17.146 - o.s.s.c.a.a.c.InitializeUserDetailsBeanManagerConfigurer$InitializeUserDetailsManagerConfigurer -  WARN  - Global AuthenticationManager configured with an AuthenticationProvider bean. UserDetailsService beans will not be used by Spring Security for automatically configuring username/password login. Consider removing the AuthenticationProvider bean. Alternatively, consider using the UserDetailsService in a manually instantiated DaoAuthenticationProvider. If the current configuration is intentional, to turn off this warning, increase the logging level of 'org.springframework.security.config.annotation.authentication.configuration.InitializeUserDetailsBeanManagerConfigurer' to ERROR
19 Feb 2025 - 19:54:17.851 - o.s.b.w.e.tomcat.TomcatWebServer -  INFO  - Tomcat started on port 8080 (http) with context path '/'
19 Feb 2025 - 19:54:17.860 - c.example.KunUzPractiseApplication -  INFO  - Started KunUzPractiseApplication in 7.22 seconds (process running for 8.064)
19 Feb 2025 - 19:54:17.912 - o.f.c.i.license.VersionPrinter -  INFO  - Flyway Community Edition 9.22.3 by Redgate
19 Feb 2025 - 19:54:17.912 - o.f.c.i.license.VersionPrinter -  INFO  - See release notes here: https://rd.gt/416ObMi
19 Feb 2025 - 19:54:17.912 - o.f.c.i.license.VersionPrinter -  INFO  - 
19 Feb 2025 - 19:54:17.924 - org.flywaydb.core.FlywayExecutor -  INFO  - Database: jdbc:postgresql://localhost:5432/kun_uz_practise (PostgreSQL 17.2)
19 Feb 2025 - 19:54:17.931 - o.f.c.i.database.base.Database -  WARN  - Flyway upgrade recommended: PostgreSQL 17.2 is newer than this version of Flyway and support has not been tested. The latest supported version of PostgreSQL is 15.
19 Feb 2025 - 19:54:17.955 - o.f.core.internal.command.DbValidate -  INFO  - Successfully validated 4 migrations (execution time 00:00.016s)
19 Feb 2025 - 19:54:17.964 - o.f.core.internal.command.DbMigrate -  INFO  - Current version of schema "public": 1.2
19 Feb 2025 - 19:54:17.966 - o.f.core.internal.command.DbMigrate -  INFO  - Schema "public" is up to date. No migration necessary.
19 Feb 2025 - 19:54:27.370 - o.a.c.c.C.[Tomcat].[localhost].[/] -  INFO  - Initializing Spring DispatcherServlet 'dispatcherServlet'
19 Feb 2025 - 19:54:27.370 - o.s.web.servlet.DispatcherServlet -  INFO  - Initializing Servlet 'dispatcherServlet'
19 Feb 2025 - 19:54:27.372 - o.s.web.servlet.DispatcherServlet -  INFO  - Completed initialization in 2 ms
19 Feb 2025 - 19:54:28.067 - o.a.c.c.C.[.[.[.[dispatcherServlet] -  ERROR - Servlet.service() for servlet [dispatcherServlet] in context with path [] threw exception [Handler dispatch failed: java.lang.NoSuchMethodError: 'void org.springframework.web.method.ControllerAdviceBean.<init>(java.lang.Object)'] with root cause
java.lang.NoSuchMethodError: 'void org.springframework.web.method.ControllerAdviceBean.<init>(java.lang.Object)'
	at org.springdoc.core.service.GenericResponseService.lambda$getGenericMapResponse$8(GenericResponseService.java:706)
	at java.base/java.util.stream.ReferencePipeline$2$1.accept(ReferencePipeline.java:196)
	at java.base/java.util.Spliterators$ArraySpliterator.forEachRemaining(Spliterators.java:1024)
	at java.base/java.util.stream.AbstractPipeline.copyInto(AbstractPipeline.java:570)
	at java.base/java.util.stream.AbstractPipeline.wrapAndCopyInto(AbstractPipeline.java:560)
	at java.base/java.util.stream.AbstractPipeline.evaluate(AbstractPipeline.java:636)
	at java.base/java.util.stream.AbstractPipeline.evaluateToArrayNode(AbstractPipeline.java:291)
	at java.base/java.util.stream.ReferencePipeline.toArray(ReferencePipeline.java:656)
	at java.base/java.util.stream.ReferencePipeline.toArray(ReferencePipeline.java:662)
	at java.base/java.util.stream.ReferencePipeline.toList(ReferencePipeline.java:667)
	at org.springdoc.core.service.GenericResponseService.getGenericMapResponse(GenericResponseService.java:708)
	at org.springdoc.core.service.GenericResponseService.build(GenericResponseService.java:247)
	at org.springdoc.api.AbstractOpenApiResource.calculatePath(AbstractOpenApiResource.java:499)
	at org.springdoc.api.AbstractOpenApiResource.calculatePath(AbstractOpenApiResource.java:676)
	at org.springdoc.webmvc.api.OpenApiResource.lambda$calculatePath$11(OpenApiResource.java:220)
	at java.base/java.util.Optional.ifPresent(Optional.java:178)
	at org.springdoc.webmvc.api.OpenApiResource.calculatePath(OpenApiResource.java:201)
	at org.springdoc.webmvc.api.OpenApiResource.lambda$getPaths$2(OpenApiResource.java:171)
	at java.base/java.util.Optional.ifPresent(Optional.java:178)
	at org.springdoc.webmvc.api.OpenApiResource.getPaths(OpenApiResource.java:150)
	at org.springdoc.api.AbstractOpenApiResource.getOpenApi(AbstractOpenApiResource.java:353)
	at org.springdoc.webmvc.api.OpenApiResource.openapiJson(OpenApiResource.java:125)
	at org.springdoc.webmvc.api.OpenApiWebMvcResource.openapiJson(OpenApiWebMvcResource.java:114)
	at java.base/jdk.internal.reflect.DirectMethodHandleAccessor.invoke(DirectMethodHandleAccessor.java:103)
	at java.base/java.lang.reflect.Method.invoke(Method.java:580)
	at org.springframework.web.method.support.InvocableHandlerMethod.doInvoke(InvocableHandlerMethod.java:257)
	at org.springframework.web.method.support.InvocableHandlerMethod.invokeForRequest(InvocableHandlerMethod.java:190)
	at org.springframework.web.servlet.mvc.method.annotation.ServletInvocableHandlerMethod.invokeAndHandle(ServletInvocableHandlerMethod.java:118)
	at org.springframework.web.servlet.mvc.method.annotation.RequestMappingHandlerAdapter.invokeHandlerMethod(RequestMappingHandlerAdapter.java:986)
	at org.springframework.web.servlet.mvc.method.annotation.RequestMappingHandlerAdapter.handleInternal(RequestMappingHandlerAdapter.java:891)
	at org.springframework.web.servlet.mvc.method.AbstractHandlerMethodAdapter.handle(AbstractHandlerMethodAdapter.java:87)
	at org.springframework.web.servlet.DispatcherServlet.doDispatch(DispatcherServlet.java:1088)
	at org.springframework.web.servlet.DispatcherServlet.doService(DispatcherServlet.java:978)
	at org.springframework.web.servlet.FrameworkServlet.processRequest(FrameworkServlet.java:1014)
	at org.springframework.web.servlet.FrameworkServlet.doGet(FrameworkServlet.java:903)
	at jakarta.servlet.http.HttpServlet.service(HttpServlet.java:564)
	at org.springframework.web.servlet.FrameworkServlet.service(FrameworkServlet.java:885)
	at jakarta.servlet.http.HttpServlet.service(HttpServlet.java:658)
	at org.apache.catalina.core.ApplicationFilterChain.internalDoFilter(ApplicationFilterChain.java:195)
	at org.apache.catalina.core.ApplicationFilterChain.doFilter(ApplicationFilterChain.java:140)
	at org.apache.tomcat.websocket.server.WsFilter.doFilter(WsFilter.java:51)
	at org.apache.catalina.core.ApplicationFilterChain.internalDoFilter(ApplicationFilterChain.java:164)
	at org.apache.catalina.core.ApplicationFilterChain.doFilter(ApplicationFilterChain.java:140)
	at org.springframework.web.filter.OncePerRequestFilter.doFilter(OncePerRequestFilter.java:101)
	at org.apache.catalina.core.ApplicationFilterChain.internalDoFilter(ApplicationFilterChain.java:164)
	at org.apache.catalina.core.ApplicationFilterChain.doFilter(ApplicationFilterChain.java:140)
	at org.springframework.web.filter.CompositeFilter$VirtualFilterChain.doFilter(CompositeFilter.java:108)
	at org.springframework.security.web.FilterChainProxy.lambda$doFilterInternal$3(FilterChainProxy.java:231)
	at org.springframework.security.web.FilterChainProxy$VirtualFilterChain.doFilter(FilterChainProxy.java:365)
	at org.springframework.security.web.access.intercept.AuthorizationFilter.doFilter(AuthorizationFilter.java:101)
	at org.springframework.security.web.FilterChainProxy$VirtualFilterChain.doFilter(FilterChainProxy.java:374)
	at org.springframework.security.web.access.ExceptionTranslationFilter.doFilter(ExceptionTranslationFilter.java:126)
	at org.springframework.security.web.access.ExceptionTranslationFilter.doFilter(ExceptionTranslationFilter.java:120)
	at org.springframework.security.web.FilterChainProxy$VirtualFilterChain.doFilter(FilterChainProxy.java:374)
	at org.springframework.security.web.authentication.AnonymousAuthenticationFilter.doFilter(AnonymousAuthenticationFilter.java:100)
	at org.springframework.security.web.FilterChainProxy$VirtualFilterChain.doFilter(FilterChainProxy.java:374)
	at org.springframework.security.web.servletapi.SecurityContextHolderAwareRequestFilter.doFilter(SecurityContextHolderAwareRequestFilter.java:179)
	at org.springframework.security.web.FilterChainProxy$VirtualFilterChain.doFilter(FilterChainProxy.java:374)
	at org.springframework.security.web.savedrequest.RequestCacheAwareFilter.doFilter(RequestCacheAwareFilter.java:63)
	at org.springframework.security.web.FilterChainProxy$VirtualFilterChain.doFilter(FilterChainProxy.java:374)
	at org.springframework.web.filter.OncePerRequestFilter.doFilter(OncePerRequestFilter.java:101)
	at org.springframework.security.web.FilterChainProxy$VirtualFilterChain.doFilter(FilterChainProxy.java:374)
	at org.springframework.security.web.authentication.logout.LogoutFilter.doFilter(LogoutFilter.java:107)
	at org.springframework.security.web.authentication.logout.LogoutFilter.doFilter(LogoutFilter.java:93)
	at org.springframework.security.web.FilterChainProxy$VirtualFilterChain.doFilter(FilterChainProxy.java:374)
	at org.springframework.security.web.header.HeaderWriterFilter.doHeadersAfter(HeaderWriterFilter.java:90)
	at org.springframework.security.web.header.HeaderWriterFilter.doFilterInternal(HeaderWriterFilter.java:75)
	at org.springframework.web.filter.OncePerRequestFilter.doFilter(OncePerRequestFilter.java:116)
	at org.springframework.security.web.FilterChainProxy$VirtualFilterChain.doFilter(FilterChainProxy.java:374)
	at org.springframework.security.web.context.SecurityContextHolderFilter.doFilter(SecurityContextHolderFilter.java:82)
	at org.springframework.security.web.context.SecurityContextHolderFilter.doFilter(SecurityContextHolderFilter.java:69)
	at org.springframework.security.web.FilterChainProxy$VirtualFilterChain.doFilter(FilterChainProxy.java:374)
	at org.springframework.security.web.context.request.async.WebAsyncManagerIntegrationFilter.doFilterInternal(WebAsyncManagerIntegrationFilter.java:62)
	at org.springframework.web.filter.OncePerRequestFilter.doFilter(OncePerRequestFilter.java:116)
	at org.springframework.security.web.FilterChainProxy$VirtualFilterChain.doFilter(FilterChainProxy.java:374)
	at org.springframework.security.web.session.DisableEncodeUrlFilter.doFilterInternal(DisableEncodeUrlFilter.java:42)
	at org.springframework.web.filter.OncePerRequestFilter.doFilter(OncePerRequestFilter.java:116)
	at org.springframework.security.web.FilterChainProxy$VirtualFilterChain.doFilter(FilterChainProxy.java:374)
	at org.springframework.security.web.FilterChainProxy.doFilterInternal(FilterChainProxy.java:233)
	at org.springframework.security.web.FilterChainProxy.doFilter(FilterChainProxy.java:191)
	at org.springframework.web.filter.CompositeFilter$VirtualFilterChain.doFilter(CompositeFilter.java:113)
	at org.springframework.web.servlet.handler.HandlerMappingIntrospector.lambda$createCacheFilter$3(HandlerMappingIntrospector.java:243)
	at org.springframework.web.filter.CompositeFilter$VirtualFilterChain.doFilter(CompositeFilter.java:113)
	at org.springframework.web.filter.CompositeFilter.doFilter(CompositeFilter.java:74)
	at org.springframework.security.config.annotation.web.configuration.WebMvcSecurityConfiguration$CompositeFilterChainProxy.doFilter(WebMvcSecurityConfiguration.java:238)
	at org.springframework.web.filter.DelegatingFilterProxy.invokeDelegate(DelegatingFilterProxy.java:362)
	at org.springframework.web.filter.DelegatingFilterProxy.doFilter(DelegatingFilterProxy.java:278)
	at org.apache.catalina.core.ApplicationFilterChain.internalDoFilter(ApplicationFilterChain.java:164)
	at org.apache.catalina.core.ApplicationFilterChain.doFilter(ApplicationFilterChain.java:140)
	at org.springframework.web.filter.RequestContextFilter.doFilterInternal(RequestContextFilter.java:100)
	at org.springframework.web.filter.OncePerRequestFilter.doFilter(OncePerRequestFilter.java:116)
	at org.apache.catalina.core.ApplicationFilterChain.internalDoFilter(ApplicationFilterChain.java:164)
	at org.apache.catalina.core.ApplicationFilterChain.doFilter(ApplicationFilterChain.java:140)
	at org.springframework.web.filter.FormContentFilter.doFilterInternal(FormContentFilter.java:93)
	at org.springframework.web.filter.OncePerRequestFilter.doFilter(OncePerRequestFilter.java:116)
	at org.apache.catalina.core.ApplicationFilterChain.internalDoFilter(ApplicationFilterChain.java:164)
	at org.apache.catalina.core.ApplicationFilterChain.doFilter(ApplicationFilterChain.java:140)
	at org.springframework.web.filter.CharacterEncodingFilter.doFilterInternal(CharacterEncodingFilter.java:201)
	at org.springframework.web.filter.OncePerRequestFilter.doFilter(OncePerRequestFilter.java:116)
	at org.apache.catalina.core.ApplicationFilterChain.internalDoFilter(ApplicationFilterChain.java:164)
	at org.apache.catalina.core.ApplicationFilterChain.doFilter(ApplicationFilterChain.java:140)
	at org.apache.catalina.core.StandardWrapperValve.invoke(StandardWrapperValve.java:167)
	at org.apache.catalina.core.StandardContextValve.invoke(StandardContextValve.java:90)
	at org.apache.catalina.authenticator.AuthenticatorBase.invoke(AuthenticatorBase.java:483)
	at org.apache.catalina.core.StandardHostValve.invoke(StandardHostValve.java:115)
	at org.apache.catalina.valves.ErrorReportValve.invoke(ErrorReportValve.java:93)
	at org.apache.catalina.core.StandardEngineValve.invoke(StandardEngineValve.java:74)
	at org.apache.catalina.connector.CoyoteAdapter.service(CoyoteAdapter.java:344)
	at org.apache.coyote.http11.Http11Processor.service(Http11Processor.java:397)
	at org.apache.coyote.AbstractProcessorLight.process(AbstractProcessorLight.java:63)
	at org.apache.coyote.AbstractProtocol$ConnectionHandler.process(AbstractProtocol.java:905)
	at org.apache.tomcat.util.net.NioEndpoint$SocketProcessor.doRun(NioEndpoint.java:1741)
	at org.apache.tomcat.util.net.SocketProcessorBase.run(SocketProcessorBase.java:52)
	at org.apache.tomcat.util.threads.ThreadPoolExecutor.runWorker(ThreadPoolExecutor.java:1190)
	at org.apache.tomcat.util.threads.ThreadPoolExecutor$Worker.run(ThreadPoolExecutor.java:659)
	at org.apache.tomcat.util.threads.TaskThread$WrappingRunnable.run(TaskThread.java:63)
	at java.base/java.lang.Thread.run(Thread.java:1575)
19 Feb 2025 - 19:55:41.822 - o.a.c.c.C.[.[.[.[dispatcherServlet] -  ERROR - Servlet.service() for servlet [dispatcherServlet] in context with path [] threw exception [Handler dispatch failed: java.lang.NoSuchMethodError: 'void org.springframework.web.method.ControllerAdviceBean.<init>(java.lang.Object)'] with root cause
java.lang.NoSuchMethodError: 'void org.springframework.web.method.ControllerAdviceBean.<init>(java.lang.Object)'
	at org.springdoc.core.service.GenericResponseService.lambda$getGenericMapResponse$8(GenericResponseService.java:706)
	at java.base/java.util.stream.ReferencePipeline$2$1.accept(ReferencePipeline.java:196)
	at java.base/java.util.Spliterators$ArraySpliterator.forEachRemaining(Spliterators.java:1024)
	at java.base/java.util.stream.AbstractPipeline.copyInto(AbstractPipeline.java:570)
	at java.base/java.util.stream.AbstractPipeline.wrapAndCopyInto(AbstractPipeline.java:560)
	at java.base/java.util.stream.AbstractPipeline.evaluate(AbstractPipeline.java:636)
	at java.base/java.util.stream.AbstractPipeline.evaluateToArrayNode(AbstractPipeline.java:291)
	at java.base/java.util.stream.ReferencePipeline.toArray(ReferencePipeline.java:656)
	at java.base/java.util.stream.ReferencePipeline.toArray(ReferencePipeline.java:662)
	at java.base/java.util.stream.ReferencePipeline.toList(ReferencePipeline.java:667)
	at org.springdoc.core.service.GenericResponseService.getGenericMapResponse(GenericResponseService.java:708)
	at org.springdoc.core.service.GenericResponseService.build(GenericResponseService.java:247)
	at org.springdoc.api.AbstractOpenApiResource.calculatePath(AbstractOpenApiResource.java:499)
	at org.springdoc.api.AbstractOpenApiResource.calculatePath(AbstractOpenApiResource.java:676)
	at org.springdoc.webmvc.api.OpenApiResource.lambda$calculatePath$11(OpenApiResource.java:220)
	at java.base/java.util.Optional.ifPresent(Optional.java:178)
	at org.springdoc.webmvc.api.OpenApiResource.calculatePath(OpenApiResource.java:201)
	at org.springdoc.webmvc.api.OpenApiResource.lambda$getPaths$2(OpenApiResource.java:171)
	at java.base/java.util.Optional.ifPresent(Optional.java:178)
	at org.springdoc.webmvc.api.OpenApiResource.getPaths(OpenApiResource.java:150)
	at org.springdoc.api.AbstractOpenApiResource.getOpenApi(AbstractOpenApiResource.java:353)
	at org.springdoc.webmvc.api.OpenApiResource.openapiJson(OpenApiResource.java:125)
	at org.springdoc.webmvc.api.OpenApiWebMvcResource.openapiJson(OpenApiWebMvcResource.java:114)
	at java.base/jdk.internal.reflect.DirectMethodHandleAccessor.invoke(DirectMethodHandleAccessor.java:103)
	at java.base/java.lang.reflect.Method.invoke(Method.java:580)
	at org.springframework.web.method.support.InvocableHandlerMethod.doInvoke(InvocableHandlerMethod.java:257)
	at org.springframework.web.method.support.InvocableHandlerMethod.invokeForRequest(InvocableHandlerMethod.java:190)
	at org.springframework.web.servlet.mvc.method.annotation.ServletInvocableHandlerMethod.invokeAndHandle(ServletInvocableHandlerMethod.java:118)
	at org.springframework.web.servlet.mvc.method.annotation.RequestMappingHandlerAdapter.invokeHandlerMethod(RequestMappingHandlerAdapter.java:986)
	at org.springframework.web.servlet.mvc.method.annotation.RequestMappingHandlerAdapter.handleInternal(RequestMappingHandlerAdapter.java:891)
	at org.springframework.web.servlet.mvc.method.AbstractHandlerMethodAdapter.handle(AbstractHandlerMethodAdapter.java:87)
	at org.springframework.web.servlet.DispatcherServlet.doDispatch(DispatcherServlet.java:1088)
	at org.springframework.web.servlet.DispatcherServlet.doService(DispatcherServlet.java:978)
	at org.springframework.web.servlet.FrameworkServlet.processRequest(FrameworkServlet.java:1014)
	at org.springframework.web.servlet.FrameworkServlet.doGet(FrameworkServlet.java:903)
	at jakarta.servlet.http.HttpServlet.service(HttpServlet.java:564)
	at org.springframework.web.servlet.FrameworkServlet.service(FrameworkServlet.java:885)
	at jakarta.servlet.http.HttpServlet.service(HttpServlet.java:658)
	at org.apache.catalina.core.ApplicationFilterChain.internalDoFilter(ApplicationFilterChain.java:195)
	at org.apache.catalina.core.ApplicationFilterChain.doFilter(ApplicationFilterChain.java:140)
	at org.apache.tomcat.websocket.server.WsFilter.doFilter(WsFilter.java:51)
	at org.apache.catalina.core.ApplicationFilterChain.internalDoFilter(ApplicationFilterChain.java:164)
	at org.apache.catalina.core.ApplicationFilterChain.doFilter(ApplicationFilterChain.java:140)
	at org.springframework.web.filter.OncePerRequestFilter.doFilter(OncePerRequestFilter.java:101)
	at org.apache.catalina.core.ApplicationFilterChain.internalDoFilter(ApplicationFilterChain.java:164)
	at org.apache.catalina.core.ApplicationFilterChain.doFilter(ApplicationFilterChain.java:140)
	at org.springframework.web.filter.CompositeFilter$VirtualFilterChain.doFilter(CompositeFilter.java:108)
	at org.springframework.security.web.FilterChainProxy.lambda$doFilterInternal$3(FilterChainProxy.java:231)
	at org.springframework.security.web.FilterChainProxy$VirtualFilterChain.doFilter(FilterChainProxy.java:365)
	at org.springframework.security.web.access.intercept.AuthorizationFilter.doFilter(AuthorizationFilter.java:101)
	at org.springframework.security.web.FilterChainProxy$VirtualFilterChain.doFilter(FilterChainProxy.java:374)
	at org.springframework.security.web.access.ExceptionTranslationFilter.doFilter(ExceptionTranslationFilter.java:126)
	at org.springframework.security.web.access.ExceptionTranslationFilter.doFilter(ExceptionTranslationFilter.java:120)
	at org.springframework.security.web.FilterChainProxy$VirtualFilterChain.doFilter(FilterChainProxy.java:374)
	at org.springframework.security.web.authentication.AnonymousAuthenticationFilter.doFilter(AnonymousAuthenticationFilter.java:100)
	at org.springframework.security.web.FilterChainProxy$VirtualFilterChain.doFilter(FilterChainProxy.java:374)
	at org.springframework.security.web.servletapi.SecurityContextHolderAwareRequestFilter.doFilter(SecurityContextHolderAwareRequestFilter.java:179)
	at org.springframework.security.web.FilterChainProxy$VirtualFilterChain.doFilter(FilterChainProxy.java:374)
	at org.springframework.security.web.savedrequest.RequestCacheAwareFilter.doFilter(RequestCacheAwareFilter.java:63)
	at org.springframework.security.web.FilterChainProxy$VirtualFilterChain.doFilter(FilterChainProxy.java:374)
	at org.springframework.web.filter.OncePerRequestFilter.doFilter(OncePerRequestFilter.java:101)
	at org.springframework.security.web.FilterChainProxy$VirtualFilterChain.doFilter(FilterChainProxy.java:374)
	at org.springframework.security.web.authentication.logout.LogoutFilter.doFilter(LogoutFilter.java:107)
	at org.springframework.security.web.authentication.logout.LogoutFilter.doFilter(LogoutFilter.java:93)
	at org.springframework.security.web.FilterChainProxy$VirtualFilterChain.doFilter(FilterChainProxy.java:374)
	at org.springframework.security.web.header.HeaderWriterFilter.doHeadersAfter(HeaderWriterFilter.java:90)
	at org.springframework.security.web.header.HeaderWriterFilter.doFilterInternal(HeaderWriterFilter.java:75)
	at org.springframework.web.filter.OncePerRequestFilter.doFilter(OncePerRequestFilter.java:116)
	at org.springframework.security.web.FilterChainProxy$VirtualFilterChain.doFilter(FilterChainProxy.java:374)
	at org.springframework.security.web.context.SecurityContextHolderFilter.doFilter(SecurityContextHolderFilter.java:82)
	at org.springframework.security.web.context.SecurityContextHolderFilter.doFilter(SecurityContextHolderFilter.java:69)
	at org.springframework.security.web.FilterChainProxy$VirtualFilterChain.doFilter(FilterChainProxy.java:374)
	at org.springframework.security.web.context.request.async.WebAsyncManagerIntegrationFilter.doFilterInternal(WebAsyncManagerIntegrationFilter.java:62)
	at org.springframework.web.filter.OncePerRequestFilter.doFilter(OncePerRequestFilter.java:116)
	at org.springframework.security.web.FilterChainProxy$VirtualFilterChain.doFilter(FilterChainProxy.java:374)
	at org.springframework.security.web.session.DisableEncodeUrlFilter.doFilterInternal(DisableEncodeUrlFilter.java:42)
	at org.springframework.web.filter.OncePerRequestFilter.doFilter(OncePerRequestFilter.java:116)
	at org.springframework.security.web.FilterChainProxy$VirtualFilterChain.doFilter(FilterChainProxy.java:374)
	at org.springframework.security.web.FilterChainProxy.doFilterInternal(FilterChainProxy.java:233)
	at org.springframework.security.web.FilterChainProxy.doFilter(FilterChainProxy.java:191)
	at org.springframework.web.filter.CompositeFilter$VirtualFilterChain.doFilter(CompositeFilter.java:113)
	at org.springframework.web.servlet.handler.HandlerMappingIntrospector.lambda$createCacheFilter$3(HandlerMappingIntrospector.java:243)
	at org.springframework.web.filter.CompositeFilter$VirtualFilterChain.doFilter(CompositeFilter.java:113)
	at org.springframework.web.filter.CompositeFilter.doFilter(CompositeFilter.java:74)
	at org.springframework.security.config.annotation.web.configuration.WebMvcSecurityConfiguration$CompositeFilterChainProxy.doFilter(WebMvcSecurityConfiguration.java:238)
	at org.springframework.web.filter.DelegatingFilterProxy.invokeDelegate(DelegatingFilterProxy.java:362)
	at org.springframework.web.filter.DelegatingFilterProxy.doFilter(DelegatingFilterProxy.java:278)
	at org.apache.catalina.core.ApplicationFilterChain.internalDoFilter(ApplicationFilterChain.java:164)
	at org.apache.catalina.core.ApplicationFilterChain.doFilter(ApplicationFilterChain.java:140)
	at org.springframework.web.filter.RequestContextFilter.doFilterInternal(RequestContextFilter.java:100)
	at org.springframework.web.filter.OncePerRequestFilter.doFilter(OncePerRequestFilter.java:116)
	at org.apache.catalina.core.ApplicationFilterChain.internalDoFilter(ApplicationFilterChain.java:164)
	at org.apache.catalina.core.ApplicationFilterChain.doFilter(ApplicationFilterChain.java:140)
	at org.springframework.web.filter.FormContentFilter.doFilterInternal(FormContentFilter.java:93)
	at org.springframework.web.filter.OncePerRequestFilter.doFilter(OncePerRequestFilter.java:116)
	at org.apache.catalina.core.ApplicationFilterChain.internalDoFilter(ApplicationFilterChain.java:164)
	at org.apache.catalina.core.ApplicationFilterChain.doFilter(ApplicationFilterChain.java:140)
	at org.springframework.web.filter.CharacterEncodingFilter.doFilterInternal(CharacterEncodingFilter.java:201)
	at org.springframework.web.filter.OncePerRequestFilter.doFilter(OncePerRequestFilter.java:116)
	at org.apache.catalina.core.ApplicationFilterChain.internalDoFilter(ApplicationFilterChain.java:164)
	at org.apache.catalina.core.ApplicationFilterChain.doFilter(ApplicationFilterChain.java:140)
	at org.apache.catalina.core.StandardWrapperValve.invoke(StandardWrapperValve.java:167)
	at org.apache.catalina.core.StandardContextValve.invoke(StandardContextValve.java:90)
	at org.apache.catalina.authenticator.AuthenticatorBase.invoke(AuthenticatorBase.java:483)
	at org.apache.catalina.core.StandardHostValve.invoke(StandardHostValve.java:115)
	at org.apache.catalina.valves.ErrorReportValve.invoke(ErrorReportValve.java:93)
	at org.apache.catalina.core.StandardEngineValve.invoke(StandardEngineValve.java:74)
	at org.apache.catalina.connector.CoyoteAdapter.service(CoyoteAdapter.java:344)
	at org.apache.coyote.http11.Http11Processor.service(Http11Processor.java:397)
	at org.apache.coyote.AbstractProcessorLight.process(AbstractProcessorLight.java:63)
	at org.apache.coyote.AbstractProtocol$ConnectionHandler.process(AbstractProtocol.java:905)
	at org.apache.tomcat.util.net.NioEndpoint$SocketProcessor.doRun(NioEndpoint.java:1741)
	at org.apache.tomcat.util.net.SocketProcessorBase.run(SocketProcessorBase.java:52)
	at org.apache.tomcat.util.threads.ThreadPoolExecutor.runWorker(ThreadPoolExecutor.java:1190)
	at org.apache.tomcat.util.threads.ThreadPoolExecutor$Worker.run(ThreadPoolExecutor.java:659)
	at org.apache.tomcat.util.threads.TaskThread$WrappingRunnable.run(TaskThread.java:63)
	at java.base/java.lang.Thread.run(Thread.java:1575)
19 Feb 2025 - 19:55:48.972 - o.a.c.c.C.[.[.[.[dispatcherServlet] -  ERROR - Servlet.service() for servlet [dispatcherServlet] in context with path [] threw exception [Handler dispatch failed: java.lang.NoSuchMethodError: 'void org.springframework.web.method.ControllerAdviceBean.<init>(java.lang.Object)'] with root cause
java.lang.NoSuchMethodError: 'void org.springframework.web.method.ControllerAdviceBean.<init>(java.lang.Object)'
	at org.springdoc.core.service.GenericResponseService.lambda$getGenericMapResponse$8(GenericResponseService.java:706)
	at java.base/java.util.stream.ReferencePipeline$2$1.accept(ReferencePipeline.java:196)
	at java.base/java.util.Spliterators$ArraySpliterator.forEachRemaining(Spliterators.java:1024)
	at java.base/java.util.stream.AbstractPipeline.copyInto(AbstractPipeline.java:570)
	at java.base/java.util.stream.AbstractPipeline.wrapAndCopyInto(AbstractPipeline.java:560)
	at java.base/java.util.stream.AbstractPipeline.evaluate(AbstractPipeline.java:636)
	at java.base/java.util.stream.AbstractPipeline.evaluateToArrayNode(AbstractPipeline.java:291)
	at java.base/java.util.stream.ReferencePipeline.toArray(ReferencePipeline.java:656)
	at java.base/java.util.stream.ReferencePipeline.toArray(ReferencePipeline.java:662)
	at java.base/java.util.stream.ReferencePipeline.toList(ReferencePipeline.java:667)
	at org.springdoc.core.service.GenericResponseService.getGenericMapResponse(GenericResponseService.java:708)
	at org.springdoc.core.service.GenericResponseService.build(GenericResponseService.java:247)
	at org.springdoc.api.AbstractOpenApiResource.calculatePath(AbstractOpenApiResource.java:499)
	at org.springdoc.api.AbstractOpenApiResource.calculatePath(AbstractOpenApiResource.java:676)
	at org.springdoc.webmvc.api.OpenApiResource.lambda$calculatePath$11(OpenApiResource.java:220)
	at java.base/java.util.Optional.ifPresent(Optional.java:178)
	at org.springdoc.webmvc.api.OpenApiResource.calculatePath(OpenApiResource.java:201)
	at org.springdoc.webmvc.api.OpenApiResource.lambda$getPaths$2(OpenApiResource.java:171)
	at java.base/java.util.Optional.ifPresent(Optional.java:178)
	at org.springdoc.webmvc.api.OpenApiResource.getPaths(OpenApiResource.java:150)
	at org.springdoc.api.AbstractOpenApiResource.getOpenApi(AbstractOpenApiResource.java:353)
	at org.springdoc.webmvc.api.OpenApiResource.openapiJson(OpenApiResource.java:125)
	at org.springdoc.webmvc.api.OpenApiWebMvcResource.openapiJson(OpenApiWebMvcResource.java:114)
	at java.base/jdk.internal.reflect.DirectMethodHandleAccessor.invoke(DirectMethodHandleAccessor.java:103)
	at java.base/java.lang.reflect.Method.invoke(Method.java:580)
	at org.springframework.web.method.support.InvocableHandlerMethod.doInvoke(InvocableHandlerMethod.java:257)
	at org.springframework.web.method.support.InvocableHandlerMethod.invokeForRequest(InvocableHandlerMethod.java:190)
	at org.springframework.web.servlet.mvc.method.annotation.ServletInvocableHandlerMethod.invokeAndHandle(ServletInvocableHandlerMethod.java:118)
	at org.springframework.web.servlet.mvc.method.annotation.RequestMappingHandlerAdapter.invokeHandlerMethod(RequestMappingHandlerAdapter.java:986)
	at org.springframework.web.servlet.mvc.method.annotation.RequestMappingHandlerAdapter.handleInternal(RequestMappingHandlerAdapter.java:891)
	at org.springframework.web.servlet.mvc.method.AbstractHandlerMethodAdapter.handle(AbstractHandlerMethodAdapter.java:87)
	at org.springframework.web.servlet.DispatcherServlet.doDispatch(DispatcherServlet.java:1088)
	at org.springframework.web.servlet.DispatcherServlet.doService(DispatcherServlet.java:978)
	at org.springframework.web.servlet.FrameworkServlet.processRequest(FrameworkServlet.java:1014)
	at org.springframework.web.servlet.FrameworkServlet.doGet(FrameworkServlet.java:903)
	at jakarta.servlet.http.HttpServlet.service(HttpServlet.java:564)
	at org.springframework.web.servlet.FrameworkServlet.service(FrameworkServlet.java:885)
	at jakarta.servlet.http.HttpServlet.service(HttpServlet.java:658)
	at org.apache.catalina.core.ApplicationFilterChain.internalDoFilter(ApplicationFilterChain.java:195)
	at org.apache.catalina.core.ApplicationFilterChain.doFilter(ApplicationFilterChain.java:140)
	at org.apache.tomcat.websocket.server.WsFilter.doFilter(WsFilter.java:51)
	at org.apache.catalina.core.ApplicationFilterChain.internalDoFilter(ApplicationFilterChain.java:164)
	at org.apache.catalina.core.ApplicationFilterChain.doFilter(ApplicationFilterChain.java:140)
	at org.springframework.web.filter.OncePerRequestFilter.doFilter(OncePerRequestFilter.java:101)
	at org.apache.catalina.core.ApplicationFilterChain.internalDoFilter(ApplicationFilterChain.java:164)
	at org.apache.catalina.core.ApplicationFilterChain.doFilter(ApplicationFilterChain.java:140)
	at org.springframework.web.filter.CompositeFilter$VirtualFilterChain.doFilter(CompositeFilter.java:108)
	at org.springframework.security.web.FilterChainProxy.lambda$doFilterInternal$3(FilterChainProxy.java:231)
	at org.springframework.security.web.FilterChainProxy$VirtualFilterChain.doFilter(FilterChainProxy.java:365)
	at org.springframework.security.web.access.intercept.AuthorizationFilter.doFilter(AuthorizationFilter.java:101)
	at org.springframework.security.web.FilterChainProxy$VirtualFilterChain.doFilter(FilterChainProxy.java:374)
	at org.springframework.security.web.access.ExceptionTranslationFilter.doFilter(ExceptionTranslationFilter.java:126)
	at org.springframework.security.web.access.ExceptionTranslationFilter.doFilter(ExceptionTranslationFilter.java:120)
	at org.springframework.security.web.FilterChainProxy$VirtualFilterChain.doFilter(FilterChainProxy.java:374)
	at org.springframework.security.web.authentication.AnonymousAuthenticationFilter.doFilter(AnonymousAuthenticationFilter.java:100)
	at org.springframework.security.web.FilterChainProxy$VirtualFilterChain.doFilter(FilterChainProxy.java:374)
	at org.springframework.security.web.servletapi.SecurityContextHolderAwareRequestFilter.doFilter(SecurityContextHolderAwareRequestFilter.java:179)
	at org.springframework.security.web.FilterChainProxy$VirtualFilterChain.doFilter(FilterChainProxy.java:374)
	at org.springframework.security.web.savedrequest.RequestCacheAwareFilter.doFilter(RequestCacheAwareFilter.java:63)
	at org.springframework.security.web.FilterChainProxy$VirtualFilterChain.doFilter(FilterChainProxy.java:374)
	at org.springframework.web.filter.OncePerRequestFilter.doFilter(OncePerRequestFilter.java:101)
	at org.springframework.security.web.FilterChainProxy$VirtualFilterChain.doFilter(FilterChainProxy.java:374)
	at org.springframework.security.web.authentication.logout.LogoutFilter.doFilter(LogoutFilter.java:107)
	at org.springframework.security.web.authentication.logout.LogoutFilter.doFilter(LogoutFilter.java:93)
	at org.springframework.security.web.FilterChainProxy$VirtualFilterChain.doFilter(FilterChainProxy.java:374)
	at org.springframework.security.web.header.HeaderWriterFilter.doHeadersAfter(HeaderWriterFilter.java:90)
	at org.springframework.security.web.header.HeaderWriterFilter.doFilterInternal(HeaderWriterFilter.java:75)
	at org.springframework.web.filter.OncePerRequestFilter.doFilter(OncePerRequestFilter.java:116)
	at org.springframework.security.web.FilterChainProxy$VirtualFilterChain.doFilter(FilterChainProxy.java:374)
	at org.springframework.security.web.context.SecurityContextHolderFilter.doFilter(SecurityContextHolderFilter.java:82)
	at org.springframework.security.web.context.SecurityContextHolderFilter.doFilter(SecurityContextHolderFilter.java:69)
	at org.springframework.security.web.FilterChainProxy$VirtualFilterChain.doFilter(FilterChainProxy.java:374)
	at org.springframework.security.web.context.request.async.WebAsyncManagerIntegrationFilter.doFilterInternal(WebAsyncManagerIntegrationFilter.java:62)
	at org.springframework.web.filter.OncePerRequestFilter.doFilter(OncePerRequestFilter.java:116)
	at org.springframework.security.web.FilterChainProxy$VirtualFilterChain.doFilter(FilterChainProxy.java:374)
	at org.springframework.security.web.session.DisableEncodeUrlFilter.doFilterInternal(DisableEncodeUrlFilter.java:42)
	at org.springframework.web.filter.OncePerRequestFilter.doFilter(OncePerRequestFilter.java:116)
	at org.springframework.security.web.FilterChainProxy$VirtualFilterChain.doFilter(FilterChainProxy.java:374)
	at org.springframework.security.web.FilterChainProxy.doFilterInternal(FilterChainProxy.java:233)
	at org.springframework.security.web.FilterChainProxy.doFilter(FilterChainProxy.java:191)
	at org.springframework.web.filter.CompositeFilter$VirtualFilterChain.doFilter(CompositeFilter.java:113)
	at org.springframework.web.servlet.handler.HandlerMappingIntrospector.lambda$createCacheFilter$3(HandlerMappingIntrospector.java:243)
	at org.springframework.web.filter.CompositeFilter$VirtualFilterChain.doFilter(CompositeFilter.java:113)
	at org.springframework.web.filter.CompositeFilter.doFilter(CompositeFilter.java:74)
	at org.springframework.security.config.annotation.web.configuration.WebMvcSecurityConfiguration$CompositeFilterChainProxy.doFilter(WebMvcSecurityConfiguration.java:238)
	at org.springframework.web.filter.DelegatingFilterProxy.invokeDelegate(DelegatingFilterProxy.java:362)
	at org.springframework.web.filter.DelegatingFilterProxy.doFilter(DelegatingFilterProxy.java:278)
	at org.apache.catalina.core.ApplicationFilterChain.internalDoFilter(ApplicationFilterChain.java:164)
	at org.apache.catalina.core.ApplicationFilterChain.doFilter(ApplicationFilterChain.java:140)
	at org.springframework.web.filter.RequestContextFilter.doFilterInternal(RequestContextFilter.java:100)
	at org.springframework.web.filter.OncePerRequestFilter.doFilter(OncePerRequestFilter.java:116)
	at org.apache.catalina.core.ApplicationFilterChain.internalDoFilter(ApplicationFilterChain.java:164)
	at org.apache.catalina.core.ApplicationFilterChain.doFilter(ApplicationFilterChain.java:140)
	at org.springframework.web.filter.FormContentFilter.doFilterInternal(FormContentFilter.java:93)
	at org.springframework.web.filter.OncePerRequestFilter.doFilter(OncePerRequestFilter.java:116)
	at org.apache.catalina.core.ApplicationFilterChain.internalDoFilter(ApplicationFilterChain.java:164)
	at org.apache.catalina.core.ApplicationFilterChain.doFilter(ApplicationFilterChain.java:140)
	at org.springframework.web.filter.CharacterEncodingFilter.doFilterInternal(CharacterEncodingFilter.java:201)
	at org.springframework.web.filter.OncePerRequestFilter.doFilter(OncePerRequestFilter.java:116)
	at org.apache.catalina.core.ApplicationFilterChain.internalDoFilter(ApplicationFilterChain.java:164)
	at org.apache.catalina.core.ApplicationFilterChain.doFilter(ApplicationFilterChain.java:140)
	at org.apache.catalina.core.StandardWrapperValve.invoke(StandardWrapperValve.java:167)
	at org.apache.catalina.core.StandardContextValve.invoke(StandardContextValve.java:90)
	at org.apache.catalina.authenticator.AuthenticatorBase.invoke(AuthenticatorBase.java:483)
	at org.apache.catalina.core.StandardHostValve.invoke(StandardHostValve.java:115)
	at org.apache.catalina.valves.ErrorReportValve.invoke(ErrorReportValve.java:93)
	at org.apache.catalina.core.StandardEngineValve.invoke(StandardEngineValve.java:74)
	at org.apache.catalina.connector.CoyoteAdapter.service(CoyoteAdapter.java:344)
	at org.apache.coyote.http11.Http11Processor.service(Http11Processor.java:397)
	at org.apache.coyote.AbstractProcessorLight.process(AbstractProcessorLight.java:63)
	at org.apache.coyote.AbstractProtocol$ConnectionHandler.process(AbstractProtocol.java:905)
	at org.apache.tomcat.util.net.NioEndpoint$SocketProcessor.doRun(NioEndpoint.java:1741)
	at org.apache.tomcat.util.net.SocketProcessorBase.run(SocketProcessorBase.java:52)
	at org.apache.tomcat.util.threads.ThreadPoolExecutor.runWorker(ThreadPoolExecutor.java:1190)
	at org.apache.tomcat.util.threads.ThreadPoolExecutor$Worker.run(ThreadPoolExecutor.java:659)
	at org.apache.tomcat.util.threads.TaskThread$WrappingRunnable.run(TaskThread.java:63)
	at java.base/java.lang.Thread.run(Thread.java:1575)
19 Feb 2025 - 19:59:56.427 - o.s.b.w.e.tomcat.GracefulShutdown -  INFO  - Commencing graceful shutdown. Waiting for active requests to complete
19 Feb 2025 - 19:59:56.432 - o.s.b.w.e.tomcat.GracefulShutdown -  INFO  - Graceful shutdown complete
19 Feb 2025 - 19:59:56.439 - o.s.o.j.LocalContainerEntityManagerFactoryBean -  INFO  - Closing JPA EntityManagerFactory for persistence unit 'default'
19 Feb 2025 - 19:59:56.442 - com.zaxxer.hikari.HikariDataSource -  INFO  - HikariPool-1 - Shutdown initiated...
19 Feb 2025 - 19:59:56.446 - com.zaxxer.hikari.HikariDataSource -  INFO  - HikariPool-1 - Shutdown completed.
19 Feb 2025 - 20:00:04.687 - c.example.KunUzPractiseApplication -  INFO  - Starting KunUzPractiseApplication using Java 23.0.1 with PID 17884 (C:\Users\Sanjar\IdeaProjects\kun_uz_practise\target\classes started by Sanjar in C:\Users\Sanjar\IdeaProjects\kun_uz_practise)
19 Feb 2025 - 20:00:04.698 - c.example.KunUzPractiseApplication -  INFO  - The following 1 profile is active: "local"
19 Feb 2025 - 20:00:05.572 - o.s.d.r.c.RepositoryConfigurationDelegate -  INFO  - Bootstrapping Spring Data JPA repositories in DEFAULT mode.
19 Feb 2025 - 20:00:05.653 - o.s.d.r.c.RepositoryConfigurationDelegate -  INFO  - Finished Spring Data repository scanning in 74 ms. Found 14 JPA repository interfaces.
19 Feb 2025 - 20:00:06.226 - o.s.b.w.e.tomcat.TomcatWebServer -  INFO  - Tomcat initialized with port 8080 (http)
19 Feb 2025 - 20:00:06.238 - o.a.catalina.core.StandardService -  INFO  - Starting service [Tomcat]
19 Feb 2025 - 20:00:06.238 - o.a.catalina.core.StandardEngine -  INFO  - Starting Servlet engine: [Apache Tomcat/10.1.34]
19 Feb 2025 - 20:00:06.286 - o.a.c.c.C.[Tomcat].[localhost].[/] -  INFO  - Initializing Spring embedded WebApplicationContext
19 Feb 2025 - 20:00:06.287 - o.s.b.w.s.c.ServletWebServerApplicationContext -  INFO  - Root WebApplicationContext: initialization completed in 1527 ms
19 Feb 2025 - 20:00:06.347 - com.zaxxer.hikari.HikariDataSource -  INFO  - HikariPool-1 - Starting...
19 Feb 2025 - 20:00:06.606 - com.zaxxer.hikari.pool.HikariPool -  INFO  - HikariPool-1 - Added connection org.postgresql.jdbc.PgConnection@5cf0673d
19 Feb 2025 - 20:00:06.608 - com.zaxxer.hikari.HikariDataSource -  INFO  - HikariPool-1 - Start completed.
19 Feb 2025 - 20:00:06.690 - o.h.jpa.internal.util.LogHelper -  INFO  - HHH000204: Processing PersistenceUnitInfo [name: default]
19 Feb 2025 - 20:00:06.739 - org.hibernate.Version -  INFO  - HHH000412: Hibernate ORM core version 6.6.5.Final
19 Feb 2025 - 20:00:06.769 - o.h.c.i.RegionFactoryInitiator -  INFO  - HHH000026: Second-level cache disabled
19 Feb 2025 - 20:00:07.035 - o.s.o.j.p.SpringPersistenceUnitInfo -  INFO  - No LoadTimeWeaver setup: ignoring JPA class transformer
19 Feb 2025 - 20:00:07.121 - o.hibernate.orm.connections.pooling -  INFO  - HHH10001005: Database info:
	Database JDBC URL [Connecting through datasource 'HikariDataSource (HikariPool-1)']
	Database driver: undefined/unknown
	Database version: 17.2
	Autocommit mode: undefined/unknown
	Isolation level: undefined/unknown
	Minimum pool size: undefined/unknown
	Maximum pool size: undefined/unknown
19 Feb 2025 - 20:00:08.427 - o.h.e.t.j.p.i.JtaPlatformInitiator -  INFO  - HHH000489: No JTA platform available (set 'hibernate.transaction.jta.platform' to enable JTA platform integration)
19 Feb 2025 - 20:00:09.168 - o.s.o.j.LocalContainerEntityManagerFactoryBean -  INFO  - Initialized JPA EntityManagerFactory for persistence unit 'default'
19 Feb 2025 - 20:00:09.425 - o.s.d.j.r.query.QueryEnhancerFactory -  INFO  - Hibernate is in classpath; If applicable, HQL parser will be used.
19 Feb 2025 - 20:00:10.891 - o.s.b.w.s.c.AnnotationConfigServletWebServerApplicationContext -  WARN  - Exception encountered during context initialization - cancelling refresh attempt: org.springframework.beans.factory.UnsatisfiedDependencyException: Error creating bean with name 'apiDescriptionReader' defined in URL [jar:file:/C:/Users/Sanjar/.m2/repository/io/springfox/springfox-spring-web/2.9.2/springfox-spring-web-2.9.2.jar!/springfox/documentation/spring/web/scanners/ApiDescriptionReader.class]: Unsatisfied dependency expressed through constructor parameter 0: Error creating bean with name 'cachingOperationReader' defined in URL [jar:file:/C:/Users/Sanjar/.m2/repository/io/springfox/springfox-spring-web/2.9.2/springfox-spring-web-2.9.2.jar!/springfox/documentation/spring/web/scanners/CachingOperationReader.class]: Unsatisfied dependency expressed through constructor parameter 0: Error creating bean with name 'apiOperationReader' defined in URL [jar:file:/C:/Users/Sanjar/.m2/repository/io/springfox/springfox-spring-web/2.9.2/springfox-spring-web-2.9.2.jar!/springfox/documentation/spring/web/readers/operation/ApiOperationReader.class]: Unsatisfied dependency expressed through constructor parameter 0: Error creating bean with name 'documentationPluginsManager': Unsatisfied dependency expressed through field 'documentationPlugins': Error creating bean with name 'documentationPluginRegistry': 'void org.springframework.util.Assert.notNull(java.lang.Object)'
19 Feb 2025 - 20:00:10.892 - o.s.o.j.LocalContainerEntityManagerFactoryBean -  INFO  - Closing JPA EntityManagerFactory for persistence unit 'default'
19 Feb 2025 - 20:00:10.894 - com.zaxxer.hikari.HikariDataSource -  INFO  - HikariPool-1 - Shutdown initiated...
19 Feb 2025 - 20:00:10.897 - com.zaxxer.hikari.HikariDataSource -  INFO  - HikariPool-1 - Shutdown completed.
19 Feb 2025 - 20:00:10.900 - o.a.catalina.core.StandardService -  INFO  - Stopping service [Tomcat]
19 Feb 2025 - 20:00:10.911 - o.s.b.a.l.ConditionEvaluationReportLogger -  INFO  - 

Error starting ApplicationContext. To display the condition evaluation report re-run your application with 'debug' enabled.
19 Feb 2025 - 20:00:10.932 - o.s.b.d.LoggingFailureAnalysisReporter -  ERROR - 

***************************
APPLICATION FAILED TO START
***************************

Description:

An attempt was made to call a method that does not exist. The attempt was made from the following location:

    org.springframework.plugin.core.support.AbstractTypeAwareSupport$BeansOfTypeTargetSource.<init>(AbstractTypeAwareSupport.java:135)

The following method did not exist:

    'void org.springframework.util.Assert.notNull(java.lang.Object)'

The calling method's class, org.springframework.plugin.core.support.AbstractTypeAwareSupport$BeansOfTypeTargetSource, was loaded from the following location:

    jar:file:/C:/Users/Sanjar/.m2/repository/org/springframework/plugin/spring-plugin-core/1.2.0.RELEASE/spring-plugin-core-1.2.0.RELEASE.jar!/org/springframework/plugin/core/support/AbstractTypeAwareSupport$BeansOfTypeTargetSource.class

The called method's class, org.springframework.util.Assert, is available from the following locations:

    jar:file:/C:/Users/Sanjar/.m2/repository/org/springframework/spring-core/6.2.2/spring-core-6.2.2.jar!/org/springframework/util/Assert.class

The called method's class hierarchy was loaded from the following locations:

    org.springframework.util.Assert: file:/C:/Users/Sanjar/.m2/repository/org/springframework/spring-core/6.2.2/spring-core-6.2.2.jar


Action:

Correct the classpath of your application so that it contains compatible versions of the classes org.springframework.plugin.core.support.AbstractTypeAwareSupport$BeansOfTypeTargetSource and org.springframework.util.Assert

19 Feb 2025 - 20:16:20.235 - c.example.KunUzPractiseApplication -  INFO  - Starting KunUzPractiseApplication using Java 23.0.1 with PID 20980 (C:\Users\Sanjar\IdeaProjects\kun_uz_practise\target\classes started by Sanjar in C:\Users\Sanjar\IdeaProjects\kun_uz_practise)
19 Feb 2025 - 20:16:20.245 - c.example.KunUzPractiseApplication -  INFO  - The following 1 profile is active: "local"
19 Feb 2025 - 20:16:21.052 - o.s.d.r.c.RepositoryConfigurationDelegate -  INFO  - Bootstrapping Spring Data JPA repositories in DEFAULT mode.
19 Feb 2025 - 20:16:21.136 - o.s.d.r.c.RepositoryConfigurationDelegate -  INFO  - Finished Spring Data repository scanning in 76 ms. Found 14 JPA repository interfaces.
19 Feb 2025 - 20:16:21.731 - o.s.b.w.e.tomcat.TomcatWebServer -  INFO  - Tomcat initialized with port 8080 (http)
19 Feb 2025 - 20:16:21.743 - o.a.catalina.core.StandardService -  INFO  - Starting service [Tomcat]
19 Feb 2025 - 20:16:21.743 - o.a.catalina.core.StandardEngine -  INFO  - Starting Servlet engine: [Apache Tomcat/10.1.34]
19 Feb 2025 - 20:16:21.792 - o.a.c.c.C.[Tomcat].[localhost].[/] -  INFO  - Initializing Spring embedded WebApplicationContext
19 Feb 2025 - 20:16:21.792 - o.s.b.w.s.c.ServletWebServerApplicationContext -  INFO  - Root WebApplicationContext: initialization completed in 1499 ms
19 Feb 2025 - 20:16:21.849 - com.zaxxer.hikari.HikariDataSource -  INFO  - HikariPool-1 - Starting...
19 Feb 2025 - 20:16:22.050 - com.zaxxer.hikari.pool.HikariPool -  INFO  - HikariPool-1 - Added connection org.postgresql.jdbc.PgConnection@5fb5ad40
19 Feb 2025 - 20:16:22.052 - com.zaxxer.hikari.HikariDataSource -  INFO  - HikariPool-1 - Start completed.
19 Feb 2025 - 20:16:22.148 - o.h.jpa.internal.util.LogHelper -  INFO  - HHH000204: Processing PersistenceUnitInfo [name: default]
19 Feb 2025 - 20:16:22.207 - org.hibernate.Version -  INFO  - HHH000412: Hibernate ORM core version 6.6.5.Final
19 Feb 2025 - 20:16:22.246 - o.h.c.i.RegionFactoryInitiator -  INFO  - HHH000026: Second-level cache disabled
19 Feb 2025 - 20:16:22.554 - o.s.o.j.p.SpringPersistenceUnitInfo -  INFO  - No LoadTimeWeaver setup: ignoring JPA class transformer
19 Feb 2025 - 20:16:22.705 - o.hibernate.orm.connections.pooling -  INFO  - HHH10001005: Database info:
	Database JDBC URL [Connecting through datasource 'HikariDataSource (HikariPool-1)']
	Database driver: undefined/unknown
	Database version: 17.2
	Autocommit mode: undefined/unknown
	Isolation level: undefined/unknown
	Minimum pool size: undefined/unknown
	Maximum pool size: undefined/unknown
19 Feb 2025 - 20:16:23.964 - o.h.e.t.j.p.i.JtaPlatformInitiator -  INFO  - HHH000489: No JTA platform available (set 'hibernate.transaction.jta.platform' to enable JTA platform integration)
19 Feb 2025 - 20:16:24.649 - o.s.o.j.LocalContainerEntityManagerFactoryBean -  INFO  - Initialized JPA EntityManagerFactory for persistence unit 'default'
19 Feb 2025 - 20:16:24.888 - o.s.d.j.r.query.QueryEnhancerFactory -  INFO  - Hibernate is in classpath; If applicable, HQL parser will be used.
19 Feb 2025 - 20:16:26.352 - o.s.b.a.o.j.JpaBaseConfiguration$JpaWebConfiguration -  WARN  - spring.jpa.open-in-view is enabled by default. Therefore, database queries may be performed during view rendering. Explicitly configure spring.jpa.open-in-view to disable this warning
19 Feb 2025 - 20:16:26.382 - o.s.s.c.a.a.c.InitializeAuthenticationProviderBeanManagerConfigurer$InitializeAuthenticationProviderManagerConfigurer -  INFO  - Global AuthenticationManager configured with AuthenticationProvider bean with name authenticationProvider
19 Feb 2025 - 20:16:26.383 - o.s.s.c.a.a.c.InitializeUserDetailsBeanManagerConfigurer$InitializeUserDetailsManagerConfigurer -  WARN  - Global AuthenticationManager configured with an AuthenticationProvider bean. UserDetailsService beans will not be used by Spring Security for automatically configuring username/password login. Consider removing the AuthenticationProvider bean. Alternatively, consider using the UserDetailsService in a manually instantiated DaoAuthenticationProvider. If the current configuration is intentional, to turn off this warning, increase the logging level of 'org.springframework.security.config.annotation.authentication.configuration.InitializeUserDetailsBeanManagerConfigurer' to ERROR
19 Feb 2025 - 20:16:27.083 - o.s.b.w.e.tomcat.TomcatWebServer -  INFO  - Tomcat started on port 8080 (http) with context path '/'
19 Feb 2025 - 20:16:27.092 - c.example.KunUzPractiseApplication -  INFO  - Started KunUzPractiseApplication in 7.29 seconds (process running for 8.061)
19 Feb 2025 - 20:16:27.140 - o.f.c.i.license.VersionPrinter -  INFO  - Flyway Community Edition 9.22.3 by Redgate
19 Feb 2025 - 20:16:27.140 - o.f.c.i.license.VersionPrinter -  INFO  - See release notes here: https://rd.gt/416ObMi
19 Feb 2025 - 20:16:27.140 - o.f.c.i.license.VersionPrinter -  INFO  - 
19 Feb 2025 - 20:16:27.152 - org.flywaydb.core.FlywayExecutor -  INFO  - Database: jdbc:postgresql://localhost:5432/kun_uz_practise (PostgreSQL 17.2)
19 Feb 2025 - 20:16:27.158 - o.f.c.i.database.base.Database -  WARN  - Flyway upgrade recommended: PostgreSQL 17.2 is newer than this version of Flyway and support has not been tested. The latest supported version of PostgreSQL is 15.
19 Feb 2025 - 20:16:27.183 - o.f.core.internal.command.DbValidate -  INFO  - Successfully validated 4 migrations (execution time 00:00.018s)
19 Feb 2025 - 20:16:27.192 - o.f.core.internal.command.DbMigrate -  INFO  - Current version of schema "public": 1.2
19 Feb 2025 - 20:16:27.194 - o.f.core.internal.command.DbMigrate -  INFO  - Schema "public" is up to date. No migration necessary.
19 Feb 2025 - 20:16:30.804 - o.s.b.w.e.tomcat.GracefulShutdown -  INFO  - Commencing graceful shutdown. Waiting for active requests to complete
19 Feb 2025 - 20:16:30.809 - o.s.b.w.e.tomcat.GracefulShutdown -  INFO  - Graceful shutdown complete
19 Feb 2025 - 20:16:30.816 - o.s.o.j.LocalContainerEntityManagerFactoryBean -  INFO  - Closing JPA EntityManagerFactory for persistence unit 'default'
19 Feb 2025 - 20:16:30.819 - com.zaxxer.hikari.HikariDataSource -  INFO  - HikariPool-1 - Shutdown initiated...
19 Feb 2025 - 20:16:30.821 - com.zaxxer.hikari.HikariDataSource -  INFO  - HikariPool-1 - Shutdown completed.
19 Feb 2025 - 20:16:34.044 - c.example.KunUzPractiseApplication -  INFO  - Starting KunUzPractiseApplication using Java 23.0.1 with PID 20328 (C:\Users\Sanjar\IdeaProjects\kun_uz_practise\target\classes started by Sanjar in C:\Users\Sanjar\IdeaProjects\kun_uz_practise)
19 Feb 2025 - 20:16:34.054 - c.example.KunUzPractiseApplication -  INFO  - The following 1 profile is active: "local"
19 Feb 2025 - 20:16:34.864 - o.s.d.r.c.RepositoryConfigurationDelegate -  INFO  - Bootstrapping Spring Data JPA repositories in DEFAULT mode.
19 Feb 2025 - 20:16:34.944 - o.s.d.r.c.RepositoryConfigurationDelegate -  INFO  - Finished Spring Data repository scanning in 72 ms. Found 14 JPA repository interfaces.
19 Feb 2025 - 20:16:35.457 - o.s.b.w.e.tomcat.TomcatWebServer -  INFO  - Tomcat initialized with port 8080 (http)
19 Feb 2025 - 20:16:35.470 - o.a.catalina.core.StandardService -  INFO  - Starting service [Tomcat]
19 Feb 2025 - 20:16:35.471 - o.a.catalina.core.StandardEngine -  INFO  - Starting Servlet engine: [Apache Tomcat/10.1.34]
19 Feb 2025 - 20:16:35.517 - o.a.c.c.C.[Tomcat].[localhost].[/] -  INFO  - Initializing Spring embedded WebApplicationContext
19 Feb 2025 - 20:16:35.517 - o.s.b.w.s.c.ServletWebServerApplicationContext -  INFO  - Root WebApplicationContext: initialization completed in 1415 ms
19 Feb 2025 - 20:16:35.574 - com.zaxxer.hikari.HikariDataSource -  INFO  - HikariPool-1 - Starting...
19 Feb 2025 - 20:16:35.834 - com.zaxxer.hikari.pool.HikariPool -  INFO  - HikariPool-1 - Added connection org.postgresql.jdbc.PgConnection@27da994b
19 Feb 2025 - 20:16:35.836 - com.zaxxer.hikari.HikariDataSource -  INFO  - HikariPool-1 - Start completed.
19 Feb 2025 - 20:16:35.911 - o.h.jpa.internal.util.LogHelper -  INFO  - HHH000204: Processing PersistenceUnitInfo [name: default]
19 Feb 2025 - 20:16:35.958 - org.hibernate.Version -  INFO  - HHH000412: Hibernate ORM core version 6.6.5.Final
19 Feb 2025 - 20:16:35.987 - o.h.c.i.RegionFactoryInitiator -  INFO  - HHH000026: Second-level cache disabled
19 Feb 2025 - 20:16:36.230 - o.s.o.j.p.SpringPersistenceUnitInfo -  INFO  - No LoadTimeWeaver setup: ignoring JPA class transformer
19 Feb 2025 - 20:16:36.305 - o.hibernate.orm.connections.pooling -  INFO  - HHH10001005: Database info:
	Database JDBC URL [Connecting through datasource 'HikariDataSource (HikariPool-1)']
	Database driver: undefined/unknown
	Database version: 17.2
	Autocommit mode: undefined/unknown
	Isolation level: undefined/unknown
	Minimum pool size: undefined/unknown
	Maximum pool size: undefined/unknown
19 Feb 2025 - 20:16:37.438 - o.h.e.t.j.p.i.JtaPlatformInitiator -  INFO  - HHH000489: No JTA platform available (set 'hibernate.transaction.jta.platform' to enable JTA platform integration)
19 Feb 2025 - 20:16:38.102 - o.s.o.j.LocalContainerEntityManagerFactoryBean -  INFO  - Initialized JPA EntityManagerFactory for persistence unit 'default'
19 Feb 2025 - 20:16:38.344 - o.s.d.j.r.query.QueryEnhancerFactory -  INFO  - Hibernate is in classpath; If applicable, HQL parser will be used.
19 Feb 2025 - 20:16:40.036 - o.s.b.a.o.j.JpaBaseConfiguration$JpaWebConfiguration -  WARN  - spring.jpa.open-in-view is enabled by default. Therefore, database queries may be performed during view rendering. Explicitly configure spring.jpa.open-in-view to disable this warning
19 Feb 2025 - 20:16:40.071 - o.s.s.c.a.a.c.InitializeAuthenticationProviderBeanManagerConfigurer$InitializeAuthenticationProviderManagerConfigurer -  INFO  - Global AuthenticationManager configured with AuthenticationProvider bean with name authenticationProvider
19 Feb 2025 - 20:16:40.072 - o.s.s.c.a.a.c.InitializeUserDetailsBeanManagerConfigurer$InitializeUserDetailsManagerConfigurer -  WARN  - Global AuthenticationManager configured with an AuthenticationProvider bean. UserDetailsService beans will not be used by Spring Security for automatically configuring username/password login. Consider removing the AuthenticationProvider bean. Alternatively, consider using the UserDetailsService in a manually instantiated DaoAuthenticationProvider. If the current configuration is intentional, to turn off this warning, increase the logging level of 'org.springframework.security.config.annotation.authentication.configuration.InitializeUserDetailsBeanManagerConfigurer' to ERROR
19 Feb 2025 - 20:16:40.921 - o.s.b.w.e.tomcat.TomcatWebServer -  INFO  - Tomcat started on port 8080 (http) with context path '/'
19 Feb 2025 - 20:16:40.929 - c.example.KunUzPractiseApplication -  INFO  - Started KunUzPractiseApplication in 7.3 seconds (process running for 7.867)
19 Feb 2025 - 20:16:40.983 - o.f.c.i.license.VersionPrinter -  INFO  - Flyway Community Edition 9.22.3 by Redgate
19 Feb 2025 - 20:16:40.984 - o.f.c.i.license.VersionPrinter -  INFO  - See release notes here: https://rd.gt/416ObMi
19 Feb 2025 - 20:16:40.984 - o.f.c.i.license.VersionPrinter -  INFO  - 
19 Feb 2025 - 20:16:40.997 - org.flywaydb.core.FlywayExecutor -  INFO  - Database: jdbc:postgresql://localhost:5432/kun_uz_practise (PostgreSQL 17.2)
19 Feb 2025 - 20:16:41.003 - o.f.c.i.database.base.Database -  WARN  - Flyway upgrade recommended: PostgreSQL 17.2 is newer than this version of Flyway and support has not been tested. The latest supported version of PostgreSQL is 15.
19 Feb 2025 - 20:16:41.030 - o.f.core.internal.command.DbValidate -  INFO  - Successfully validated 4 migrations (execution time 00:00.018s)
19 Feb 2025 - 20:16:41.040 - o.f.core.internal.command.DbMigrate -  INFO  - Current version of schema "public": 1.2
19 Feb 2025 - 20:16:41.043 - o.f.core.internal.command.DbMigrate -  INFO  - Schema "public" is up to date. No migration necessary.
19 Feb 2025 - 20:16:46.124 - o.a.c.c.C.[Tomcat].[localhost].[/] -  INFO  - Initializing Spring DispatcherServlet 'dispatcherServlet'
19 Feb 2025 - 20:16:46.124 - o.s.web.servlet.DispatcherServlet -  INFO  - Initializing Servlet 'dispatcherServlet'
19 Feb 2025 - 20:16:46.125 - o.s.web.servlet.DispatcherServlet -  INFO  - Completed initialization in 1 ms
19 Feb 2025 - 20:16:46.794 - o.a.c.c.C.[.[.[.[dispatcherServlet] -  ERROR - Servlet.service() for servlet [dispatcherServlet] in context with path [] threw exception [Handler dispatch failed: java.lang.NoSuchMethodError: 'void org.springframework.web.method.ControllerAdviceBean.<init>(java.lang.Object)'] with root cause
java.lang.NoSuchMethodError: 'void org.springframework.web.method.ControllerAdviceBean.<init>(java.lang.Object)'
	at org.springdoc.core.service.GenericResponseService.lambda$getGenericMapResponse$8(GenericResponseService.java:706)
	at java.base/java.util.stream.ReferencePipeline$2$1.accept(ReferencePipeline.java:196)
	at java.base/java.util.Spliterators$ArraySpliterator.forEachRemaining(Spliterators.java:1024)
	at java.base/java.util.stream.AbstractPipeline.copyInto(AbstractPipeline.java:570)
	at java.base/java.util.stream.AbstractPipeline.wrapAndCopyInto(AbstractPipeline.java:560)
	at java.base/java.util.stream.AbstractPipeline.evaluate(AbstractPipeline.java:636)
	at java.base/java.util.stream.AbstractPipeline.evaluateToArrayNode(AbstractPipeline.java:291)
	at java.base/java.util.stream.ReferencePipeline.toArray(ReferencePipeline.java:656)
	at java.base/java.util.stream.ReferencePipeline.toArray(ReferencePipeline.java:662)
	at java.base/java.util.stream.ReferencePipeline.toList(ReferencePipeline.java:667)
	at org.springdoc.core.service.GenericResponseService.getGenericMapResponse(GenericResponseService.java:708)
	at org.springdoc.core.service.GenericResponseService.build(GenericResponseService.java:247)
	at org.springdoc.api.AbstractOpenApiResource.calculatePath(AbstractOpenApiResource.java:499)
	at org.springdoc.api.AbstractOpenApiResource.calculatePath(AbstractOpenApiResource.java:676)
	at org.springdoc.webmvc.api.OpenApiResource.lambda$calculatePath$11(OpenApiResource.java:220)
	at java.base/java.util.Optional.ifPresent(Optional.java:178)
	at org.springdoc.webmvc.api.OpenApiResource.calculatePath(OpenApiResource.java:201)
	at org.springdoc.webmvc.api.OpenApiResource.lambda$getPaths$2(OpenApiResource.java:171)
	at java.base/java.util.Optional.ifPresent(Optional.java:178)
	at org.springdoc.webmvc.api.OpenApiResource.getPaths(OpenApiResource.java:150)
	at org.springdoc.api.AbstractOpenApiResource.getOpenApi(AbstractOpenApiResource.java:353)
	at org.springdoc.webmvc.api.OpenApiResource.openapiJson(OpenApiResource.java:125)
	at org.springdoc.webmvc.api.OpenApiWebMvcResource.openapiJson(OpenApiWebMvcResource.java:114)
	at java.base/jdk.internal.reflect.DirectMethodHandleAccessor.invoke(DirectMethodHandleAccessor.java:103)
	at java.base/java.lang.reflect.Method.invoke(Method.java:580)
	at org.springframework.web.method.support.InvocableHandlerMethod.doInvoke(InvocableHandlerMethod.java:257)
	at org.springframework.web.method.support.InvocableHandlerMethod.invokeForRequest(InvocableHandlerMethod.java:190)
	at org.springframework.web.servlet.mvc.method.annotation.ServletInvocableHandlerMethod.invokeAndHandle(ServletInvocableHandlerMethod.java:118)
	at org.springframework.web.servlet.mvc.method.annotation.RequestMappingHandlerAdapter.invokeHandlerMethod(RequestMappingHandlerAdapter.java:986)
	at org.springframework.web.servlet.mvc.method.annotation.RequestMappingHandlerAdapter.handleInternal(RequestMappingHandlerAdapter.java:891)
	at org.springframework.web.servlet.mvc.method.AbstractHandlerMethodAdapter.handle(AbstractHandlerMethodAdapter.java:87)
	at org.springframework.web.servlet.DispatcherServlet.doDispatch(DispatcherServlet.java:1088)
	at org.springframework.web.servlet.DispatcherServlet.doService(DispatcherServlet.java:978)
	at org.springframework.web.servlet.FrameworkServlet.processRequest(FrameworkServlet.java:1014)
	at org.springframework.web.servlet.FrameworkServlet.doGet(FrameworkServlet.java:903)
	at jakarta.servlet.http.HttpServlet.service(HttpServlet.java:564)
	at org.springframework.web.servlet.FrameworkServlet.service(FrameworkServlet.java:885)
	at jakarta.servlet.http.HttpServlet.service(HttpServlet.java:658)
	at org.apache.catalina.core.ApplicationFilterChain.internalDoFilter(ApplicationFilterChain.java:195)
	at org.apache.catalina.core.ApplicationFilterChain.doFilter(ApplicationFilterChain.java:140)
	at org.apache.tomcat.websocket.server.WsFilter.doFilter(WsFilter.java:51)
	at org.apache.catalina.core.ApplicationFilterChain.internalDoFilter(ApplicationFilterChain.java:164)
	at org.apache.catalina.core.ApplicationFilterChain.doFilter(ApplicationFilterChain.java:140)
	at org.springframework.web.filter.OncePerRequestFilter.doFilter(OncePerRequestFilter.java:101)
	at org.apache.catalina.core.ApplicationFilterChain.internalDoFilter(ApplicationFilterChain.java:164)
	at org.apache.catalina.core.ApplicationFilterChain.doFilter(ApplicationFilterChain.java:140)
	at org.springframework.web.filter.CompositeFilter$VirtualFilterChain.doFilter(CompositeFilter.java:108)
	at org.springframework.security.web.FilterChainProxy.lambda$doFilterInternal$3(FilterChainProxy.java:231)
	at org.springframework.security.web.FilterChainProxy$VirtualFilterChain.doFilter(FilterChainProxy.java:365)
	at org.springframework.security.web.access.intercept.AuthorizationFilter.doFilter(AuthorizationFilter.java:101)
	at org.springframework.security.web.FilterChainProxy$VirtualFilterChain.doFilter(FilterChainProxy.java:374)
	at org.springframework.security.web.access.ExceptionTranslationFilter.doFilter(ExceptionTranslationFilter.java:126)
	at org.springframework.security.web.access.ExceptionTranslationFilter.doFilter(ExceptionTranslationFilter.java:120)
	at org.springframework.security.web.FilterChainProxy$VirtualFilterChain.doFilter(FilterChainProxy.java:374)
	at org.springframework.security.web.authentication.AnonymousAuthenticationFilter.doFilter(AnonymousAuthenticationFilter.java:100)
	at org.springframework.security.web.FilterChainProxy$VirtualFilterChain.doFilter(FilterChainProxy.java:374)
	at org.springframework.security.web.servletapi.SecurityContextHolderAwareRequestFilter.doFilter(SecurityContextHolderAwareRequestFilter.java:179)
	at org.springframework.security.web.FilterChainProxy$VirtualFilterChain.doFilter(FilterChainProxy.java:374)
	at org.springframework.security.web.savedrequest.RequestCacheAwareFilter.doFilter(RequestCacheAwareFilter.java:63)
	at org.springframework.security.web.FilterChainProxy$VirtualFilterChain.doFilter(FilterChainProxy.java:374)
	at org.springframework.web.filter.OncePerRequestFilter.doFilter(OncePerRequestFilter.java:101)
	at org.springframework.security.web.FilterChainProxy$VirtualFilterChain.doFilter(FilterChainProxy.java:374)
	at org.springframework.security.web.authentication.logout.LogoutFilter.doFilter(LogoutFilter.java:107)
	at org.springframework.security.web.authentication.logout.LogoutFilter.doFilter(LogoutFilter.java:93)
	at org.springframework.security.web.FilterChainProxy$VirtualFilterChain.doFilter(FilterChainProxy.java:374)
	at org.springframework.security.web.header.HeaderWriterFilter.doHeadersAfter(HeaderWriterFilter.java:90)
	at org.springframework.security.web.header.HeaderWriterFilter.doFilterInternal(HeaderWriterFilter.java:75)
	at org.springframework.web.filter.OncePerRequestFilter.doFilter(OncePerRequestFilter.java:116)
	at org.springframework.security.web.FilterChainProxy$VirtualFilterChain.doFilter(FilterChainProxy.java:374)
	at org.springframework.security.web.context.SecurityContextHolderFilter.doFilter(SecurityContextHolderFilter.java:82)
	at org.springframework.security.web.context.SecurityContextHolderFilter.doFilter(SecurityContextHolderFilter.java:69)
	at org.springframework.security.web.FilterChainProxy$VirtualFilterChain.doFilter(FilterChainProxy.java:374)
	at org.springframework.security.web.context.request.async.WebAsyncManagerIntegrationFilter.doFilterInternal(WebAsyncManagerIntegrationFilter.java:62)
	at org.springframework.web.filter.OncePerRequestFilter.doFilter(OncePerRequestFilter.java:116)
	at org.springframework.security.web.FilterChainProxy$VirtualFilterChain.doFilter(FilterChainProxy.java:374)
	at org.springframework.security.web.session.DisableEncodeUrlFilter.doFilterInternal(DisableEncodeUrlFilter.java:42)
	at org.springframework.web.filter.OncePerRequestFilter.doFilter(OncePerRequestFilter.java:116)
	at org.springframework.security.web.FilterChainProxy$VirtualFilterChain.doFilter(FilterChainProxy.java:374)
	at org.springframework.security.web.FilterChainProxy.doFilterInternal(FilterChainProxy.java:233)
	at org.springframework.security.web.FilterChainProxy.doFilter(FilterChainProxy.java:191)
	at org.springframework.web.filter.CompositeFilter$VirtualFilterChain.doFilter(CompositeFilter.java:113)
	at org.springframework.web.servlet.handler.HandlerMappingIntrospector.lambda$createCacheFilter$3(HandlerMappingIntrospector.java:243)
	at org.springframework.web.filter.CompositeFilter$VirtualFilterChain.doFilter(CompositeFilter.java:113)
	at org.springframework.web.filter.CompositeFilter.doFilter(CompositeFilter.java:74)
	at org.springframework.security.config.annotation.web.configuration.WebMvcSecurityConfiguration$CompositeFilterChainProxy.doFilter(WebMvcSecurityConfiguration.java:238)
	at org.springframework.web.filter.DelegatingFilterProxy.invokeDelegate(DelegatingFilterProxy.java:362)
	at org.springframework.web.filter.DelegatingFilterProxy.doFilter(DelegatingFilterProxy.java:278)
	at org.apache.catalina.core.ApplicationFilterChain.internalDoFilter(ApplicationFilterChain.java:164)
	at org.apache.catalina.core.ApplicationFilterChain.doFilter(ApplicationFilterChain.java:140)
	at org.springframework.web.filter.RequestContextFilter.doFilterInternal(RequestContextFilter.java:100)
	at org.springframework.web.filter.OncePerRequestFilter.doFilter(OncePerRequestFilter.java:116)
	at org.apache.catalina.core.ApplicationFilterChain.internalDoFilter(ApplicationFilterChain.java:164)
	at org.apache.catalina.core.ApplicationFilterChain.doFilter(ApplicationFilterChain.java:140)
	at org.springframework.web.filter.FormContentFilter.doFilterInternal(FormContentFilter.java:93)
	at org.springframework.web.filter.OncePerRequestFilter.doFilter(OncePerRequestFilter.java:116)
	at org.apache.catalina.core.ApplicationFilterChain.internalDoFilter(ApplicationFilterChain.java:164)
	at org.apache.catalina.core.ApplicationFilterChain.doFilter(ApplicationFilterChain.java:140)
	at org.springframework.web.filter.CharacterEncodingFilter.doFilterInternal(CharacterEncodingFilter.java:201)
	at org.springframework.web.filter.OncePerRequestFilter.doFilter(OncePerRequestFilter.java:116)
	at org.apache.catalina.core.ApplicationFilterChain.internalDoFilter(ApplicationFilterChain.java:164)
	at org.apache.catalina.core.ApplicationFilterChain.doFilter(ApplicationFilterChain.java:140)
	at org.apache.catalina.core.StandardWrapperValve.invoke(StandardWrapperValve.java:167)
	at org.apache.catalina.core.StandardContextValve.invoke(StandardContextValve.java:90)
	at org.apache.catalina.authenticator.AuthenticatorBase.invoke(AuthenticatorBase.java:483)
	at org.apache.catalina.core.StandardHostValve.invoke(StandardHostValve.java:115)
	at org.apache.catalina.valves.ErrorReportValve.invoke(ErrorReportValve.java:93)
	at org.apache.catalina.core.StandardEngineValve.invoke(StandardEngineValve.java:74)
	at org.apache.catalina.connector.CoyoteAdapter.service(CoyoteAdapter.java:344)
	at org.apache.coyote.http11.Http11Processor.service(Http11Processor.java:397)
	at org.apache.coyote.AbstractProcessorLight.process(AbstractProcessorLight.java:63)
	at org.apache.coyote.AbstractProtocol$ConnectionHandler.process(AbstractProtocol.java:905)
	at org.apache.tomcat.util.net.NioEndpoint$SocketProcessor.doRun(NioEndpoint.java:1741)
	at org.apache.tomcat.util.net.SocketProcessorBase.run(SocketProcessorBase.java:52)
	at org.apache.tomcat.util.threads.ThreadPoolExecutor.runWorker(ThreadPoolExecutor.java:1190)
	at org.apache.tomcat.util.threads.ThreadPoolExecutor$Worker.run(ThreadPoolExecutor.java:659)
	at org.apache.tomcat.util.threads.TaskThread$WrappingRunnable.run(TaskThread.java:63)
	at java.base/java.lang.Thread.run(Thread.java:1575)
19 Feb 2025 - 20:16:47.975 - o.a.c.c.C.[.[.[.[dispatcherServlet] -  ERROR - Servlet.service() for servlet [dispatcherServlet] in context with path [] threw exception [Handler dispatch failed: java.lang.NoSuchMethodError: 'void org.springframework.web.method.ControllerAdviceBean.<init>(java.lang.Object)'] with root cause
java.lang.NoSuchMethodError: 'void org.springframework.web.method.ControllerAdviceBean.<init>(java.lang.Object)'
	at org.springdoc.core.service.GenericResponseService.lambda$getGenericMapResponse$8(GenericResponseService.java:706)
	at java.base/java.util.stream.ReferencePipeline$2$1.accept(ReferencePipeline.java:196)
	at java.base/java.util.Spliterators$ArraySpliterator.forEachRemaining(Spliterators.java:1024)
	at java.base/java.util.stream.AbstractPipeline.copyInto(AbstractPipeline.java:570)
	at java.base/java.util.stream.AbstractPipeline.wrapAndCopyInto(AbstractPipeline.java:560)
	at java.base/java.util.stream.AbstractPipeline.evaluate(AbstractPipeline.java:636)
	at java.base/java.util.stream.AbstractPipeline.evaluateToArrayNode(AbstractPipeline.java:291)
	at java.base/java.util.stream.ReferencePipeline.toArray(ReferencePipeline.java:656)
	at java.base/java.util.stream.ReferencePipeline.toArray(ReferencePipeline.java:662)
	at java.base/java.util.stream.ReferencePipeline.toList(ReferencePipeline.java:667)
	at org.springdoc.core.service.GenericResponseService.getGenericMapResponse(GenericResponseService.java:708)
	at org.springdoc.core.service.GenericResponseService.build(GenericResponseService.java:247)
	at org.springdoc.api.AbstractOpenApiResource.calculatePath(AbstractOpenApiResource.java:499)
	at org.springdoc.api.AbstractOpenApiResource.calculatePath(AbstractOpenApiResource.java:676)
	at org.springdoc.webmvc.api.OpenApiResource.lambda$calculatePath$11(OpenApiResource.java:220)
	at java.base/java.util.Optional.ifPresent(Optional.java:178)
	at org.springdoc.webmvc.api.OpenApiResource.calculatePath(OpenApiResource.java:201)
	at org.springdoc.webmvc.api.OpenApiResource.lambda$getPaths$2(OpenApiResource.java:171)
	at java.base/java.util.Optional.ifPresent(Optional.java:178)
	at org.springdoc.webmvc.api.OpenApiResource.getPaths(OpenApiResource.java:150)
	at org.springdoc.api.AbstractOpenApiResource.getOpenApi(AbstractOpenApiResource.java:353)
	at org.springdoc.webmvc.api.OpenApiResource.openapiJson(OpenApiResource.java:125)
	at org.springdoc.webmvc.api.OpenApiWebMvcResource.openapiJson(OpenApiWebMvcResource.java:114)
	at java.base/jdk.internal.reflect.DirectMethodHandleAccessor.invoke(DirectMethodHandleAccessor.java:103)
	at java.base/java.lang.reflect.Method.invoke(Method.java:580)
	at org.springframework.web.method.support.InvocableHandlerMethod.doInvoke(InvocableHandlerMethod.java:257)
	at org.springframework.web.method.support.InvocableHandlerMethod.invokeForRequest(InvocableHandlerMethod.java:190)
	at org.springframework.web.servlet.mvc.method.annotation.ServletInvocableHandlerMethod.invokeAndHandle(ServletInvocableHandlerMethod.java:118)
	at org.springframework.web.servlet.mvc.method.annotation.RequestMappingHandlerAdapter.invokeHandlerMethod(RequestMappingHandlerAdapter.java:986)
	at org.springframework.web.servlet.mvc.method.annotation.RequestMappingHandlerAdapter.handleInternal(RequestMappingHandlerAdapter.java:891)
	at org.springframework.web.servlet.mvc.method.AbstractHandlerMethodAdapter.handle(AbstractHandlerMethodAdapter.java:87)
	at org.springframework.web.servlet.DispatcherServlet.doDispatch(DispatcherServlet.java:1088)
	at org.springframework.web.servlet.DispatcherServlet.doService(DispatcherServlet.java:978)
	at org.springframework.web.servlet.FrameworkServlet.processRequest(FrameworkServlet.java:1014)
	at org.springframework.web.servlet.FrameworkServlet.doGet(FrameworkServlet.java:903)
	at jakarta.servlet.http.HttpServlet.service(HttpServlet.java:564)
	at org.springframework.web.servlet.FrameworkServlet.service(FrameworkServlet.java:885)
	at jakarta.servlet.http.HttpServlet.service(HttpServlet.java:658)
	at org.apache.catalina.core.ApplicationFilterChain.internalDoFilter(ApplicationFilterChain.java:195)
	at org.apache.catalina.core.ApplicationFilterChain.doFilter(ApplicationFilterChain.java:140)
	at org.apache.tomcat.websocket.server.WsFilter.doFilter(WsFilter.java:51)
	at org.apache.catalina.core.ApplicationFilterChain.internalDoFilter(ApplicationFilterChain.java:164)
	at org.apache.catalina.core.ApplicationFilterChain.doFilter(ApplicationFilterChain.java:140)
	at org.springframework.web.filter.OncePerRequestFilter.doFilter(OncePerRequestFilter.java:101)
	at org.apache.catalina.core.ApplicationFilterChain.internalDoFilter(ApplicationFilterChain.java:164)
	at org.apache.catalina.core.ApplicationFilterChain.doFilter(ApplicationFilterChain.java:140)
	at org.springframework.web.filter.CompositeFilter$VirtualFilterChain.doFilter(CompositeFilter.java:108)
	at org.springframework.security.web.FilterChainProxy.lambda$doFilterInternal$3(FilterChainProxy.java:231)
	at org.springframework.security.web.FilterChainProxy$VirtualFilterChain.doFilter(FilterChainProxy.java:365)
	at org.springframework.security.web.access.intercept.AuthorizationFilter.doFilter(AuthorizationFilter.java:101)
	at org.springframework.security.web.FilterChainProxy$VirtualFilterChain.doFilter(FilterChainProxy.java:374)
	at org.springframework.security.web.access.ExceptionTranslationFilter.doFilter(ExceptionTranslationFilter.java:126)
	at org.springframework.security.web.access.ExceptionTranslationFilter.doFilter(ExceptionTranslationFilter.java:120)
	at org.springframework.security.web.FilterChainProxy$VirtualFilterChain.doFilter(FilterChainProxy.java:374)
	at org.springframework.security.web.authentication.AnonymousAuthenticationFilter.doFilter(AnonymousAuthenticationFilter.java:100)
	at org.springframework.security.web.FilterChainProxy$VirtualFilterChain.doFilter(FilterChainProxy.java:374)
	at org.springframework.security.web.servletapi.SecurityContextHolderAwareRequestFilter.doFilter(SecurityContextHolderAwareRequestFilter.java:179)
	at org.springframework.security.web.FilterChainProxy$VirtualFilterChain.doFilter(FilterChainProxy.java:374)
	at org.springframework.security.web.savedrequest.RequestCacheAwareFilter.doFilter(RequestCacheAwareFilter.java:63)
	at org.springframework.security.web.FilterChainProxy$VirtualFilterChain.doFilter(FilterChainProxy.java:374)
	at org.springframework.web.filter.OncePerRequestFilter.doFilter(OncePerRequestFilter.java:101)
	at org.springframework.security.web.FilterChainProxy$VirtualFilterChain.doFilter(FilterChainProxy.java:374)
	at org.springframework.security.web.authentication.logout.LogoutFilter.doFilter(LogoutFilter.java:107)
	at org.springframework.security.web.authentication.logout.LogoutFilter.doFilter(LogoutFilter.java:93)
	at org.springframework.security.web.FilterChainProxy$VirtualFilterChain.doFilter(FilterChainProxy.java:374)
	at org.springframework.security.web.header.HeaderWriterFilter.doHeadersAfter(HeaderWriterFilter.java:90)
	at org.springframework.security.web.header.HeaderWriterFilter.doFilterInternal(HeaderWriterFilter.java:75)
	at org.springframework.web.filter.OncePerRequestFilter.doFilter(OncePerRequestFilter.java:116)
	at org.springframework.security.web.FilterChainProxy$VirtualFilterChain.doFilter(FilterChainProxy.java:374)
	at org.springframework.security.web.context.SecurityContextHolderFilter.doFilter(SecurityContextHolderFilter.java:82)
	at org.springframework.security.web.context.SecurityContextHolderFilter.doFilter(SecurityContextHolderFilter.java:69)
	at org.springframework.security.web.FilterChainProxy$VirtualFilterChain.doFilter(FilterChainProxy.java:374)
	at org.springframework.security.web.context.request.async.WebAsyncManagerIntegrationFilter.doFilterInternal(WebAsyncManagerIntegrationFilter.java:62)
	at org.springframework.web.filter.OncePerRequestFilter.doFilter(OncePerRequestFilter.java:116)
	at org.springframework.security.web.FilterChainProxy$VirtualFilterChain.doFilter(FilterChainProxy.java:374)
	at org.springframework.security.web.session.DisableEncodeUrlFilter.doFilterInternal(DisableEncodeUrlFilter.java:42)
	at org.springframework.web.filter.OncePerRequestFilter.doFilter(OncePerRequestFilter.java:116)
	at org.springframework.security.web.FilterChainProxy$VirtualFilterChain.doFilter(FilterChainProxy.java:374)
	at org.springframework.security.web.FilterChainProxy.doFilterInternal(FilterChainProxy.java:233)
	at org.springframework.security.web.FilterChainProxy.doFilter(FilterChainProxy.java:191)
	at org.springframework.web.filter.CompositeFilter$VirtualFilterChain.doFilter(CompositeFilter.java:113)
	at org.springframework.web.servlet.handler.HandlerMappingIntrospector.lambda$createCacheFilter$3(HandlerMappingIntrospector.java:243)
	at org.springframework.web.filter.CompositeFilter$VirtualFilterChain.doFilter(CompositeFilter.java:113)
	at org.springframework.web.filter.CompositeFilter.doFilter(CompositeFilter.java:74)
	at org.springframework.security.config.annotation.web.configuration.WebMvcSecurityConfiguration$CompositeFilterChainProxy.doFilter(WebMvcSecurityConfiguration.java:238)
	at org.springframework.web.filter.DelegatingFilterProxy.invokeDelegate(DelegatingFilterProxy.java:362)
	at org.springframework.web.filter.DelegatingFilterProxy.doFilter(DelegatingFilterProxy.java:278)
	at org.apache.catalina.core.ApplicationFilterChain.internalDoFilter(ApplicationFilterChain.java:164)
	at org.apache.catalina.core.ApplicationFilterChain.doFilter(ApplicationFilterChain.java:140)
	at org.springframework.web.filter.RequestContextFilter.doFilterInternal(RequestContextFilter.java:100)
	at org.springframework.web.filter.OncePerRequestFilter.doFilter(OncePerRequestFilter.java:116)
	at org.apache.catalina.core.ApplicationFilterChain.internalDoFilter(ApplicationFilterChain.java:164)
	at org.apache.catalina.core.ApplicationFilterChain.doFilter(ApplicationFilterChain.java:140)
	at org.springframework.web.filter.FormContentFilter.doFilterInternal(FormContentFilter.java:93)
	at org.springframework.web.filter.OncePerRequestFilter.doFilter(OncePerRequestFilter.java:116)
	at org.apache.catalina.core.ApplicationFilterChain.internalDoFilter(ApplicationFilterChain.java:164)
	at org.apache.catalina.core.ApplicationFilterChain.doFilter(ApplicationFilterChain.java:140)
	at org.springframework.web.filter.CharacterEncodingFilter.doFilterInternal(CharacterEncodingFilter.java:201)
	at org.springframework.web.filter.OncePerRequestFilter.doFilter(OncePerRequestFilter.java:116)
	at org.apache.catalina.core.ApplicationFilterChain.internalDoFilter(ApplicationFilterChain.java:164)
	at org.apache.catalina.core.ApplicationFilterChain.doFilter(ApplicationFilterChain.java:140)
	at org.apache.catalina.core.StandardWrapperValve.invoke(StandardWrapperValve.java:167)
	at org.apache.catalina.core.StandardContextValve.invoke(StandardContextValve.java:90)
	at org.apache.catalina.authenticator.AuthenticatorBase.invoke(AuthenticatorBase.java:483)
	at org.apache.catalina.core.StandardHostValve.invoke(StandardHostValve.java:115)
	at org.apache.catalina.valves.ErrorReportValve.invoke(ErrorReportValve.java:93)
	at org.apache.catalina.core.StandardEngineValve.invoke(StandardEngineValve.java:74)
	at org.apache.catalina.connector.CoyoteAdapter.service(CoyoteAdapter.java:344)
	at org.apache.coyote.http11.Http11Processor.service(Http11Processor.java:397)
	at org.apache.coyote.AbstractProcessorLight.process(AbstractProcessorLight.java:63)
	at org.apache.coyote.AbstractProtocol$ConnectionHandler.process(AbstractProtocol.java:905)
	at org.apache.tomcat.util.net.NioEndpoint$SocketProcessor.doRun(NioEndpoint.java:1741)
	at org.apache.tomcat.util.net.SocketProcessorBase.run(SocketProcessorBase.java:52)
	at org.apache.tomcat.util.threads.ThreadPoolExecutor.runWorker(ThreadPoolExecutor.java:1190)
	at org.apache.tomcat.util.threads.ThreadPoolExecutor$Worker.run(ThreadPoolExecutor.java:659)
	at org.apache.tomcat.util.threads.TaskThread$WrappingRunnable.run(TaskThread.java:63)
	at java.base/java.lang.Thread.run(Thread.java:1575)
19 Feb 2025 - 20:16:49.871 - o.a.c.c.C.[.[.[.[dispatcherServlet] -  ERROR - Servlet.service() for servlet [dispatcherServlet] in context with path [] threw exception [Handler dispatch failed: java.lang.NoSuchMethodError: 'void org.springframework.web.method.ControllerAdviceBean.<init>(java.lang.Object)'] with root cause
java.lang.NoSuchMethodError: 'void org.springframework.web.method.ControllerAdviceBean.<init>(java.lang.Object)'
	at org.springdoc.core.service.GenericResponseService.lambda$getGenericMapResponse$8(GenericResponseService.java:706)
	at java.base/java.util.stream.ReferencePipeline$2$1.accept(ReferencePipeline.java:196)
	at java.base/java.util.Spliterators$ArraySpliterator.forEachRemaining(Spliterators.java:1024)
	at java.base/java.util.stream.AbstractPipeline.copyInto(AbstractPipeline.java:570)
	at java.base/java.util.stream.AbstractPipeline.wrapAndCopyInto(AbstractPipeline.java:560)
	at java.base/java.util.stream.AbstractPipeline.evaluate(AbstractPipeline.java:636)
	at java.base/java.util.stream.AbstractPipeline.evaluateToArrayNode(AbstractPipeline.java:291)
	at java.base/java.util.stream.ReferencePipeline.toArray(ReferencePipeline.java:656)
	at java.base/java.util.stream.ReferencePipeline.toArray(ReferencePipeline.java:662)
	at java.base/java.util.stream.ReferencePipeline.toList(ReferencePipeline.java:667)
	at org.springdoc.core.service.GenericResponseService.getGenericMapResponse(GenericResponseService.java:708)
	at org.springdoc.core.service.GenericResponseService.build(GenericResponseService.java:247)
	at org.springdoc.api.AbstractOpenApiResource.calculatePath(AbstractOpenApiResource.java:499)
	at org.springdoc.api.AbstractOpenApiResource.calculatePath(AbstractOpenApiResource.java:676)
	at org.springdoc.webmvc.api.OpenApiResource.lambda$calculatePath$11(OpenApiResource.java:220)
	at java.base/java.util.Optional.ifPresent(Optional.java:178)
	at org.springdoc.webmvc.api.OpenApiResource.calculatePath(OpenApiResource.java:201)
	at org.springdoc.webmvc.api.OpenApiResource.lambda$getPaths$2(OpenApiResource.java:171)
	at java.base/java.util.Optional.ifPresent(Optional.java:178)
	at org.springdoc.webmvc.api.OpenApiResource.getPaths(OpenApiResource.java:150)
	at org.springdoc.api.AbstractOpenApiResource.getOpenApi(AbstractOpenApiResource.java:353)
	at org.springdoc.webmvc.api.OpenApiResource.openapiJson(OpenApiResource.java:125)
	at org.springdoc.webmvc.api.OpenApiWebMvcResource.openapiJson(OpenApiWebMvcResource.java:114)
	at java.base/jdk.internal.reflect.DirectMethodHandleAccessor.invoke(DirectMethodHandleAccessor.java:103)
	at java.base/java.lang.reflect.Method.invoke(Method.java:580)
	at org.springframework.web.method.support.InvocableHandlerMethod.doInvoke(InvocableHandlerMethod.java:257)
	at org.springframework.web.method.support.InvocableHandlerMethod.invokeForRequest(InvocableHandlerMethod.java:190)
	at org.springframework.web.servlet.mvc.method.annotation.ServletInvocableHandlerMethod.invokeAndHandle(ServletInvocableHandlerMethod.java:118)
	at org.springframework.web.servlet.mvc.method.annotation.RequestMappingHandlerAdapter.invokeHandlerMethod(RequestMappingHandlerAdapter.java:986)
	at org.springframework.web.servlet.mvc.method.annotation.RequestMappingHandlerAdapter.handleInternal(RequestMappingHandlerAdapter.java:891)
	at org.springframework.web.servlet.mvc.method.AbstractHandlerMethodAdapter.handle(AbstractHandlerMethodAdapter.java:87)
	at org.springframework.web.servlet.DispatcherServlet.doDispatch(DispatcherServlet.java:1088)
	at org.springframework.web.servlet.DispatcherServlet.doService(DispatcherServlet.java:978)
	at org.springframework.web.servlet.FrameworkServlet.processRequest(FrameworkServlet.java:1014)
	at org.springframework.web.servlet.FrameworkServlet.doGet(FrameworkServlet.java:903)
	at jakarta.servlet.http.HttpServlet.service(HttpServlet.java:564)
	at org.springframework.web.servlet.FrameworkServlet.service(FrameworkServlet.java:885)
	at jakarta.servlet.http.HttpServlet.service(HttpServlet.java:658)
	at org.apache.catalina.core.ApplicationFilterChain.internalDoFilter(ApplicationFilterChain.java:195)
	at org.apache.catalina.core.ApplicationFilterChain.doFilter(ApplicationFilterChain.java:140)
	at org.apache.tomcat.websocket.server.WsFilter.doFilter(WsFilter.java:51)
	at org.apache.catalina.core.ApplicationFilterChain.internalDoFilter(ApplicationFilterChain.java:164)
	at org.apache.catalina.core.ApplicationFilterChain.doFilter(ApplicationFilterChain.java:140)
	at org.springframework.web.filter.OncePerRequestFilter.doFilter(OncePerRequestFilter.java:101)
	at org.apache.catalina.core.ApplicationFilterChain.internalDoFilter(ApplicationFilterChain.java:164)
	at org.apache.catalina.core.ApplicationFilterChain.doFilter(ApplicationFilterChain.java:140)
	at org.springframework.web.filter.CompositeFilter$VirtualFilterChain.doFilter(CompositeFilter.java:108)
	at org.springframework.security.web.FilterChainProxy.lambda$doFilterInternal$3(FilterChainProxy.java:231)
	at org.springframework.security.web.FilterChainProxy$VirtualFilterChain.doFilter(FilterChainProxy.java:365)
	at org.springframework.security.web.access.intercept.AuthorizationFilter.doFilter(AuthorizationFilter.java:101)
	at org.springframework.security.web.FilterChainProxy$VirtualFilterChain.doFilter(FilterChainProxy.java:374)
	at org.springframework.security.web.access.ExceptionTranslationFilter.doFilter(ExceptionTranslationFilter.java:126)
	at org.springframework.security.web.access.ExceptionTranslationFilter.doFilter(ExceptionTranslationFilter.java:120)
	at org.springframework.security.web.FilterChainProxy$VirtualFilterChain.doFilter(FilterChainProxy.java:374)
	at org.springframework.security.web.authentication.AnonymousAuthenticationFilter.doFilter(AnonymousAuthenticationFilter.java:100)
	at org.springframework.security.web.FilterChainProxy$VirtualFilterChain.doFilter(FilterChainProxy.java:374)
	at org.springframework.security.web.servletapi.SecurityContextHolderAwareRequestFilter.doFilter(SecurityContextHolderAwareRequestFilter.java:179)
	at org.springframework.security.web.FilterChainProxy$VirtualFilterChain.doFilter(FilterChainProxy.java:374)
	at org.springframework.security.web.savedrequest.RequestCacheAwareFilter.doFilter(RequestCacheAwareFilter.java:63)
	at org.springframework.security.web.FilterChainProxy$VirtualFilterChain.doFilter(FilterChainProxy.java:374)
	at org.springframework.web.filter.OncePerRequestFilter.doFilter(OncePerRequestFilter.java:101)
	at org.springframework.security.web.FilterChainProxy$VirtualFilterChain.doFilter(FilterChainProxy.java:374)
	at org.springframework.security.web.authentication.logout.LogoutFilter.doFilter(LogoutFilter.java:107)
	at org.springframework.security.web.authentication.logout.LogoutFilter.doFilter(LogoutFilter.java:93)
	at org.springframework.security.web.FilterChainProxy$VirtualFilterChain.doFilter(FilterChainProxy.java:374)
	at org.springframework.security.web.header.HeaderWriterFilter.doHeadersAfter(HeaderWriterFilter.java:90)
	at org.springframework.security.web.header.HeaderWriterFilter.doFilterInternal(HeaderWriterFilter.java:75)
	at org.springframework.web.filter.OncePerRequestFilter.doFilter(OncePerRequestFilter.java:116)
	at org.springframework.security.web.FilterChainProxy$VirtualFilterChain.doFilter(FilterChainProxy.java:374)
	at org.springframework.security.web.context.SecurityContextHolderFilter.doFilter(SecurityContextHolderFilter.java:82)
	at org.springframework.security.web.context.SecurityContextHolderFilter.doFilter(SecurityContextHolderFilter.java:69)
	at org.springframework.security.web.FilterChainProxy$VirtualFilterChain.doFilter(FilterChainProxy.java:374)
	at org.springframework.security.web.context.request.async.WebAsyncManagerIntegrationFilter.doFilterInternal(WebAsyncManagerIntegrationFilter.java:62)
	at org.springframework.web.filter.OncePerRequestFilter.doFilter(OncePerRequestFilter.java:116)
	at org.springframework.security.web.FilterChainProxy$VirtualFilterChain.doFilter(FilterChainProxy.java:374)
	at org.springframework.security.web.session.DisableEncodeUrlFilter.doFilterInternal(DisableEncodeUrlFilter.java:42)
	at org.springframework.web.filter.OncePerRequestFilter.doFilter(OncePerRequestFilter.java:116)
	at org.springframework.security.web.FilterChainProxy$VirtualFilterChain.doFilter(FilterChainProxy.java:374)
	at org.springframework.security.web.FilterChainProxy.doFilterInternal(FilterChainProxy.java:233)
	at org.springframework.security.web.FilterChainProxy.doFilter(FilterChainProxy.java:191)
	at org.springframework.web.filter.CompositeFilter$VirtualFilterChain.doFilter(CompositeFilter.java:113)
	at org.springframework.web.servlet.handler.HandlerMappingIntrospector.lambda$createCacheFilter$3(HandlerMappingIntrospector.java:243)
	at org.springframework.web.filter.CompositeFilter$VirtualFilterChain.doFilter(CompositeFilter.java:113)
	at org.springframework.web.filter.CompositeFilter.doFilter(CompositeFilter.java:74)
	at org.springframework.security.config.annotation.web.configuration.WebMvcSecurityConfiguration$CompositeFilterChainProxy.doFilter(WebMvcSecurityConfiguration.java:238)
	at org.springframework.web.filter.DelegatingFilterProxy.invokeDelegate(DelegatingFilterProxy.java:362)
	at org.springframework.web.filter.DelegatingFilterProxy.doFilter(DelegatingFilterProxy.java:278)
	at org.apache.catalina.core.ApplicationFilterChain.internalDoFilter(ApplicationFilterChain.java:164)
	at org.apache.catalina.core.ApplicationFilterChain.doFilter(ApplicationFilterChain.java:140)
	at org.springframework.web.filter.RequestContextFilter.doFilterInternal(RequestContextFilter.java:100)
	at org.springframework.web.filter.OncePerRequestFilter.doFilter(OncePerRequestFilter.java:116)
	at org.apache.catalina.core.ApplicationFilterChain.internalDoFilter(ApplicationFilterChain.java:164)
	at org.apache.catalina.core.ApplicationFilterChain.doFilter(ApplicationFilterChain.java:140)
	at org.springframework.web.filter.FormContentFilter.doFilterInternal(FormContentFilter.java:93)
	at org.springframework.web.filter.OncePerRequestFilter.doFilter(OncePerRequestFilter.java:116)
	at org.apache.catalina.core.ApplicationFilterChain.internalDoFilter(ApplicationFilterChain.java:164)
	at org.apache.catalina.core.ApplicationFilterChain.doFilter(ApplicationFilterChain.java:140)
	at org.springframework.web.filter.CharacterEncodingFilter.doFilterInternal(CharacterEncodingFilter.java:201)
	at org.springframework.web.filter.OncePerRequestFilter.doFilter(OncePerRequestFilter.java:116)
	at org.apache.catalina.core.ApplicationFilterChain.internalDoFilter(ApplicationFilterChain.java:164)
	at org.apache.catalina.core.ApplicationFilterChain.doFilter(ApplicationFilterChain.java:140)
	at org.apache.catalina.core.StandardWrapperValve.invoke(StandardWrapperValve.java:167)
	at org.apache.catalina.core.StandardContextValve.invoke(StandardContextValve.java:90)
	at org.apache.catalina.authenticator.AuthenticatorBase.invoke(AuthenticatorBase.java:483)
	at org.apache.catalina.core.StandardHostValve.invoke(StandardHostValve.java:115)
	at org.apache.catalina.valves.ErrorReportValve.invoke(ErrorReportValve.java:93)
	at org.apache.catalina.core.StandardEngineValve.invoke(StandardEngineValve.java:74)
	at org.apache.catalina.connector.CoyoteAdapter.service(CoyoteAdapter.java:344)
	at org.apache.coyote.http11.Http11Processor.service(Http11Processor.java:397)
	at org.apache.coyote.AbstractProcessorLight.process(AbstractProcessorLight.java:63)
	at org.apache.coyote.AbstractProtocol$ConnectionHandler.process(AbstractProtocol.java:905)
	at org.apache.tomcat.util.net.NioEndpoint$SocketProcessor.doRun(NioEndpoint.java:1741)
	at org.apache.tomcat.util.net.SocketProcessorBase.run(SocketProcessorBase.java:52)
	at org.apache.tomcat.util.threads.ThreadPoolExecutor.runWorker(ThreadPoolExecutor.java:1190)
	at org.apache.tomcat.util.threads.ThreadPoolExecutor$Worker.run(ThreadPoolExecutor.java:659)
	at org.apache.tomcat.util.threads.TaskThread$WrappingRunnable.run(TaskThread.java:63)
	at java.base/java.lang.Thread.run(Thread.java:1575)
19 Feb 2025 - 20:17:45.150 - o.s.b.w.e.tomcat.GracefulShutdown -  INFO  - Commencing graceful shutdown. Waiting for active requests to complete
19 Feb 2025 - 20:17:45.154 - o.s.b.w.e.tomcat.GracefulShutdown -  INFO  - Graceful shutdown complete
19 Feb 2025 - 20:17:45.163 - o.s.o.j.LocalContainerEntityManagerFactoryBean -  INFO  - Closing JPA EntityManagerFactory for persistence unit 'default'
19 Feb 2025 - 20:17:45.165 - com.zaxxer.hikari.HikariDataSource -  INFO  - HikariPool-1 - Shutdown initiated...
19 Feb 2025 - 20:17:45.169 - com.zaxxer.hikari.HikariDataSource -  INFO  - HikariPool-1 - Shutdown completed.
19 Feb 2025 - 20:27:36.836 - c.example.KunUzPractiseApplication -  INFO  - Starting KunUzPractiseApplication using Java 21.0.6 with PID 16032 (C:\Users\Sanjar\IdeaProjects\kun_uz_practise\target\classes started by Sanjar in C:\Users\Sanjar\IdeaProjects\kun_uz_practise)
19 Feb 2025 - 20:27:36.850 - c.example.KunUzPractiseApplication -  INFO  - The following 1 profile is active: "local"
19 Feb 2025 - 20:27:37.738 - o.s.d.r.c.RepositoryConfigurationDelegate -  INFO  - Bootstrapping Spring Data JPA repositories in DEFAULT mode.
19 Feb 2025 - 20:27:37.826 - o.s.d.r.c.RepositoryConfigurationDelegate -  INFO  - Finished Spring Data repository scanning in 80 ms. Found 14 JPA repository interfaces.
19 Feb 2025 - 20:27:38.379 - o.s.b.w.e.tomcat.TomcatWebServer -  INFO  - Tomcat initialized with port 8080 (http)
19 Feb 2025 - 20:27:38.396 - o.a.catalina.core.StandardService -  INFO  - Starting service [Tomcat]
19 Feb 2025 - 20:27:38.396 - o.a.catalina.core.StandardEngine -  INFO  - Starting Servlet engine: [Apache Tomcat/10.1.34]
19 Feb 2025 - 20:27:38.451 - o.a.c.c.C.[Tomcat].[localhost].[/] -  INFO  - Initializing Spring embedded WebApplicationContext
19 Feb 2025 - 20:27:38.452 - o.s.b.w.s.c.ServletWebServerApplicationContext -  INFO  - Root WebApplicationContext: initialization completed in 1556 ms
19 Feb 2025 - 20:27:38.505 - com.zaxxer.hikari.HikariDataSource -  INFO  - HikariPool-1 - Starting...
19 Feb 2025 - 20:27:38.651 - com.zaxxer.hikari.pool.HikariPool -  INFO  - HikariPool-1 - Added connection org.postgresql.jdbc.PgConnection@96abc76
19 Feb 2025 - 20:27:38.653 - com.zaxxer.hikari.HikariDataSource -  INFO  - HikariPool-1 - Start completed.
19 Feb 2025 - 20:27:38.741 - o.h.jpa.internal.util.LogHelper -  INFO  - HHH000204: Processing PersistenceUnitInfo [name: default]
19 Feb 2025 - 20:27:38.788 - org.hibernate.Version -  INFO  - HHH000412: Hibernate ORM core version 6.6.5.Final
19 Feb 2025 - 20:27:38.817 - o.h.c.i.RegionFactoryInitiator -  INFO  - HHH000026: Second-level cache disabled
19 Feb 2025 - 20:27:39.056 - o.s.o.j.p.SpringPersistenceUnitInfo -  INFO  - No LoadTimeWeaver setup: ignoring JPA class transformer
19 Feb 2025 - 20:27:39.155 - o.hibernate.orm.connections.pooling -  INFO  - HHH10001005: Database info:
	Database JDBC URL [Connecting through datasource 'HikariDataSource (HikariPool-1)']
	Database driver: undefined/unknown
	Database version: 17.2
	Autocommit mode: undefined/unknown
	Isolation level: undefined/unknown
	Minimum pool size: undefined/unknown
	Maximum pool size: undefined/unknown
19 Feb 2025 - 20:27:40.348 - o.h.e.t.j.p.i.JtaPlatformInitiator -  INFO  - HHH000489: No JTA platform available (set 'hibernate.transaction.jta.platform' to enable JTA platform integration)
19 Feb 2025 - 20:27:41.061 - o.s.o.j.LocalContainerEntityManagerFactoryBean -  INFO  - Initialized JPA EntityManagerFactory for persistence unit 'default'
19 Feb 2025 - 20:27:41.394 - o.s.d.j.r.query.QueryEnhancerFactory -  INFO  - Hibernate is in classpath; If applicable, HQL parser will be used.
19 Feb 2025 - 20:27:43.126 - o.s.b.a.o.j.JpaBaseConfiguration$JpaWebConfiguration -  WARN  - spring.jpa.open-in-view is enabled by default. Therefore, database queries may be performed during view rendering. Explicitly configure spring.jpa.open-in-view to disable this warning
19 Feb 2025 - 20:27:43.168 - o.s.s.c.a.a.c.InitializeAuthenticationProviderBeanManagerConfigurer$InitializeAuthenticationProviderManagerConfigurer -  INFO  - Global AuthenticationManager configured with AuthenticationProvider bean with name authenticationProvider
19 Feb 2025 - 20:27:43.169 - o.s.s.c.a.a.c.InitializeUserDetailsBeanManagerConfigurer$InitializeUserDetailsManagerConfigurer -  WARN  - Global AuthenticationManager configured with an AuthenticationProvider bean. UserDetailsService beans will not be used by Spring Security for automatically configuring username/password login. Consider removing the AuthenticationProvider bean. Alternatively, consider using the UserDetailsService in a manually instantiated DaoAuthenticationProvider. If the current configuration is intentional, to turn off this warning, increase the logging level of 'org.springframework.security.config.annotation.authentication.configuration.InitializeUserDetailsBeanManagerConfigurer' to ERROR
19 Feb 2025 - 20:27:44.055 - o.s.b.w.e.tomcat.TomcatWebServer -  INFO  - Tomcat started on port 8080 (http) with context path '/'
19 Feb 2025 - 20:27:44.065 - c.example.KunUzPractiseApplication -  INFO  - Started KunUzPractiseApplication in 7.751 seconds (process running for 8.477)
19 Feb 2025 - 20:27:44.128 - o.f.c.i.license.VersionPrinter -  INFO  - Flyway Community Edition 9.22.3 by Redgate
19 Feb 2025 - 20:27:44.129 - o.f.c.i.license.VersionPrinter -  INFO  - See release notes here: https://rd.gt/416ObMi
19 Feb 2025 - 20:27:44.129 - o.f.c.i.license.VersionPrinter -  INFO  - 
19 Feb 2025 - 20:27:44.145 - org.flywaydb.core.FlywayExecutor -  INFO  - Database: jdbc:postgresql://localhost:5432/kun_uz_practise (PostgreSQL 17.2)
19 Feb 2025 - 20:27:44.151 - o.f.c.i.database.base.Database -  WARN  - Flyway upgrade recommended: PostgreSQL 17.2 is newer than this version of Flyway and support has not been tested. The latest supported version of PostgreSQL is 15.
19 Feb 2025 - 20:27:44.182 - o.f.core.internal.command.DbValidate -  INFO  - Successfully validated 4 migrations (execution time 00:00.021s)
19 Feb 2025 - 20:27:44.194 - o.f.core.internal.command.DbMigrate -  INFO  - Current version of schema "public": 1.2
19 Feb 2025 - 20:27:44.196 - o.f.core.internal.command.DbMigrate -  INFO  - Schema "public" is up to date. No migration necessary.
19 Feb 2025 - 20:27:58.141 - o.a.c.c.C.[Tomcat].[localhost].[/] -  INFO  - Initializing Spring DispatcherServlet 'dispatcherServlet'
19 Feb 2025 - 20:27:58.142 - o.s.web.servlet.DispatcherServlet -  INFO  - Initializing Servlet 'dispatcherServlet'
19 Feb 2025 - 20:27:58.145 - o.s.web.servlet.DispatcherServlet -  INFO  - Completed initialization in 3 ms
19 Feb 2025 - 20:28:00.035 - o.a.c.c.C.[.[.[.[dispatcherServlet] -  ERROR - Servlet.service() for servlet [dispatcherServlet] in context with path [] threw exception [Handler dispatch failed: java.lang.NoSuchMethodError: 'void org.springframework.web.method.ControllerAdviceBean.<init>(java.lang.Object)'] with root cause
java.lang.NoSuchMethodError: 'void org.springframework.web.method.ControllerAdviceBean.<init>(java.lang.Object)'
	at org.springdoc.core.service.GenericResponseService.lambda$getGenericMapResponse$8(GenericResponseService.java:706)
	at java.base/java.util.stream.ReferencePipeline$2$1.accept(ReferencePipeline.java:178)
	at java.base/java.util.Spliterators$ArraySpliterator.forEachRemaining(Spliterators.java:1024)
	at java.base/java.util.stream.AbstractPipeline.copyInto(AbstractPipeline.java:509)
	at java.base/java.util.stream.AbstractPipeline.wrapAndCopyInto(AbstractPipeline.java:499)
	at java.base/java.util.stream.AbstractPipeline.evaluate(AbstractPipeline.java:575)
	at java.base/java.util.stream.AbstractPipeline.evaluateToArrayNode(AbstractPipeline.java:260)
	at java.base/java.util.stream.ReferencePipeline.toArray(ReferencePipeline.java:616)
	at java.base/java.util.stream.ReferencePipeline.toArray(ReferencePipeline.java:622)
	at java.base/java.util.stream.ReferencePipeline.toList(ReferencePipeline.java:627)
	at org.springdoc.core.service.GenericResponseService.getGenericMapResponse(GenericResponseService.java:708)
	at org.springdoc.core.service.GenericResponseService.build(GenericResponseService.java:247)
	at org.springdoc.api.AbstractOpenApiResource.calculatePath(AbstractOpenApiResource.java:499)
	at org.springdoc.api.AbstractOpenApiResource.calculatePath(AbstractOpenApiResource.java:676)
	at org.springdoc.webmvc.api.OpenApiResource.lambda$calculatePath$11(OpenApiResource.java:220)
	at java.base/java.util.Optional.ifPresent(Optional.java:178)
	at org.springdoc.webmvc.api.OpenApiResource.calculatePath(OpenApiResource.java:201)
	at org.springdoc.webmvc.api.OpenApiResource.lambda$getPaths$2(OpenApiResource.java:171)
	at java.base/java.util.Optional.ifPresent(Optional.java:178)
	at org.springdoc.webmvc.api.OpenApiResource.getPaths(OpenApiResource.java:150)
	at org.springdoc.api.AbstractOpenApiResource.getOpenApi(AbstractOpenApiResource.java:353)
	at org.springdoc.webmvc.api.OpenApiResource.openapiJson(OpenApiResource.java:125)
	at org.springdoc.webmvc.api.OpenApiWebMvcResource.openapiJson(OpenApiWebMvcResource.java:114)
	at java.base/jdk.internal.reflect.DirectMethodHandleAccessor.invoke(DirectMethodHandleAccessor.java:103)
	at java.base/java.lang.reflect.Method.invoke(Method.java:580)
	at org.springframework.web.method.support.InvocableHandlerMethod.doInvoke(InvocableHandlerMethod.java:257)
	at org.springframework.web.method.support.InvocableHandlerMethod.invokeForRequest(InvocableHandlerMethod.java:190)
	at org.springframework.web.servlet.mvc.method.annotation.ServletInvocableHandlerMethod.invokeAndHandle(ServletInvocableHandlerMethod.java:118)
	at org.springframework.web.servlet.mvc.method.annotation.RequestMappingHandlerAdapter.invokeHandlerMethod(RequestMappingHandlerAdapter.java:986)
	at org.springframework.web.servlet.mvc.method.annotation.RequestMappingHandlerAdapter.handleInternal(RequestMappingHandlerAdapter.java:891)
	at org.springframework.web.servlet.mvc.method.AbstractHandlerMethodAdapter.handle(AbstractHandlerMethodAdapter.java:87)
	at org.springframework.web.servlet.DispatcherServlet.doDispatch(DispatcherServlet.java:1088)
	at org.springframework.web.servlet.DispatcherServlet.doService(DispatcherServlet.java:978)
	at org.springframework.web.servlet.FrameworkServlet.processRequest(FrameworkServlet.java:1014)
	at org.springframework.web.servlet.FrameworkServlet.doGet(FrameworkServlet.java:903)
	at jakarta.servlet.http.HttpServlet.service(HttpServlet.java:564)
	at org.springframework.web.servlet.FrameworkServlet.service(FrameworkServlet.java:885)
	at jakarta.servlet.http.HttpServlet.service(HttpServlet.java:658)
	at org.apache.catalina.core.ApplicationFilterChain.internalDoFilter(ApplicationFilterChain.java:195)
	at org.apache.catalina.core.ApplicationFilterChain.doFilter(ApplicationFilterChain.java:140)
	at org.apache.tomcat.websocket.server.WsFilter.doFilter(WsFilter.java:51)
	at org.apache.catalina.core.ApplicationFilterChain.internalDoFilter(ApplicationFilterChain.java:164)
	at org.apache.catalina.core.ApplicationFilterChain.doFilter(ApplicationFilterChain.java:140)
	at org.springframework.web.filter.OncePerRequestFilter.doFilter(OncePerRequestFilter.java:101)
	at org.apache.catalina.core.ApplicationFilterChain.internalDoFilter(ApplicationFilterChain.java:164)
	at org.apache.catalina.core.ApplicationFilterChain.doFilter(ApplicationFilterChain.java:140)
	at org.springframework.web.filter.CompositeFilter$VirtualFilterChain.doFilter(CompositeFilter.java:108)
	at org.springframework.security.web.FilterChainProxy.lambda$doFilterInternal$3(FilterChainProxy.java:231)
	at org.springframework.security.web.FilterChainProxy$VirtualFilterChain.doFilter(FilterChainProxy.java:365)
	at org.springframework.security.web.access.intercept.AuthorizationFilter.doFilter(AuthorizationFilter.java:101)
	at org.springframework.security.web.FilterChainProxy$VirtualFilterChain.doFilter(FilterChainProxy.java:374)
	at org.springframework.security.web.access.ExceptionTranslationFilter.doFilter(ExceptionTranslationFilter.java:126)
	at org.springframework.security.web.access.ExceptionTranslationFilter.doFilter(ExceptionTranslationFilter.java:120)
	at org.springframework.security.web.FilterChainProxy$VirtualFilterChain.doFilter(FilterChainProxy.java:374)
	at org.springframework.security.web.authentication.AnonymousAuthenticationFilter.doFilter(AnonymousAuthenticationFilter.java:100)
	at org.springframework.security.web.FilterChainProxy$VirtualFilterChain.doFilter(FilterChainProxy.java:374)
	at org.springframework.security.web.servletapi.SecurityContextHolderAwareRequestFilter.doFilter(SecurityContextHolderAwareRequestFilter.java:179)
	at org.springframework.security.web.FilterChainProxy$VirtualFilterChain.doFilter(FilterChainProxy.java:374)
	at org.springframework.security.web.savedrequest.RequestCacheAwareFilter.doFilter(RequestCacheAwareFilter.java:63)
	at org.springframework.security.web.FilterChainProxy$VirtualFilterChain.doFilter(FilterChainProxy.java:374)
	at org.springframework.web.filter.OncePerRequestFilter.doFilter(OncePerRequestFilter.java:101)
	at org.springframework.security.web.FilterChainProxy$VirtualFilterChain.doFilter(FilterChainProxy.java:374)
	at org.springframework.security.web.authentication.logout.LogoutFilter.doFilter(LogoutFilter.java:107)
	at org.springframework.security.web.authentication.logout.LogoutFilter.doFilter(LogoutFilter.java:93)
	at org.springframework.security.web.FilterChainProxy$VirtualFilterChain.doFilter(FilterChainProxy.java:374)
	at org.springframework.security.web.header.HeaderWriterFilter.doHeadersAfter(HeaderWriterFilter.java:90)
	at org.springframework.security.web.header.HeaderWriterFilter.doFilterInternal(HeaderWriterFilter.java:75)
	at org.springframework.web.filter.OncePerRequestFilter.doFilter(OncePerRequestFilter.java:116)
	at org.springframework.security.web.FilterChainProxy$VirtualFilterChain.doFilter(FilterChainProxy.java:374)
	at org.springframework.security.web.context.SecurityContextHolderFilter.doFilter(SecurityContextHolderFilter.java:82)
	at org.springframework.security.web.context.SecurityContextHolderFilter.doFilter(SecurityContextHolderFilter.java:69)
	at org.springframework.security.web.FilterChainProxy$VirtualFilterChain.doFilter(FilterChainProxy.java:374)
	at org.springframework.security.web.context.request.async.WebAsyncManagerIntegrationFilter.doFilterInternal(WebAsyncManagerIntegrationFilter.java:62)
	at org.springframework.web.filter.OncePerRequestFilter.doFilter(OncePerRequestFilter.java:116)
	at org.springframework.security.web.FilterChainProxy$VirtualFilterChain.doFilter(FilterChainProxy.java:374)
	at org.springframework.security.web.session.DisableEncodeUrlFilter.doFilterInternal(DisableEncodeUrlFilter.java:42)
	at org.springframework.web.filter.OncePerRequestFilter.doFilter(OncePerRequestFilter.java:116)
	at org.springframework.security.web.FilterChainProxy$VirtualFilterChain.doFilter(FilterChainProxy.java:374)
	at org.springframework.security.web.FilterChainProxy.doFilterInternal(FilterChainProxy.java:233)
	at org.springframework.security.web.FilterChainProxy.doFilter(FilterChainProxy.java:191)
	at org.springframework.web.filter.CompositeFilter$VirtualFilterChain.doFilter(CompositeFilter.java:113)
	at org.springframework.web.servlet.handler.HandlerMappingIntrospector.lambda$createCacheFilter$3(HandlerMappingIntrospector.java:243)
	at org.springframework.web.filter.CompositeFilter$VirtualFilterChain.doFilter(CompositeFilter.java:113)
	at org.springframework.web.filter.CompositeFilter.doFilter(CompositeFilter.java:74)
	at org.springframework.security.config.annotation.web.configuration.WebMvcSecurityConfiguration$CompositeFilterChainProxy.doFilter(WebMvcSecurityConfiguration.java:238)
	at org.springframework.web.filter.DelegatingFilterProxy.invokeDelegate(DelegatingFilterProxy.java:362)
	at org.springframework.web.filter.DelegatingFilterProxy.doFilter(DelegatingFilterProxy.java:278)
	at org.apache.catalina.core.ApplicationFilterChain.internalDoFilter(ApplicationFilterChain.java:164)
	at org.apache.catalina.core.ApplicationFilterChain.doFilter(ApplicationFilterChain.java:140)
	at org.springframework.web.filter.RequestContextFilter.doFilterInternal(RequestContextFilter.java:100)
	at org.springframework.web.filter.OncePerRequestFilter.doFilter(OncePerRequestFilter.java:116)
	at org.apache.catalina.core.ApplicationFilterChain.internalDoFilter(ApplicationFilterChain.java:164)
	at org.apache.catalina.core.ApplicationFilterChain.doFilter(ApplicationFilterChain.java:140)
	at org.springframework.web.filter.FormContentFilter.doFilterInternal(FormContentFilter.java:93)
	at org.springframework.web.filter.OncePerRequestFilter.doFilter(OncePerRequestFilter.java:116)
	at org.apache.catalina.core.ApplicationFilterChain.internalDoFilter(ApplicationFilterChain.java:164)
	at org.apache.catalina.core.ApplicationFilterChain.doFilter(ApplicationFilterChain.java:140)
	at org.springframework.web.filter.CharacterEncodingFilter.doFilterInternal(CharacterEncodingFilter.java:201)
	at org.springframework.web.filter.OncePerRequestFilter.doFilter(OncePerRequestFilter.java:116)
	at org.apache.catalina.core.ApplicationFilterChain.internalDoFilter(ApplicationFilterChain.java:164)
	at org.apache.catalina.core.ApplicationFilterChain.doFilter(ApplicationFilterChain.java:140)
	at org.apache.catalina.core.StandardWrapperValve.invoke(StandardWrapperValve.java:167)
	at org.apache.catalina.core.StandardContextValve.invoke(StandardContextValve.java:90)
	at org.apache.catalina.authenticator.AuthenticatorBase.invoke(AuthenticatorBase.java:483)
	at org.apache.catalina.core.StandardHostValve.invoke(StandardHostValve.java:115)
	at org.apache.catalina.valves.ErrorReportValve.invoke(ErrorReportValve.java:93)
	at org.apache.catalina.core.StandardEngineValve.invoke(StandardEngineValve.java:74)
	at org.apache.catalina.connector.CoyoteAdapter.service(CoyoteAdapter.java:344)
	at org.apache.coyote.http11.Http11Processor.service(Http11Processor.java:397)
	at org.apache.coyote.AbstractProcessorLight.process(AbstractProcessorLight.java:63)
	at org.apache.coyote.AbstractProtocol$ConnectionHandler.process(AbstractProtocol.java:905)
	at org.apache.tomcat.util.net.NioEndpoint$SocketProcessor.doRun(NioEndpoint.java:1741)
	at org.apache.tomcat.util.net.SocketProcessorBase.run(SocketProcessorBase.java:52)
	at org.apache.tomcat.util.threads.ThreadPoolExecutor.runWorker(ThreadPoolExecutor.java:1190)
	at org.apache.tomcat.util.threads.ThreadPoolExecutor$Worker.run(ThreadPoolExecutor.java:659)
	at org.apache.tomcat.util.threads.TaskThread$WrappingRunnable.run(TaskThread.java:63)
	at java.base/java.lang.Thread.run(Thread.java:1583)
19 Feb 2025 - 20:28:01.480 - o.a.c.c.C.[.[.[.[dispatcherServlet] -  ERROR - Servlet.service() for servlet [dispatcherServlet] in context with path [] threw exception [Handler dispatch failed: java.lang.NoSuchMethodError: 'void org.springframework.web.method.ControllerAdviceBean.<init>(java.lang.Object)'] with root cause
java.lang.NoSuchMethodError: 'void org.springframework.web.method.ControllerAdviceBean.<init>(java.lang.Object)'
	at org.springdoc.core.service.GenericResponseService.lambda$getGenericMapResponse$8(GenericResponseService.java:706)
	at java.base/java.util.stream.ReferencePipeline$2$1.accept(ReferencePipeline.java:178)
	at java.base/java.util.Spliterators$ArraySpliterator.forEachRemaining(Spliterators.java:1024)
	at java.base/java.util.stream.AbstractPipeline.copyInto(AbstractPipeline.java:509)
	at java.base/java.util.stream.AbstractPipeline.wrapAndCopyInto(AbstractPipeline.java:499)
	at java.base/java.util.stream.AbstractPipeline.evaluate(AbstractPipeline.java:575)
	at java.base/java.util.stream.AbstractPipeline.evaluateToArrayNode(AbstractPipeline.java:260)
	at java.base/java.util.stream.ReferencePipeline.toArray(ReferencePipeline.java:616)
	at java.base/java.util.stream.ReferencePipeline.toArray(ReferencePipeline.java:622)
	at java.base/java.util.stream.ReferencePipeline.toList(ReferencePipeline.java:627)
	at org.springdoc.core.service.GenericResponseService.getGenericMapResponse(GenericResponseService.java:708)
	at org.springdoc.core.service.GenericResponseService.build(GenericResponseService.java:247)
	at org.springdoc.api.AbstractOpenApiResource.calculatePath(AbstractOpenApiResource.java:499)
	at org.springdoc.api.AbstractOpenApiResource.calculatePath(AbstractOpenApiResource.java:676)
	at org.springdoc.webmvc.api.OpenApiResource.lambda$calculatePath$11(OpenApiResource.java:220)
	at java.base/java.util.Optional.ifPresent(Optional.java:178)
	at org.springdoc.webmvc.api.OpenApiResource.calculatePath(OpenApiResource.java:201)
	at org.springdoc.webmvc.api.OpenApiResource.lambda$getPaths$2(OpenApiResource.java:171)
	at java.base/java.util.Optional.ifPresent(Optional.java:178)
	at org.springdoc.webmvc.api.OpenApiResource.getPaths(OpenApiResource.java:150)
	at org.springdoc.api.AbstractOpenApiResource.getOpenApi(AbstractOpenApiResource.java:353)
	at org.springdoc.webmvc.api.OpenApiResource.openapiJson(OpenApiResource.java:125)
	at org.springdoc.webmvc.api.OpenApiWebMvcResource.openapiJson(OpenApiWebMvcResource.java:114)
	at java.base/jdk.internal.reflect.DirectMethodHandleAccessor.invoke(DirectMethodHandleAccessor.java:103)
	at java.base/java.lang.reflect.Method.invoke(Method.java:580)
	at org.springframework.web.method.support.InvocableHandlerMethod.doInvoke(InvocableHandlerMethod.java:257)
	at org.springframework.web.method.support.InvocableHandlerMethod.invokeForRequest(InvocableHandlerMethod.java:190)
	at org.springframework.web.servlet.mvc.method.annotation.ServletInvocableHandlerMethod.invokeAndHandle(ServletInvocableHandlerMethod.java:118)
	at org.springframework.web.servlet.mvc.method.annotation.RequestMappingHandlerAdapter.invokeHandlerMethod(RequestMappingHandlerAdapter.java:986)
	at org.springframework.web.servlet.mvc.method.annotation.RequestMappingHandlerAdapter.handleInternal(RequestMappingHandlerAdapter.java:891)
	at org.springframework.web.servlet.mvc.method.AbstractHandlerMethodAdapter.handle(AbstractHandlerMethodAdapter.java:87)
	at org.springframework.web.servlet.DispatcherServlet.doDispatch(DispatcherServlet.java:1088)
	at org.springframework.web.servlet.DispatcherServlet.doService(DispatcherServlet.java:978)
	at org.springframework.web.servlet.FrameworkServlet.processRequest(FrameworkServlet.java:1014)
	at org.springframework.web.servlet.FrameworkServlet.doGet(FrameworkServlet.java:903)
	at jakarta.servlet.http.HttpServlet.service(HttpServlet.java:564)
	at org.springframework.web.servlet.FrameworkServlet.service(FrameworkServlet.java:885)
	at jakarta.servlet.http.HttpServlet.service(HttpServlet.java:658)
	at org.apache.catalina.core.ApplicationFilterChain.internalDoFilter(ApplicationFilterChain.java:195)
	at org.apache.catalina.core.ApplicationFilterChain.doFilter(ApplicationFilterChain.java:140)
	at org.apache.tomcat.websocket.server.WsFilter.doFilter(WsFilter.java:51)
	at org.apache.catalina.core.ApplicationFilterChain.internalDoFilter(ApplicationFilterChain.java:164)
	at org.apache.catalina.core.ApplicationFilterChain.doFilter(ApplicationFilterChain.java:140)
	at org.springframework.web.filter.OncePerRequestFilter.doFilter(OncePerRequestFilter.java:101)
	at org.apache.catalina.core.ApplicationFilterChain.internalDoFilter(ApplicationFilterChain.java:164)
	at org.apache.catalina.core.ApplicationFilterChain.doFilter(ApplicationFilterChain.java:140)
	at org.springframework.web.filter.CompositeFilter$VirtualFilterChain.doFilter(CompositeFilter.java:108)
	at org.springframework.security.web.FilterChainProxy.lambda$doFilterInternal$3(FilterChainProxy.java:231)
	at org.springframework.security.web.FilterChainProxy$VirtualFilterChain.doFilter(FilterChainProxy.java:365)
	at org.springframework.security.web.access.intercept.AuthorizationFilter.doFilter(AuthorizationFilter.java:101)
	at org.springframework.security.web.FilterChainProxy$VirtualFilterChain.doFilter(FilterChainProxy.java:374)
	at org.springframework.security.web.access.ExceptionTranslationFilter.doFilter(ExceptionTranslationFilter.java:126)
	at org.springframework.security.web.access.ExceptionTranslationFilter.doFilter(ExceptionTranslationFilter.java:120)
	at org.springframework.security.web.FilterChainProxy$VirtualFilterChain.doFilter(FilterChainProxy.java:374)
	at org.springframework.security.web.authentication.AnonymousAuthenticationFilter.doFilter(AnonymousAuthenticationFilter.java:100)
	at org.springframework.security.web.FilterChainProxy$VirtualFilterChain.doFilter(FilterChainProxy.java:374)
	at org.springframework.security.web.servletapi.SecurityContextHolderAwareRequestFilter.doFilter(SecurityContextHolderAwareRequestFilter.java:179)
	at org.springframework.security.web.FilterChainProxy$VirtualFilterChain.doFilter(FilterChainProxy.java:374)
	at org.springframework.security.web.savedrequest.RequestCacheAwareFilter.doFilter(RequestCacheAwareFilter.java:63)
	at org.springframework.security.web.FilterChainProxy$VirtualFilterChain.doFilter(FilterChainProxy.java:374)
	at org.springframework.web.filter.OncePerRequestFilter.doFilter(OncePerRequestFilter.java:101)
	at org.springframework.security.web.FilterChainProxy$VirtualFilterChain.doFilter(FilterChainProxy.java:374)
	at org.springframework.security.web.authentication.logout.LogoutFilter.doFilter(LogoutFilter.java:107)
	at org.springframework.security.web.authentication.logout.LogoutFilter.doFilter(LogoutFilter.java:93)
	at org.springframework.security.web.FilterChainProxy$VirtualFilterChain.doFilter(FilterChainProxy.java:374)
	at org.springframework.security.web.header.HeaderWriterFilter.doHeadersAfter(HeaderWriterFilter.java:90)
	at org.springframework.security.web.header.HeaderWriterFilter.doFilterInternal(HeaderWriterFilter.java:75)
	at org.springframework.web.filter.OncePerRequestFilter.doFilter(OncePerRequestFilter.java:116)
	at org.springframework.security.web.FilterChainProxy$VirtualFilterChain.doFilter(FilterChainProxy.java:374)
	at org.springframework.security.web.context.SecurityContextHolderFilter.doFilter(SecurityContextHolderFilter.java:82)
	at org.springframework.security.web.context.SecurityContextHolderFilter.doFilter(SecurityContextHolderFilter.java:69)
	at org.springframework.security.web.FilterChainProxy$VirtualFilterChain.doFilter(FilterChainProxy.java:374)
	at org.springframework.security.web.context.request.async.WebAsyncManagerIntegrationFilter.doFilterInternal(WebAsyncManagerIntegrationFilter.java:62)
	at org.springframework.web.filter.OncePerRequestFilter.doFilter(OncePerRequestFilter.java:116)
	at org.springframework.security.web.FilterChainProxy$VirtualFilterChain.doFilter(FilterChainProxy.java:374)
	at org.springframework.security.web.session.DisableEncodeUrlFilter.doFilterInternal(DisableEncodeUrlFilter.java:42)
	at org.springframework.web.filter.OncePerRequestFilter.doFilter(OncePerRequestFilter.java:116)
	at org.springframework.security.web.FilterChainProxy$VirtualFilterChain.doFilter(FilterChainProxy.java:374)
	at org.springframework.security.web.FilterChainProxy.doFilterInternal(FilterChainProxy.java:233)
	at org.springframework.security.web.FilterChainProxy.doFilter(FilterChainProxy.java:191)
	at org.springframework.web.filter.CompositeFilter$VirtualFilterChain.doFilter(CompositeFilter.java:113)
	at org.springframework.web.servlet.handler.HandlerMappingIntrospector.lambda$createCacheFilter$3(HandlerMappingIntrospector.java:243)
	at org.springframework.web.filter.CompositeFilter$VirtualFilterChain.doFilter(CompositeFilter.java:113)
	at org.springframework.web.filter.CompositeFilter.doFilter(CompositeFilter.java:74)
	at org.springframework.security.config.annotation.web.configuration.WebMvcSecurityConfiguration$CompositeFilterChainProxy.doFilter(WebMvcSecurityConfiguration.java:238)
	at org.springframework.web.filter.DelegatingFilterProxy.invokeDelegate(DelegatingFilterProxy.java:362)
	at org.springframework.web.filter.DelegatingFilterProxy.doFilter(DelegatingFilterProxy.java:278)
	at org.apache.catalina.core.ApplicationFilterChain.internalDoFilter(ApplicationFilterChain.java:164)
	at org.apache.catalina.core.ApplicationFilterChain.doFilter(ApplicationFilterChain.java:140)
	at org.springframework.web.filter.RequestContextFilter.doFilterInternal(RequestContextFilter.java:100)
	at org.springframework.web.filter.OncePerRequestFilter.doFilter(OncePerRequestFilter.java:116)
	at org.apache.catalina.core.ApplicationFilterChain.internalDoFilter(ApplicationFilterChain.java:164)
	at org.apache.catalina.core.ApplicationFilterChain.doFilter(ApplicationFilterChain.java:140)
	at org.springframework.web.filter.FormContentFilter.doFilterInternal(FormContentFilter.java:93)
	at org.springframework.web.filter.OncePerRequestFilter.doFilter(OncePerRequestFilter.java:116)
	at org.apache.catalina.core.ApplicationFilterChain.internalDoFilter(ApplicationFilterChain.java:164)
	at org.apache.catalina.core.ApplicationFilterChain.doFilter(ApplicationFilterChain.java:140)
	at org.springframework.web.filter.CharacterEncodingFilter.doFilterInternal(CharacterEncodingFilter.java:201)
	at org.springframework.web.filter.OncePerRequestFilter.doFilter(OncePerRequestFilter.java:116)
	at org.apache.catalina.core.ApplicationFilterChain.internalDoFilter(ApplicationFilterChain.java:164)
	at org.apache.catalina.core.ApplicationFilterChain.doFilter(ApplicationFilterChain.java:140)
	at org.apache.catalina.core.StandardWrapperValve.invoke(StandardWrapperValve.java:167)
	at org.apache.catalina.core.StandardContextValve.invoke(StandardContextValve.java:90)
	at org.apache.catalina.authenticator.AuthenticatorBase.invoke(AuthenticatorBase.java:483)
	at org.apache.catalina.core.StandardHostValve.invoke(StandardHostValve.java:115)
	at org.apache.catalina.valves.ErrorReportValve.invoke(ErrorReportValve.java:93)
	at org.apache.catalina.core.StandardEngineValve.invoke(StandardEngineValve.java:74)
	at org.apache.catalina.connector.CoyoteAdapter.service(CoyoteAdapter.java:344)
	at org.apache.coyote.http11.Http11Processor.service(Http11Processor.java:397)
	at org.apache.coyote.AbstractProcessorLight.process(AbstractProcessorLight.java:63)
	at org.apache.coyote.AbstractProtocol$ConnectionHandler.process(AbstractProtocol.java:905)
	at org.apache.tomcat.util.net.NioEndpoint$SocketProcessor.doRun(NioEndpoint.java:1741)
	at org.apache.tomcat.util.net.SocketProcessorBase.run(SocketProcessorBase.java:52)
	at org.apache.tomcat.util.threads.ThreadPoolExecutor.runWorker(ThreadPoolExecutor.java:1190)
	at org.apache.tomcat.util.threads.ThreadPoolExecutor$Worker.run(ThreadPoolExecutor.java:659)
	at org.apache.tomcat.util.threads.TaskThread$WrappingRunnable.run(TaskThread.java:63)
	at java.base/java.lang.Thread.run(Thread.java:1583)
19 Feb 2025 - 20:28:02.956 - o.a.c.c.C.[.[.[.[dispatcherServlet] -  ERROR - Servlet.service() for servlet [dispatcherServlet] in context with path [] threw exception [Handler dispatch failed: java.lang.NoSuchMethodError: 'void org.springframework.web.method.ControllerAdviceBean.<init>(java.lang.Object)'] with root cause
java.lang.NoSuchMethodError: 'void org.springframework.web.method.ControllerAdviceBean.<init>(java.lang.Object)'
	at org.springdoc.core.service.GenericResponseService.lambda$getGenericMapResponse$8(GenericResponseService.java:706)
	at java.base/java.util.stream.ReferencePipeline$2$1.accept(ReferencePipeline.java:178)
	at java.base/java.util.Spliterators$ArraySpliterator.forEachRemaining(Spliterators.java:1024)
	at java.base/java.util.stream.AbstractPipeline.copyInto(AbstractPipeline.java:509)
	at java.base/java.util.stream.AbstractPipeline.wrapAndCopyInto(AbstractPipeline.java:499)
	at java.base/java.util.stream.AbstractPipeline.evaluate(AbstractPipeline.java:575)
	at java.base/java.util.stream.AbstractPipeline.evaluateToArrayNode(AbstractPipeline.java:260)
	at java.base/java.util.stream.ReferencePipeline.toArray(ReferencePipeline.java:616)
	at java.base/java.util.stream.ReferencePipeline.toArray(ReferencePipeline.java:622)
	at java.base/java.util.stream.ReferencePipeline.toList(ReferencePipeline.java:627)
	at org.springdoc.core.service.GenericResponseService.getGenericMapResponse(GenericResponseService.java:708)
	at org.springdoc.core.service.GenericResponseService.build(GenericResponseService.java:247)
	at org.springdoc.api.AbstractOpenApiResource.calculatePath(AbstractOpenApiResource.java:499)
	at org.springdoc.api.AbstractOpenApiResource.calculatePath(AbstractOpenApiResource.java:676)
	at org.springdoc.webmvc.api.OpenApiResource.lambda$calculatePath$11(OpenApiResource.java:220)
	at java.base/java.util.Optional.ifPresent(Optional.java:178)
	at org.springdoc.webmvc.api.OpenApiResource.calculatePath(OpenApiResource.java:201)
	at org.springdoc.webmvc.api.OpenApiResource.lambda$getPaths$2(OpenApiResource.java:171)
	at java.base/java.util.Optional.ifPresent(Optional.java:178)
	at org.springdoc.webmvc.api.OpenApiResource.getPaths(OpenApiResource.java:150)
	at org.springdoc.api.AbstractOpenApiResource.getOpenApi(AbstractOpenApiResource.java:353)
	at org.springdoc.webmvc.api.OpenApiResource.openapiJson(OpenApiResource.java:125)
	at org.springdoc.webmvc.api.OpenApiWebMvcResource.openapiJson(OpenApiWebMvcResource.java:114)
	at java.base/jdk.internal.reflect.DirectMethodHandleAccessor.invoke(DirectMethodHandleAccessor.java:103)
	at java.base/java.lang.reflect.Method.invoke(Method.java:580)
	at org.springframework.web.method.support.InvocableHandlerMethod.doInvoke(InvocableHandlerMethod.java:257)
	at org.springframework.web.method.support.InvocableHandlerMethod.invokeForRequest(InvocableHandlerMethod.java:190)
	at org.springframework.web.servlet.mvc.method.annotation.ServletInvocableHandlerMethod.invokeAndHandle(ServletInvocableHandlerMethod.java:118)
	at org.springframework.web.servlet.mvc.method.annotation.RequestMappingHandlerAdapter.invokeHandlerMethod(RequestMappingHandlerAdapter.java:986)
	at org.springframework.web.servlet.mvc.method.annotation.RequestMappingHandlerAdapter.handleInternal(RequestMappingHandlerAdapter.java:891)
	at org.springframework.web.servlet.mvc.method.AbstractHandlerMethodAdapter.handle(AbstractHandlerMethodAdapter.java:87)
	at org.springframework.web.servlet.DispatcherServlet.doDispatch(DispatcherServlet.java:1088)
	at org.springframework.web.servlet.DispatcherServlet.doService(DispatcherServlet.java:978)
	at org.springframework.web.servlet.FrameworkServlet.processRequest(FrameworkServlet.java:1014)
	at org.springframework.web.servlet.FrameworkServlet.doGet(FrameworkServlet.java:903)
	at jakarta.servlet.http.HttpServlet.service(HttpServlet.java:564)
	at org.springframework.web.servlet.FrameworkServlet.service(FrameworkServlet.java:885)
	at jakarta.servlet.http.HttpServlet.service(HttpServlet.java:658)
	at org.apache.catalina.core.ApplicationFilterChain.internalDoFilter(ApplicationFilterChain.java:195)
	at org.apache.catalina.core.ApplicationFilterChain.doFilter(ApplicationFilterChain.java:140)
	at org.apache.tomcat.websocket.server.WsFilter.doFilter(WsFilter.java:51)
	at org.apache.catalina.core.ApplicationFilterChain.internalDoFilter(ApplicationFilterChain.java:164)
	at org.apache.catalina.core.ApplicationFilterChain.doFilter(ApplicationFilterChain.java:140)
	at org.springframework.web.filter.OncePerRequestFilter.doFilter(OncePerRequestFilter.java:101)
	at org.apache.catalina.core.ApplicationFilterChain.internalDoFilter(ApplicationFilterChain.java:164)
	at org.apache.catalina.core.ApplicationFilterChain.doFilter(ApplicationFilterChain.java:140)
	at org.springframework.web.filter.CompositeFilter$VirtualFilterChain.doFilter(CompositeFilter.java:108)
	at org.springframework.security.web.FilterChainProxy.lambda$doFilterInternal$3(FilterChainProxy.java:231)
	at org.springframework.security.web.FilterChainProxy$VirtualFilterChain.doFilter(FilterChainProxy.java:365)
	at org.springframework.security.web.access.intercept.AuthorizationFilter.doFilter(AuthorizationFilter.java:101)
	at org.springframework.security.web.FilterChainProxy$VirtualFilterChain.doFilter(FilterChainProxy.java:374)
	at org.springframework.security.web.access.ExceptionTranslationFilter.doFilter(ExceptionTranslationFilter.java:126)
	at org.springframework.security.web.access.ExceptionTranslationFilter.doFilter(ExceptionTranslationFilter.java:120)
	at org.springframework.security.web.FilterChainProxy$VirtualFilterChain.doFilter(FilterChainProxy.java:374)
	at org.springframework.security.web.authentication.AnonymousAuthenticationFilter.doFilter(AnonymousAuthenticationFilter.java:100)
	at org.springframework.security.web.FilterChainProxy$VirtualFilterChain.doFilter(FilterChainProxy.java:374)
	at org.springframework.security.web.servletapi.SecurityContextHolderAwareRequestFilter.doFilter(SecurityContextHolderAwareRequestFilter.java:179)
	at org.springframework.security.web.FilterChainProxy$VirtualFilterChain.doFilter(FilterChainProxy.java:374)
	at org.springframework.security.web.savedrequest.RequestCacheAwareFilter.doFilter(RequestCacheAwareFilter.java:63)
	at org.springframework.security.web.FilterChainProxy$VirtualFilterChain.doFilter(FilterChainProxy.java:374)
	at org.springframework.web.filter.OncePerRequestFilter.doFilter(OncePerRequestFilter.java:101)
	at org.springframework.security.web.FilterChainProxy$VirtualFilterChain.doFilter(FilterChainProxy.java:374)
	at org.springframework.security.web.authentication.logout.LogoutFilter.doFilter(LogoutFilter.java:107)
	at org.springframework.security.web.authentication.logout.LogoutFilter.doFilter(LogoutFilter.java:93)
	at org.springframework.security.web.FilterChainProxy$VirtualFilterChain.doFilter(FilterChainProxy.java:374)
	at org.springframework.security.web.header.HeaderWriterFilter.doHeadersAfter(HeaderWriterFilter.java:90)
	at org.springframework.security.web.header.HeaderWriterFilter.doFilterInternal(HeaderWriterFilter.java:75)
	at org.springframework.web.filter.OncePerRequestFilter.doFilter(OncePerRequestFilter.java:116)
	at org.springframework.security.web.FilterChainProxy$VirtualFilterChain.doFilter(FilterChainProxy.java:374)
	at org.springframework.security.web.context.SecurityContextHolderFilter.doFilter(SecurityContextHolderFilter.java:82)
	at org.springframework.security.web.context.SecurityContextHolderFilter.doFilter(SecurityContextHolderFilter.java:69)
	at org.springframework.security.web.FilterChainProxy$VirtualFilterChain.doFilter(FilterChainProxy.java:374)
	at org.springframework.security.web.context.request.async.WebAsyncManagerIntegrationFilter.doFilterInternal(WebAsyncManagerIntegrationFilter.java:62)
	at org.springframework.web.filter.OncePerRequestFilter.doFilter(OncePerRequestFilter.java:116)
	at org.springframework.security.web.FilterChainProxy$VirtualFilterChain.doFilter(FilterChainProxy.java:374)
	at org.springframework.security.web.session.DisableEncodeUrlFilter.doFilterInternal(DisableEncodeUrlFilter.java:42)
	at org.springframework.web.filter.OncePerRequestFilter.doFilter(OncePerRequestFilter.java:116)
	at org.springframework.security.web.FilterChainProxy$VirtualFilterChain.doFilter(FilterChainProxy.java:374)
	at org.springframework.security.web.FilterChainProxy.doFilterInternal(FilterChainProxy.java:233)
	at org.springframework.security.web.FilterChainProxy.doFilter(FilterChainProxy.java:191)
	at org.springframework.web.filter.CompositeFilter$VirtualFilterChain.doFilter(CompositeFilter.java:113)
	at org.springframework.web.servlet.handler.HandlerMappingIntrospector.lambda$createCacheFilter$3(HandlerMappingIntrospector.java:243)
	at org.springframework.web.filter.CompositeFilter$VirtualFilterChain.doFilter(CompositeFilter.java:113)
	at org.springframework.web.filter.CompositeFilter.doFilter(CompositeFilter.java:74)
	at org.springframework.security.config.annotation.web.configuration.WebMvcSecurityConfiguration$CompositeFilterChainProxy.doFilter(WebMvcSecurityConfiguration.java:238)
	at org.springframework.web.filter.DelegatingFilterProxy.invokeDelegate(DelegatingFilterProxy.java:362)
	at org.springframework.web.filter.DelegatingFilterProxy.doFilter(DelegatingFilterProxy.java:278)
	at org.apache.catalina.core.ApplicationFilterChain.internalDoFilter(ApplicationFilterChain.java:164)
	at org.apache.catalina.core.ApplicationFilterChain.doFilter(ApplicationFilterChain.java:140)
	at org.springframework.web.filter.RequestContextFilter.doFilterInternal(RequestContextFilter.java:100)
	at org.springframework.web.filter.OncePerRequestFilter.doFilter(OncePerRequestFilter.java:116)
	at org.apache.catalina.core.ApplicationFilterChain.internalDoFilter(ApplicationFilterChain.java:164)
	at org.apache.catalina.core.ApplicationFilterChain.doFilter(ApplicationFilterChain.java:140)
	at org.springframework.web.filter.FormContentFilter.doFilterInternal(FormContentFilter.java:93)
	at org.springframework.web.filter.OncePerRequestFilter.doFilter(OncePerRequestFilter.java:116)
	at org.apache.catalina.core.ApplicationFilterChain.internalDoFilter(ApplicationFilterChain.java:164)
	at org.apache.catalina.core.ApplicationFilterChain.doFilter(ApplicationFilterChain.java:140)
	at org.springframework.web.filter.CharacterEncodingFilter.doFilterInternal(CharacterEncodingFilter.java:201)
	at org.springframework.web.filter.OncePerRequestFilter.doFilter(OncePerRequestFilter.java:116)
	at org.apache.catalina.core.ApplicationFilterChain.internalDoFilter(ApplicationFilterChain.java:164)
	at org.apache.catalina.core.ApplicationFilterChain.doFilter(ApplicationFilterChain.java:140)
	at org.apache.catalina.core.StandardWrapperValve.invoke(StandardWrapperValve.java:167)
	at org.apache.catalina.core.StandardContextValve.invoke(StandardContextValve.java:90)
	at org.apache.catalina.authenticator.AuthenticatorBase.invoke(AuthenticatorBase.java:483)
	at org.apache.catalina.core.StandardHostValve.invoke(StandardHostValve.java:115)
	at org.apache.catalina.valves.ErrorReportValve.invoke(ErrorReportValve.java:93)
	at org.apache.catalina.core.StandardEngineValve.invoke(StandardEngineValve.java:74)
	at org.apache.catalina.connector.CoyoteAdapter.service(CoyoteAdapter.java:344)
	at org.apache.coyote.http11.Http11Processor.service(Http11Processor.java:397)
	at org.apache.coyote.AbstractProcessorLight.process(AbstractProcessorLight.java:63)
	at org.apache.coyote.AbstractProtocol$ConnectionHandler.process(AbstractProtocol.java:905)
	at org.apache.tomcat.util.net.NioEndpoint$SocketProcessor.doRun(NioEndpoint.java:1741)
	at org.apache.tomcat.util.net.SocketProcessorBase.run(SocketProcessorBase.java:52)
	at org.apache.tomcat.util.threads.ThreadPoolExecutor.runWorker(ThreadPoolExecutor.java:1190)
	at org.apache.tomcat.util.threads.ThreadPoolExecutor$Worker.run(ThreadPoolExecutor.java:659)
	at org.apache.tomcat.util.threads.TaskThread$WrappingRunnable.run(TaskThread.java:63)
	at java.base/java.lang.Thread.run(Thread.java:1583)
19 Feb 2025 - 20:28:05.558 - o.a.c.c.C.[.[.[.[dispatcherServlet] -  ERROR - Servlet.service() for servlet [dispatcherServlet] in context with path [] threw exception [Handler dispatch failed: java.lang.NoSuchMethodError: 'void org.springframework.web.method.ControllerAdviceBean.<init>(java.lang.Object)'] with root cause
java.lang.NoSuchMethodError: 'void org.springframework.web.method.ControllerAdviceBean.<init>(java.lang.Object)'
	at org.springdoc.core.service.GenericResponseService.lambda$getGenericMapResponse$8(GenericResponseService.java:706)
	at java.base/java.util.stream.ReferencePipeline$2$1.accept(ReferencePipeline.java:178)
	at java.base/java.util.Spliterators$ArraySpliterator.forEachRemaining(Spliterators.java:1024)
	at java.base/java.util.stream.AbstractPipeline.copyInto(AbstractPipeline.java:509)
	at java.base/java.util.stream.AbstractPipeline.wrapAndCopyInto(AbstractPipeline.java:499)
	at java.base/java.util.stream.AbstractPipeline.evaluate(AbstractPipeline.java:575)
	at java.base/java.util.stream.AbstractPipeline.evaluateToArrayNode(AbstractPipeline.java:260)
	at java.base/java.util.stream.ReferencePipeline.toArray(ReferencePipeline.java:616)
	at java.base/java.util.stream.ReferencePipeline.toArray(ReferencePipeline.java:622)
	at java.base/java.util.stream.ReferencePipeline.toList(ReferencePipeline.java:627)
	at org.springdoc.core.service.GenericResponseService.getGenericMapResponse(GenericResponseService.java:708)
	at org.springdoc.core.service.GenericResponseService.build(GenericResponseService.java:247)
	at org.springdoc.api.AbstractOpenApiResource.calculatePath(AbstractOpenApiResource.java:499)
	at org.springdoc.api.AbstractOpenApiResource.calculatePath(AbstractOpenApiResource.java:676)
	at org.springdoc.webmvc.api.OpenApiResource.lambda$calculatePath$11(OpenApiResource.java:220)
	at java.base/java.util.Optional.ifPresent(Optional.java:178)
	at org.springdoc.webmvc.api.OpenApiResource.calculatePath(OpenApiResource.java:201)
	at org.springdoc.webmvc.api.OpenApiResource.lambda$getPaths$2(OpenApiResource.java:171)
	at java.base/java.util.Optional.ifPresent(Optional.java:178)
	at org.springdoc.webmvc.api.OpenApiResource.getPaths(OpenApiResource.java:150)
	at org.springdoc.api.AbstractOpenApiResource.getOpenApi(AbstractOpenApiResource.java:353)
	at org.springdoc.webmvc.api.OpenApiResource.openapiJson(OpenApiResource.java:125)
	at org.springdoc.webmvc.api.OpenApiWebMvcResource.openapiJson(OpenApiWebMvcResource.java:114)
	at java.base/jdk.internal.reflect.DirectMethodHandleAccessor.invoke(DirectMethodHandleAccessor.java:103)
	at java.base/java.lang.reflect.Method.invoke(Method.java:580)
	at org.springframework.web.method.support.InvocableHandlerMethod.doInvoke(InvocableHandlerMethod.java:257)
	at org.springframework.web.method.support.InvocableHandlerMethod.invokeForRequest(InvocableHandlerMethod.java:190)
	at org.springframework.web.servlet.mvc.method.annotation.ServletInvocableHandlerMethod.invokeAndHandle(ServletInvocableHandlerMethod.java:118)
	at org.springframework.web.servlet.mvc.method.annotation.RequestMappingHandlerAdapter.invokeHandlerMethod(RequestMappingHandlerAdapter.java:986)
	at org.springframework.web.servlet.mvc.method.annotation.RequestMappingHandlerAdapter.handleInternal(RequestMappingHandlerAdapter.java:891)
	at org.springframework.web.servlet.mvc.method.AbstractHandlerMethodAdapter.handle(AbstractHandlerMethodAdapter.java:87)
	at org.springframework.web.servlet.DispatcherServlet.doDispatch(DispatcherServlet.java:1088)
	at org.springframework.web.servlet.DispatcherServlet.doService(DispatcherServlet.java:978)
	at org.springframework.web.servlet.FrameworkServlet.processRequest(FrameworkServlet.java:1014)
	at org.springframework.web.servlet.FrameworkServlet.doGet(FrameworkServlet.java:903)
	at jakarta.servlet.http.HttpServlet.service(HttpServlet.java:564)
	at org.springframework.web.servlet.FrameworkServlet.service(FrameworkServlet.java:885)
	at jakarta.servlet.http.HttpServlet.service(HttpServlet.java:658)
	at org.apache.catalina.core.ApplicationFilterChain.internalDoFilter(ApplicationFilterChain.java:195)
	at org.apache.catalina.core.ApplicationFilterChain.doFilter(ApplicationFilterChain.java:140)
	at org.apache.tomcat.websocket.server.WsFilter.doFilter(WsFilter.java:51)
	at org.apache.catalina.core.ApplicationFilterChain.internalDoFilter(ApplicationFilterChain.java:164)
	at org.apache.catalina.core.ApplicationFilterChain.doFilter(ApplicationFilterChain.java:140)
	at org.springframework.web.filter.OncePerRequestFilter.doFilter(OncePerRequestFilter.java:101)
	at org.apache.catalina.core.ApplicationFilterChain.internalDoFilter(ApplicationFilterChain.java:164)
	at org.apache.catalina.core.ApplicationFilterChain.doFilter(ApplicationFilterChain.java:140)
	at org.springframework.web.filter.CompositeFilter$VirtualFilterChain.doFilter(CompositeFilter.java:108)
	at org.springframework.security.web.FilterChainProxy.lambda$doFilterInternal$3(FilterChainProxy.java:231)
	at org.springframework.security.web.FilterChainProxy$VirtualFilterChain.doFilter(FilterChainProxy.java:365)
	at org.springframework.security.web.access.intercept.AuthorizationFilter.doFilter(AuthorizationFilter.java:101)
	at org.springframework.security.web.FilterChainProxy$VirtualFilterChain.doFilter(FilterChainProxy.java:374)
	at org.springframework.security.web.access.ExceptionTranslationFilter.doFilter(ExceptionTranslationFilter.java:126)
	at org.springframework.security.web.access.ExceptionTranslationFilter.doFilter(ExceptionTranslationFilter.java:120)
	at org.springframework.security.web.FilterChainProxy$VirtualFilterChain.doFilter(FilterChainProxy.java:374)
	at org.springframework.security.web.authentication.AnonymousAuthenticationFilter.doFilter(AnonymousAuthenticationFilter.java:100)
	at org.springframework.security.web.FilterChainProxy$VirtualFilterChain.doFilter(FilterChainProxy.java:374)
	at org.springframework.security.web.servletapi.SecurityContextHolderAwareRequestFilter.doFilter(SecurityContextHolderAwareRequestFilter.java:179)
	at org.springframework.security.web.FilterChainProxy$VirtualFilterChain.doFilter(FilterChainProxy.java:374)
	at org.springframework.security.web.savedrequest.RequestCacheAwareFilter.doFilter(RequestCacheAwareFilter.java:63)
	at org.springframework.security.web.FilterChainProxy$VirtualFilterChain.doFilter(FilterChainProxy.java:374)
	at org.springframework.web.filter.OncePerRequestFilter.doFilter(OncePerRequestFilter.java:101)
	at org.springframework.security.web.FilterChainProxy$VirtualFilterChain.doFilter(FilterChainProxy.java:374)
	at org.springframework.security.web.authentication.logout.LogoutFilter.doFilter(LogoutFilter.java:107)
	at org.springframework.security.web.authentication.logout.LogoutFilter.doFilter(LogoutFilter.java:93)
	at org.springframework.security.web.FilterChainProxy$VirtualFilterChain.doFilter(FilterChainProxy.java:374)
	at org.springframework.security.web.header.HeaderWriterFilter.doHeadersAfter(HeaderWriterFilter.java:90)
	at org.springframework.security.web.header.HeaderWriterFilter.doFilterInternal(HeaderWriterFilter.java:75)
	at org.springframework.web.filter.OncePerRequestFilter.doFilter(OncePerRequestFilter.java:116)
	at org.springframework.security.web.FilterChainProxy$VirtualFilterChain.doFilter(FilterChainProxy.java:374)
	at org.springframework.security.web.context.SecurityContextHolderFilter.doFilter(SecurityContextHolderFilter.java:82)
	at org.springframework.security.web.context.SecurityContextHolderFilter.doFilter(SecurityContextHolderFilter.java:69)
	at org.springframework.security.web.FilterChainProxy$VirtualFilterChain.doFilter(FilterChainProxy.java:374)
	at org.springframework.security.web.context.request.async.WebAsyncManagerIntegrationFilter.doFilterInternal(WebAsyncManagerIntegrationFilter.java:62)
	at org.springframework.web.filter.OncePerRequestFilter.doFilter(OncePerRequestFilter.java:116)
	at org.springframework.security.web.FilterChainProxy$VirtualFilterChain.doFilter(FilterChainProxy.java:374)
	at org.springframework.security.web.session.DisableEncodeUrlFilter.doFilterInternal(DisableEncodeUrlFilter.java:42)
	at org.springframework.web.filter.OncePerRequestFilter.doFilter(OncePerRequestFilter.java:116)
	at org.springframework.security.web.FilterChainProxy$VirtualFilterChain.doFilter(FilterChainProxy.java:374)
	at org.springframework.security.web.FilterChainProxy.doFilterInternal(FilterChainProxy.java:233)
	at org.springframework.security.web.FilterChainProxy.doFilter(FilterChainProxy.java:191)
	at org.springframework.web.filter.CompositeFilter$VirtualFilterChain.doFilter(CompositeFilter.java:113)
	at org.springframework.web.servlet.handler.HandlerMappingIntrospector.lambda$createCacheFilter$3(HandlerMappingIntrospector.java:243)
	at org.springframework.web.filter.CompositeFilter$VirtualFilterChain.doFilter(CompositeFilter.java:113)
	at org.springframework.web.filter.CompositeFilter.doFilter(CompositeFilter.java:74)
	at org.springframework.security.config.annotation.web.configuration.WebMvcSecurityConfiguration$CompositeFilterChainProxy.doFilter(WebMvcSecurityConfiguration.java:238)
	at org.springframework.web.filter.DelegatingFilterProxy.invokeDelegate(DelegatingFilterProxy.java:362)
	at org.springframework.web.filter.DelegatingFilterProxy.doFilter(DelegatingFilterProxy.java:278)
	at org.apache.catalina.core.ApplicationFilterChain.internalDoFilter(ApplicationFilterChain.java:164)
	at org.apache.catalina.core.ApplicationFilterChain.doFilter(ApplicationFilterChain.java:140)
	at org.springframework.web.filter.RequestContextFilter.doFilterInternal(RequestContextFilter.java:100)
	at org.springframework.web.filter.OncePerRequestFilter.doFilter(OncePerRequestFilter.java:116)
	at org.apache.catalina.core.ApplicationFilterChain.internalDoFilter(ApplicationFilterChain.java:164)
	at org.apache.catalina.core.ApplicationFilterChain.doFilter(ApplicationFilterChain.java:140)
	at org.springframework.web.filter.FormContentFilter.doFilterInternal(FormContentFilter.java:93)
	at org.springframework.web.filter.OncePerRequestFilter.doFilter(OncePerRequestFilter.java:116)
	at org.apache.catalina.core.ApplicationFilterChain.internalDoFilter(ApplicationFilterChain.java:164)
	at org.apache.catalina.core.ApplicationFilterChain.doFilter(ApplicationFilterChain.java:140)
	at org.springframework.web.filter.CharacterEncodingFilter.doFilterInternal(CharacterEncodingFilter.java:201)
	at org.springframework.web.filter.OncePerRequestFilter.doFilter(OncePerRequestFilter.java:116)
	at org.apache.catalina.core.ApplicationFilterChain.internalDoFilter(ApplicationFilterChain.java:164)
	at org.apache.catalina.core.ApplicationFilterChain.doFilter(ApplicationFilterChain.java:140)
	at org.apache.catalina.core.StandardWrapperValve.invoke(StandardWrapperValve.java:167)
	at org.apache.catalina.core.StandardContextValve.invoke(StandardContextValve.java:90)
	at org.apache.catalina.authenticator.AuthenticatorBase.invoke(AuthenticatorBase.java:483)
	at org.apache.catalina.core.StandardHostValve.invoke(StandardHostValve.java:115)
	at org.apache.catalina.valves.ErrorReportValve.invoke(ErrorReportValve.java:93)
	at org.apache.catalina.core.StandardEngineValve.invoke(StandardEngineValve.java:74)
	at org.apache.catalina.connector.CoyoteAdapter.service(CoyoteAdapter.java:344)
	at org.apache.coyote.http11.Http11Processor.service(Http11Processor.java:397)
	at org.apache.coyote.AbstractProcessorLight.process(AbstractProcessorLight.java:63)
	at org.apache.coyote.AbstractProtocol$ConnectionHandler.process(AbstractProtocol.java:905)
	at org.apache.tomcat.util.net.NioEndpoint$SocketProcessor.doRun(NioEndpoint.java:1741)
	at org.apache.tomcat.util.net.SocketProcessorBase.run(SocketProcessorBase.java:52)
	at org.apache.tomcat.util.threads.ThreadPoolExecutor.runWorker(ThreadPoolExecutor.java:1190)
	at org.apache.tomcat.util.threads.ThreadPoolExecutor$Worker.run(ThreadPoolExecutor.java:659)
	at org.apache.tomcat.util.threads.TaskThread$WrappingRunnable.run(TaskThread.java:63)
	at java.base/java.lang.Thread.run(Thread.java:1583)
19 Feb 2025 - 20:28:36.874 - o.s.b.w.e.tomcat.GracefulShutdown -  INFO  - Commencing graceful shutdown. Waiting for active requests to complete
19 Feb 2025 - 20:28:36.880 - o.s.b.w.e.tomcat.GracefulShutdown -  INFO  - Graceful shutdown complete
19 Feb 2025 - 20:28:36.889 - o.s.o.j.LocalContainerEntityManagerFactoryBean -  INFO  - Closing JPA EntityManagerFactory for persistence unit 'default'
19 Feb 2025 - 20:28:36.892 - com.zaxxer.hikari.HikariDataSource -  INFO  - HikariPool-1 - Shutdown initiated...
19 Feb 2025 - 20:28:36.896 - com.zaxxer.hikari.HikariDataSource -  INFO  - HikariPool-1 - Shutdown completed.
19 Feb 2025 - 20:28:45.052 - c.example.KunUzPractiseApplication -  INFO  - Starting KunUzPractiseApplication using Java 21.0.6 with PID 11880 (C:\Users\Sanjar\IdeaProjects\kun_uz_practise\target\classes started by Sanjar in C:\Users\Sanjar\IdeaProjects\kun_uz_practise)
19 Feb 2025 - 20:28:45.063 - c.example.KunUzPractiseApplication -  INFO  - The following 1 profile is active: "local"
19 Feb 2025 - 20:28:45.880 - o.s.d.r.c.RepositoryConfigurationDelegate -  INFO  - Bootstrapping Spring Data JPA repositories in DEFAULT mode.
19 Feb 2025 - 20:28:45.960 - o.s.d.r.c.RepositoryConfigurationDelegate -  INFO  - Finished Spring Data repository scanning in 72 ms. Found 14 JPA repository interfaces.
19 Feb 2025 - 20:28:46.514 - o.s.b.w.e.tomcat.TomcatWebServer -  INFO  - Tomcat initialized with port 8080 (http)
19 Feb 2025 - 20:28:46.532 - o.a.catalina.core.StandardService -  INFO  - Starting service [Tomcat]
19 Feb 2025 - 20:28:46.532 - o.a.catalina.core.StandardEngine -  INFO  - Starting Servlet engine: [Apache Tomcat/10.1.34]
19 Feb 2025 - 20:28:46.603 - o.a.c.c.C.[Tomcat].[localhost].[/] -  INFO  - Initializing Spring embedded WebApplicationContext
19 Feb 2025 - 20:28:46.603 - o.s.b.w.s.c.ServletWebServerApplicationContext -  INFO  - Root WebApplicationContext: initialization completed in 1502 ms
19 Feb 2025 - 20:28:46.686 - com.zaxxer.hikari.HikariDataSource -  INFO  - HikariPool-1 - Starting...
19 Feb 2025 - 20:28:46.939 - com.zaxxer.hikari.pool.HikariPool -  INFO  - HikariPool-1 - Added connection org.postgresql.jdbc.PgConnection@1c1fa494
19 Feb 2025 - 20:28:46.941 - com.zaxxer.hikari.HikariDataSource -  INFO  - HikariPool-1 - Start completed.
19 Feb 2025 - 20:28:47.035 - o.h.jpa.internal.util.LogHelper -  INFO  - HHH000204: Processing PersistenceUnitInfo [name: default]
19 Feb 2025 - 20:28:47.099 - org.hibernate.Version -  INFO  - HHH000412: Hibernate ORM core version 6.6.5.Final
19 Feb 2025 - 20:28:47.131 - o.h.c.i.RegionFactoryInitiator -  INFO  - HHH000026: Second-level cache disabled
19 Feb 2025 - 20:28:47.396 - o.s.o.j.p.SpringPersistenceUnitInfo -  INFO  - No LoadTimeWeaver setup: ignoring JPA class transformer
19 Feb 2025 - 20:28:47.498 - o.hibernate.orm.connections.pooling -  INFO  - HHH10001005: Database info:
	Database JDBC URL [Connecting through datasource 'HikariDataSource (HikariPool-1)']
	Database driver: undefined/unknown
	Database version: 17.2
	Autocommit mode: undefined/unknown
	Isolation level: undefined/unknown
	Minimum pool size: undefined/unknown
	Maximum pool size: undefined/unknown
19 Feb 2025 - 20:28:48.731 - o.h.e.t.j.p.i.JtaPlatformInitiator -  INFO  - HHH000489: No JTA platform available (set 'hibernate.transaction.jta.platform' to enable JTA platform integration)
19 Feb 2025 - 20:28:49.398 - o.s.o.j.LocalContainerEntityManagerFactoryBean -  INFO  - Initialized JPA EntityManagerFactory for persistence unit 'default'
19 Feb 2025 - 20:28:49.648 - o.s.d.j.r.query.QueryEnhancerFactory -  INFO  - Hibernate is in classpath; If applicable, HQL parser will be used.
19 Feb 2025 - 20:28:51.143 - o.s.b.a.o.j.JpaBaseConfiguration$JpaWebConfiguration -  WARN  - spring.jpa.open-in-view is enabled by default. Therefore, database queries may be performed during view rendering. Explicitly configure spring.jpa.open-in-view to disable this warning
19 Feb 2025 - 20:28:51.173 - o.s.s.c.a.a.c.InitializeAuthenticationProviderBeanManagerConfigurer$InitializeAuthenticationProviderManagerConfigurer -  INFO  - Global AuthenticationManager configured with AuthenticationProvider bean with name authenticationProvider
19 Feb 2025 - 20:28:51.174 - o.s.s.c.a.a.c.InitializeUserDetailsBeanManagerConfigurer$InitializeUserDetailsManagerConfigurer -  WARN  - Global AuthenticationManager configured with an AuthenticationProvider bean. UserDetailsService beans will not be used by Spring Security for automatically configuring username/password login. Consider removing the AuthenticationProvider bean. Alternatively, consider using the UserDetailsService in a manually instantiated DaoAuthenticationProvider. If the current configuration is intentional, to turn off this warning, increase the logging level of 'org.springframework.security.config.annotation.authentication.configuration.InitializeUserDetailsBeanManagerConfigurer' to ERROR
19 Feb 2025 - 20:28:51.889 - o.s.b.w.e.tomcat.TomcatWebServer -  INFO  - Tomcat started on port 8080 (http) with context path '/'
19 Feb 2025 - 20:28:51.897 - c.example.KunUzPractiseApplication -  INFO  - Started KunUzPractiseApplication in 7.274 seconds (process running for 7.883)
19 Feb 2025 - 20:28:51.947 - o.f.c.i.license.VersionPrinter -  INFO  - Flyway Community Edition 9.22.3 by Redgate
19 Feb 2025 - 20:28:51.947 - o.f.c.i.license.VersionPrinter -  INFO  - See release notes here: https://rd.gt/416ObMi
19 Feb 2025 - 20:28:51.947 - o.f.c.i.license.VersionPrinter -  INFO  - 
19 Feb 2025 - 20:28:51.961 - org.flywaydb.core.FlywayExecutor -  INFO  - Database: jdbc:postgresql://localhost:5432/kun_uz_practise (PostgreSQL 17.2)
19 Feb 2025 - 20:28:51.966 - o.f.c.i.database.base.Database -  WARN  - Flyway upgrade recommended: PostgreSQL 17.2 is newer than this version of Flyway and support has not been tested. The latest supported version of PostgreSQL is 15.
19 Feb 2025 - 20:28:51.991 - o.f.core.internal.command.DbValidate -  INFO  - Successfully validated 4 migrations (execution time 00:00.017s)
19 Feb 2025 - 20:28:52.000 - o.f.core.internal.command.DbMigrate -  INFO  - Current version of schema "public": 1.2
19 Feb 2025 - 20:28:52.002 - o.f.core.internal.command.DbMigrate -  INFO  - Schema "public" is up to date. No migration necessary.
19 Feb 2025 - 20:28:55.615 - o.a.c.c.C.[Tomcat].[localhost].[/] -  INFO  - Initializing Spring DispatcherServlet 'dispatcherServlet'
19 Feb 2025 - 20:28:55.615 - o.s.web.servlet.DispatcherServlet -  INFO  - Initializing Servlet 'dispatcherServlet'
19 Feb 2025 - 20:28:55.616 - o.s.web.servlet.DispatcherServlet -  INFO  - Completed initialization in 1 ms
19 Feb 2025 - 20:28:56.352 - o.a.c.c.C.[.[.[.[dispatcherServlet] -  ERROR - Servlet.service() for servlet [dispatcherServlet] in context with path [] threw exception [Handler dispatch failed: java.lang.NoSuchMethodError: 'void org.springframework.web.method.ControllerAdviceBean.<init>(java.lang.Object)'] with root cause
java.lang.NoSuchMethodError: 'void org.springframework.web.method.ControllerAdviceBean.<init>(java.lang.Object)'
	at org.springdoc.core.service.GenericResponseService.lambda$getGenericMapResponse$8(GenericResponseService.java:702)
	at java.base/java.util.stream.ReferencePipeline$2$1.accept(ReferencePipeline.java:178)
	at java.base/java.util.Spliterators$ArraySpliterator.forEachRemaining(Spliterators.java:1024)
	at java.base/java.util.stream.AbstractPipeline.copyInto(AbstractPipeline.java:509)
	at java.base/java.util.stream.AbstractPipeline.wrapAndCopyInto(AbstractPipeline.java:499)
	at java.base/java.util.stream.AbstractPipeline.evaluate(AbstractPipeline.java:575)
	at java.base/java.util.stream.AbstractPipeline.evaluateToArrayNode(AbstractPipeline.java:260)
	at java.base/java.util.stream.ReferencePipeline.toArray(ReferencePipeline.java:616)
	at java.base/java.util.stream.ReferencePipeline.toArray(ReferencePipeline.java:622)
	at java.base/java.util.stream.ReferencePipeline.toList(ReferencePipeline.java:627)
	at org.springdoc.core.service.GenericResponseService.getGenericMapResponse(GenericResponseService.java:704)
	at org.springdoc.core.service.GenericResponseService.build(GenericResponseService.java:246)
	at org.springdoc.api.AbstractOpenApiResource.calculatePath(AbstractOpenApiResource.java:499)
	at org.springdoc.api.AbstractOpenApiResource.calculatePath(AbstractOpenApiResource.java:676)
	at org.springdoc.webmvc.api.OpenApiResource.lambda$calculatePath$11(OpenApiResource.java:219)
	at java.base/java.util.Optional.ifPresent(Optional.java:178)
	at org.springdoc.webmvc.api.OpenApiResource.calculatePath(OpenApiResource.java:200)
	at org.springdoc.webmvc.api.OpenApiResource.lambda$getPaths$2(OpenApiResource.java:170)
	at java.base/java.util.Optional.ifPresent(Optional.java:178)
	at org.springdoc.webmvc.api.OpenApiResource.getPaths(OpenApiResource.java:149)
	at org.springdoc.api.AbstractOpenApiResource.getOpenApi(AbstractOpenApiResource.java:353)
	at org.springdoc.webmvc.api.OpenApiResource.openapiJson(OpenApiResource.java:124)
	at org.springdoc.webmvc.api.OpenApiWebMvcResource.openapiJson(OpenApiWebMvcResource.java:111)
	at java.base/jdk.internal.reflect.DirectMethodHandleAccessor.invoke(DirectMethodHandleAccessor.java:103)
	at java.base/java.lang.reflect.Method.invoke(Method.java:580)
	at org.springframework.web.method.support.InvocableHandlerMethod.doInvoke(InvocableHandlerMethod.java:257)
	at org.springframework.web.method.support.InvocableHandlerMethod.invokeForRequest(InvocableHandlerMethod.java:190)
	at org.springframework.web.servlet.mvc.method.annotation.ServletInvocableHandlerMethod.invokeAndHandle(ServletInvocableHandlerMethod.java:118)
	at org.springframework.web.servlet.mvc.method.annotation.RequestMappingHandlerAdapter.invokeHandlerMethod(RequestMappingHandlerAdapter.java:986)
	at org.springframework.web.servlet.mvc.method.annotation.RequestMappingHandlerAdapter.handleInternal(RequestMappingHandlerAdapter.java:891)
	at org.springframework.web.servlet.mvc.method.AbstractHandlerMethodAdapter.handle(AbstractHandlerMethodAdapter.java:87)
	at org.springframework.web.servlet.DispatcherServlet.doDispatch(DispatcherServlet.java:1088)
	at org.springframework.web.servlet.DispatcherServlet.doService(DispatcherServlet.java:978)
	at org.springframework.web.servlet.FrameworkServlet.processRequest(FrameworkServlet.java:1014)
	at org.springframework.web.servlet.FrameworkServlet.doGet(FrameworkServlet.java:903)
	at jakarta.servlet.http.HttpServlet.service(HttpServlet.java:564)
	at org.springframework.web.servlet.FrameworkServlet.service(FrameworkServlet.java:885)
	at jakarta.servlet.http.HttpServlet.service(HttpServlet.java:658)
	at org.apache.catalina.core.ApplicationFilterChain.internalDoFilter(ApplicationFilterChain.java:195)
	at org.apache.catalina.core.ApplicationFilterChain.doFilter(ApplicationFilterChain.java:140)
	at org.apache.tomcat.websocket.server.WsFilter.doFilter(WsFilter.java:51)
	at org.apache.catalina.core.ApplicationFilterChain.internalDoFilter(ApplicationFilterChain.java:164)
	at org.apache.catalina.core.ApplicationFilterChain.doFilter(ApplicationFilterChain.java:140)
	at org.springframework.web.filter.OncePerRequestFilter.doFilter(OncePerRequestFilter.java:101)
	at org.apache.catalina.core.ApplicationFilterChain.internalDoFilter(ApplicationFilterChain.java:164)
	at org.apache.catalina.core.ApplicationFilterChain.doFilter(ApplicationFilterChain.java:140)
	at org.springframework.web.filter.CompositeFilter$VirtualFilterChain.doFilter(CompositeFilter.java:108)
	at org.springframework.security.web.FilterChainProxy.lambda$doFilterInternal$3(FilterChainProxy.java:231)
	at org.springframework.security.web.FilterChainProxy$VirtualFilterChain.doFilter(FilterChainProxy.java:365)
	at org.springframework.security.web.access.intercept.AuthorizationFilter.doFilter(AuthorizationFilter.java:101)
	at org.springframework.security.web.FilterChainProxy$VirtualFilterChain.doFilter(FilterChainProxy.java:374)
	at org.springframework.security.web.access.ExceptionTranslationFilter.doFilter(ExceptionTranslationFilter.java:126)
	at org.springframework.security.web.access.ExceptionTranslationFilter.doFilter(ExceptionTranslationFilter.java:120)
	at org.springframework.security.web.FilterChainProxy$VirtualFilterChain.doFilter(FilterChainProxy.java:374)
	at org.springframework.security.web.authentication.AnonymousAuthenticationFilter.doFilter(AnonymousAuthenticationFilter.java:100)
	at org.springframework.security.web.FilterChainProxy$VirtualFilterChain.doFilter(FilterChainProxy.java:374)
	at org.springframework.security.web.servletapi.SecurityContextHolderAwareRequestFilter.doFilter(SecurityContextHolderAwareRequestFilter.java:179)
	at org.springframework.security.web.FilterChainProxy$VirtualFilterChain.doFilter(FilterChainProxy.java:374)
	at org.springframework.security.web.savedrequest.RequestCacheAwareFilter.doFilter(RequestCacheAwareFilter.java:63)
	at org.springframework.security.web.FilterChainProxy$VirtualFilterChain.doFilter(FilterChainProxy.java:374)
	at org.springframework.web.filter.OncePerRequestFilter.doFilter(OncePerRequestFilter.java:101)
	at org.springframework.security.web.FilterChainProxy$VirtualFilterChain.doFilter(FilterChainProxy.java:374)
	at org.springframework.security.web.authentication.logout.LogoutFilter.doFilter(LogoutFilter.java:107)
	at org.springframework.security.web.authentication.logout.LogoutFilter.doFilter(LogoutFilter.java:93)
	at org.springframework.security.web.FilterChainProxy$VirtualFilterChain.doFilter(FilterChainProxy.java:374)
	at org.springframework.security.web.header.HeaderWriterFilter.doHeadersAfter(HeaderWriterFilter.java:90)
	at org.springframework.security.web.header.HeaderWriterFilter.doFilterInternal(HeaderWriterFilter.java:75)
	at org.springframework.web.filter.OncePerRequestFilter.doFilter(OncePerRequestFilter.java:116)
	at org.springframework.security.web.FilterChainProxy$VirtualFilterChain.doFilter(FilterChainProxy.java:374)
	at org.springframework.security.web.context.SecurityContextHolderFilter.doFilter(SecurityContextHolderFilter.java:82)
	at org.springframework.security.web.context.SecurityContextHolderFilter.doFilter(SecurityContextHolderFilter.java:69)
	at org.springframework.security.web.FilterChainProxy$VirtualFilterChain.doFilter(FilterChainProxy.java:374)
	at org.springframework.security.web.context.request.async.WebAsyncManagerIntegrationFilter.doFilterInternal(WebAsyncManagerIntegrationFilter.java:62)
	at org.springframework.web.filter.OncePerRequestFilter.doFilter(OncePerRequestFilter.java:116)
	at org.springframework.security.web.FilterChainProxy$VirtualFilterChain.doFilter(FilterChainProxy.java:374)
	at org.springframework.security.web.session.DisableEncodeUrlFilter.doFilterInternal(DisableEncodeUrlFilter.java:42)
	at org.springframework.web.filter.OncePerRequestFilter.doFilter(OncePerRequestFilter.java:116)
	at org.springframework.security.web.FilterChainProxy$VirtualFilterChain.doFilter(FilterChainProxy.java:374)
	at org.springframework.security.web.FilterChainProxy.doFilterInternal(FilterChainProxy.java:233)
	at org.springframework.security.web.FilterChainProxy.doFilter(FilterChainProxy.java:191)
	at org.springframework.web.filter.CompositeFilter$VirtualFilterChain.doFilter(CompositeFilter.java:113)
	at org.springframework.web.servlet.handler.HandlerMappingIntrospector.lambda$createCacheFilter$3(HandlerMappingIntrospector.java:243)
	at org.springframework.web.filter.CompositeFilter$VirtualFilterChain.doFilter(CompositeFilter.java:113)
	at org.springframework.web.filter.CompositeFilter.doFilter(CompositeFilter.java:74)
	at org.springframework.security.config.annotation.web.configuration.WebMvcSecurityConfiguration$CompositeFilterChainProxy.doFilter(WebMvcSecurityConfiguration.java:238)
	at org.springframework.web.filter.DelegatingFilterProxy.invokeDelegate(DelegatingFilterProxy.java:362)
	at org.springframework.web.filter.DelegatingFilterProxy.doFilter(DelegatingFilterProxy.java:278)
	at org.apache.catalina.core.ApplicationFilterChain.internalDoFilter(ApplicationFilterChain.java:164)
	at org.apache.catalina.core.ApplicationFilterChain.doFilter(ApplicationFilterChain.java:140)
	at org.springframework.web.filter.RequestContextFilter.doFilterInternal(RequestContextFilter.java:100)
	at org.springframework.web.filter.OncePerRequestFilter.doFilter(OncePerRequestFilter.java:116)
	at org.apache.catalina.core.ApplicationFilterChain.internalDoFilter(ApplicationFilterChain.java:164)
	at org.apache.catalina.core.ApplicationFilterChain.doFilter(ApplicationFilterChain.java:140)
	at org.springframework.web.filter.FormContentFilter.doFilterInternal(FormContentFilter.java:93)
	at org.springframework.web.filter.OncePerRequestFilter.doFilter(OncePerRequestFilter.java:116)
	at org.apache.catalina.core.ApplicationFilterChain.internalDoFilter(ApplicationFilterChain.java:164)
	at org.apache.catalina.core.ApplicationFilterChain.doFilter(ApplicationFilterChain.java:140)
	at org.springframework.web.filter.CharacterEncodingFilter.doFilterInternal(CharacterEncodingFilter.java:201)
	at org.springframework.web.filter.OncePerRequestFilter.doFilter(OncePerRequestFilter.java:116)
	at org.apache.catalina.core.ApplicationFilterChain.internalDoFilter(ApplicationFilterChain.java:164)
	at org.apache.catalina.core.ApplicationFilterChain.doFilter(ApplicationFilterChain.java:140)
	at org.apache.catalina.core.StandardWrapperValve.invoke(StandardWrapperValve.java:167)
	at org.apache.catalina.core.StandardContextValve.invoke(StandardContextValve.java:90)
	at org.apache.catalina.authenticator.AuthenticatorBase.invoke(AuthenticatorBase.java:483)
	at org.apache.catalina.core.StandardHostValve.invoke(StandardHostValve.java:115)
	at org.apache.catalina.valves.ErrorReportValve.invoke(ErrorReportValve.java:93)
	at org.apache.catalina.core.StandardEngineValve.invoke(StandardEngineValve.java:74)
	at org.apache.catalina.connector.CoyoteAdapter.service(CoyoteAdapter.java:344)
	at org.apache.coyote.http11.Http11Processor.service(Http11Processor.java:397)
	at org.apache.coyote.AbstractProcessorLight.process(AbstractProcessorLight.java:63)
	at org.apache.coyote.AbstractProtocol$ConnectionHandler.process(AbstractProtocol.java:905)
	at org.apache.tomcat.util.net.NioEndpoint$SocketProcessor.doRun(NioEndpoint.java:1741)
	at org.apache.tomcat.util.net.SocketProcessorBase.run(SocketProcessorBase.java:52)
	at org.apache.tomcat.util.threads.ThreadPoolExecutor.runWorker(ThreadPoolExecutor.java:1190)
	at org.apache.tomcat.util.threads.ThreadPoolExecutor$Worker.run(ThreadPoolExecutor.java:659)
	at org.apache.tomcat.util.threads.TaskThread$WrappingRunnable.run(TaskThread.java:63)
	at java.base/java.lang.Thread.run(Thread.java:1583)
19 Feb 2025 - 20:28:58.628 - o.a.c.c.C.[.[.[.[dispatcherServlet] -  ERROR - Servlet.service() for servlet [dispatcherServlet] in context with path [] threw exception [Handler dispatch failed: java.lang.NoSuchMethodError: 'void org.springframework.web.method.ControllerAdviceBean.<init>(java.lang.Object)'] with root cause
java.lang.NoSuchMethodError: 'void org.springframework.web.method.ControllerAdviceBean.<init>(java.lang.Object)'
	at org.springdoc.core.service.GenericResponseService.lambda$getGenericMapResponse$8(GenericResponseService.java:702)
	at java.base/java.util.stream.ReferencePipeline$2$1.accept(ReferencePipeline.java:178)
	at java.base/java.util.Spliterators$ArraySpliterator.forEachRemaining(Spliterators.java:1024)
	at java.base/java.util.stream.AbstractPipeline.copyInto(AbstractPipeline.java:509)
	at java.base/java.util.stream.AbstractPipeline.wrapAndCopyInto(AbstractPipeline.java:499)
	at java.base/java.util.stream.AbstractPipeline.evaluate(AbstractPipeline.java:575)
	at java.base/java.util.stream.AbstractPipeline.evaluateToArrayNode(AbstractPipeline.java:260)
	at java.base/java.util.stream.ReferencePipeline.toArray(ReferencePipeline.java:616)
	at java.base/java.util.stream.ReferencePipeline.toArray(ReferencePipeline.java:622)
	at java.base/java.util.stream.ReferencePipeline.toList(ReferencePipeline.java:627)
	at org.springdoc.core.service.GenericResponseService.getGenericMapResponse(GenericResponseService.java:704)
	at org.springdoc.core.service.GenericResponseService.build(GenericResponseService.java:246)
	at org.springdoc.api.AbstractOpenApiResource.calculatePath(AbstractOpenApiResource.java:499)
	at org.springdoc.api.AbstractOpenApiResource.calculatePath(AbstractOpenApiResource.java:676)
	at org.springdoc.webmvc.api.OpenApiResource.lambda$calculatePath$11(OpenApiResource.java:219)
	at java.base/java.util.Optional.ifPresent(Optional.java:178)
	at org.springdoc.webmvc.api.OpenApiResource.calculatePath(OpenApiResource.java:200)
	at org.springdoc.webmvc.api.OpenApiResource.lambda$getPaths$2(OpenApiResource.java:170)
	at java.base/java.util.Optional.ifPresent(Optional.java:178)
	at org.springdoc.webmvc.api.OpenApiResource.getPaths(OpenApiResource.java:149)
	at org.springdoc.api.AbstractOpenApiResource.getOpenApi(AbstractOpenApiResource.java:353)
	at org.springdoc.webmvc.api.OpenApiResource.openapiJson(OpenApiResource.java:124)
	at org.springdoc.webmvc.api.OpenApiWebMvcResource.openapiJson(OpenApiWebMvcResource.java:111)
	at java.base/jdk.internal.reflect.DirectMethodHandleAccessor.invoke(DirectMethodHandleAccessor.java:103)
	at java.base/java.lang.reflect.Method.invoke(Method.java:580)
	at org.springframework.web.method.support.InvocableHandlerMethod.doInvoke(InvocableHandlerMethod.java:257)
	at org.springframework.web.method.support.InvocableHandlerMethod.invokeForRequest(InvocableHandlerMethod.java:190)
	at org.springframework.web.servlet.mvc.method.annotation.ServletInvocableHandlerMethod.invokeAndHandle(ServletInvocableHandlerMethod.java:118)
	at org.springframework.web.servlet.mvc.method.annotation.RequestMappingHandlerAdapter.invokeHandlerMethod(RequestMappingHandlerAdapter.java:986)
	at org.springframework.web.servlet.mvc.method.annotation.RequestMappingHandlerAdapter.handleInternal(RequestMappingHandlerAdapter.java:891)
	at org.springframework.web.servlet.mvc.method.AbstractHandlerMethodAdapter.handle(AbstractHandlerMethodAdapter.java:87)
	at org.springframework.web.servlet.DispatcherServlet.doDispatch(DispatcherServlet.java:1088)
	at org.springframework.web.servlet.DispatcherServlet.doService(DispatcherServlet.java:978)
	at org.springframework.web.servlet.FrameworkServlet.processRequest(FrameworkServlet.java:1014)
	at org.springframework.web.servlet.FrameworkServlet.doGet(FrameworkServlet.java:903)
	at jakarta.servlet.http.HttpServlet.service(HttpServlet.java:564)
	at org.springframework.web.servlet.FrameworkServlet.service(FrameworkServlet.java:885)
	at jakarta.servlet.http.HttpServlet.service(HttpServlet.java:658)
	at org.apache.catalina.core.ApplicationFilterChain.internalDoFilter(ApplicationFilterChain.java:195)
	at org.apache.catalina.core.ApplicationFilterChain.doFilter(ApplicationFilterChain.java:140)
	at org.apache.tomcat.websocket.server.WsFilter.doFilter(WsFilter.java:51)
	at org.apache.catalina.core.ApplicationFilterChain.internalDoFilter(ApplicationFilterChain.java:164)
	at org.apache.catalina.core.ApplicationFilterChain.doFilter(ApplicationFilterChain.java:140)
	at org.springframework.web.filter.OncePerRequestFilter.doFilter(OncePerRequestFilter.java:101)
	at org.apache.catalina.core.ApplicationFilterChain.internalDoFilter(ApplicationFilterChain.java:164)
	at org.apache.catalina.core.ApplicationFilterChain.doFilter(ApplicationFilterChain.java:140)
	at org.springframework.web.filter.CompositeFilter$VirtualFilterChain.doFilter(CompositeFilter.java:108)
	at org.springframework.security.web.FilterChainProxy.lambda$doFilterInternal$3(FilterChainProxy.java:231)
	at org.springframework.security.web.FilterChainProxy$VirtualFilterChain.doFilter(FilterChainProxy.java:365)
	at org.springframework.security.web.access.intercept.AuthorizationFilter.doFilter(AuthorizationFilter.java:101)
	at org.springframework.security.web.FilterChainProxy$VirtualFilterChain.doFilter(FilterChainProxy.java:374)
	at org.springframework.security.web.access.ExceptionTranslationFilter.doFilter(ExceptionTranslationFilter.java:126)
	at org.springframework.security.web.access.ExceptionTranslationFilter.doFilter(ExceptionTranslationFilter.java:120)
	at org.springframework.security.web.FilterChainProxy$VirtualFilterChain.doFilter(FilterChainProxy.java:374)
	at org.springframework.security.web.authentication.AnonymousAuthenticationFilter.doFilter(AnonymousAuthenticationFilter.java:100)
	at org.springframework.security.web.FilterChainProxy$VirtualFilterChain.doFilter(FilterChainProxy.java:374)
	at org.springframework.security.web.servletapi.SecurityContextHolderAwareRequestFilter.doFilter(SecurityContextHolderAwareRequestFilter.java:179)
	at org.springframework.security.web.FilterChainProxy$VirtualFilterChain.doFilter(FilterChainProxy.java:374)
	at org.springframework.security.web.savedrequest.RequestCacheAwareFilter.doFilter(RequestCacheAwareFilter.java:63)
	at org.springframework.security.web.FilterChainProxy$VirtualFilterChain.doFilter(FilterChainProxy.java:374)
	at org.springframework.web.filter.OncePerRequestFilter.doFilter(OncePerRequestFilter.java:101)
	at org.springframework.security.web.FilterChainProxy$VirtualFilterChain.doFilter(FilterChainProxy.java:374)
	at org.springframework.security.web.authentication.logout.LogoutFilter.doFilter(LogoutFilter.java:107)
	at org.springframework.security.web.authentication.logout.LogoutFilter.doFilter(LogoutFilter.java:93)
	at org.springframework.security.web.FilterChainProxy$VirtualFilterChain.doFilter(FilterChainProxy.java:374)
	at org.springframework.security.web.header.HeaderWriterFilter.doHeadersAfter(HeaderWriterFilter.java:90)
	at org.springframework.security.web.header.HeaderWriterFilter.doFilterInternal(HeaderWriterFilter.java:75)
	at org.springframework.web.filter.OncePerRequestFilter.doFilter(OncePerRequestFilter.java:116)
	at org.springframework.security.web.FilterChainProxy$VirtualFilterChain.doFilter(FilterChainProxy.java:374)
	at org.springframework.security.web.context.SecurityContextHolderFilter.doFilter(SecurityContextHolderFilter.java:82)
	at org.springframework.security.web.context.SecurityContextHolderFilter.doFilter(SecurityContextHolderFilter.java:69)
	at org.springframework.security.web.FilterChainProxy$VirtualFilterChain.doFilter(FilterChainProxy.java:374)
	at org.springframework.security.web.context.request.async.WebAsyncManagerIntegrationFilter.doFilterInternal(WebAsyncManagerIntegrationFilter.java:62)
	at org.springframework.web.filter.OncePerRequestFilter.doFilter(OncePerRequestFilter.java:116)
	at org.springframework.security.web.FilterChainProxy$VirtualFilterChain.doFilter(FilterChainProxy.java:374)
	at org.springframework.security.web.session.DisableEncodeUrlFilter.doFilterInternal(DisableEncodeUrlFilter.java:42)
	at org.springframework.web.filter.OncePerRequestFilter.doFilter(OncePerRequestFilter.java:116)
	at org.springframework.security.web.FilterChainProxy$VirtualFilterChain.doFilter(FilterChainProxy.java:374)
	at org.springframework.security.web.FilterChainProxy.doFilterInternal(FilterChainProxy.java:233)
	at org.springframework.security.web.FilterChainProxy.doFilter(FilterChainProxy.java:191)
	at org.springframework.web.filter.CompositeFilter$VirtualFilterChain.doFilter(CompositeFilter.java:113)
	at org.springframework.web.servlet.handler.HandlerMappingIntrospector.lambda$createCacheFilter$3(HandlerMappingIntrospector.java:243)
	at org.springframework.web.filter.CompositeFilter$VirtualFilterChain.doFilter(CompositeFilter.java:113)
	at org.springframework.web.filter.CompositeFilter.doFilter(CompositeFilter.java:74)
	at org.springframework.security.config.annotation.web.configuration.WebMvcSecurityConfiguration$CompositeFilterChainProxy.doFilter(WebMvcSecurityConfiguration.java:238)
	at org.springframework.web.filter.DelegatingFilterProxy.invokeDelegate(DelegatingFilterProxy.java:362)
	at org.springframework.web.filter.DelegatingFilterProxy.doFilter(DelegatingFilterProxy.java:278)
	at org.apache.catalina.core.ApplicationFilterChain.internalDoFilter(ApplicationFilterChain.java:164)
	at org.apache.catalina.core.ApplicationFilterChain.doFilter(ApplicationFilterChain.java:140)
	at org.springframework.web.filter.RequestContextFilter.doFilterInternal(RequestContextFilter.java:100)
	at org.springframework.web.filter.OncePerRequestFilter.doFilter(OncePerRequestFilter.java:116)
	at org.apache.catalina.core.ApplicationFilterChain.internalDoFilter(ApplicationFilterChain.java:164)
	at org.apache.catalina.core.ApplicationFilterChain.doFilter(ApplicationFilterChain.java:140)
	at org.springframework.web.filter.FormContentFilter.doFilterInternal(FormContentFilter.java:93)
	at org.springframework.web.filter.OncePerRequestFilter.doFilter(OncePerRequestFilter.java:116)
	at org.apache.catalina.core.ApplicationFilterChain.internalDoFilter(ApplicationFilterChain.java:164)
	at org.apache.catalina.core.ApplicationFilterChain.doFilter(ApplicationFilterChain.java:140)
	at org.springframework.web.filter.CharacterEncodingFilter.doFilterInternal(CharacterEncodingFilter.java:201)
	at org.springframework.web.filter.OncePerRequestFilter.doFilter(OncePerRequestFilter.java:116)
	at org.apache.catalina.core.ApplicationFilterChain.internalDoFilter(ApplicationFilterChain.java:164)
	at org.apache.catalina.core.ApplicationFilterChain.doFilter(ApplicationFilterChain.java:140)
	at org.apache.catalina.core.StandardWrapperValve.invoke(StandardWrapperValve.java:167)
	at org.apache.catalina.core.StandardContextValve.invoke(StandardContextValve.java:90)
	at org.apache.catalina.authenticator.AuthenticatorBase.invoke(AuthenticatorBase.java:483)
	at org.apache.catalina.core.StandardHostValve.invoke(StandardHostValve.java:115)
	at org.apache.catalina.valves.ErrorReportValve.invoke(ErrorReportValve.java:93)
	at org.apache.catalina.core.StandardEngineValve.invoke(StandardEngineValve.java:74)
	at org.apache.catalina.connector.CoyoteAdapter.service(CoyoteAdapter.java:344)
	at org.apache.coyote.http11.Http11Processor.service(Http11Processor.java:397)
	at org.apache.coyote.AbstractProcessorLight.process(AbstractProcessorLight.java:63)
	at org.apache.coyote.AbstractProtocol$ConnectionHandler.process(AbstractProtocol.java:905)
	at org.apache.tomcat.util.net.NioEndpoint$SocketProcessor.doRun(NioEndpoint.java:1741)
	at org.apache.tomcat.util.net.SocketProcessorBase.run(SocketProcessorBase.java:52)
	at org.apache.tomcat.util.threads.ThreadPoolExecutor.runWorker(ThreadPoolExecutor.java:1190)
	at org.apache.tomcat.util.threads.ThreadPoolExecutor$Worker.run(ThreadPoolExecutor.java:659)
	at org.apache.tomcat.util.threads.TaskThread$WrappingRunnable.run(TaskThread.java:63)
	at java.base/java.lang.Thread.run(Thread.java:1583)
19 Feb 2025 - 20:28:59.495 - o.a.c.c.C.[.[.[.[dispatcherServlet] -  ERROR - Servlet.service() for servlet [dispatcherServlet] in context with path [] threw exception [Handler dispatch failed: java.lang.NoSuchMethodError: 'void org.springframework.web.method.ControllerAdviceBean.<init>(java.lang.Object)'] with root cause
java.lang.NoSuchMethodError: 'void org.springframework.web.method.ControllerAdviceBean.<init>(java.lang.Object)'
	at org.springdoc.core.service.GenericResponseService.lambda$getGenericMapResponse$8(GenericResponseService.java:702)
	at java.base/java.util.stream.ReferencePipeline$2$1.accept(ReferencePipeline.java:178)
	at java.base/java.util.Spliterators$ArraySpliterator.forEachRemaining(Spliterators.java:1024)
	at java.base/java.util.stream.AbstractPipeline.copyInto(AbstractPipeline.java:509)
	at java.base/java.util.stream.AbstractPipeline.wrapAndCopyInto(AbstractPipeline.java:499)
	at java.base/java.util.stream.AbstractPipeline.evaluate(AbstractPipeline.java:575)
	at java.base/java.util.stream.AbstractPipeline.evaluateToArrayNode(AbstractPipeline.java:260)
	at java.base/java.util.stream.ReferencePipeline.toArray(ReferencePipeline.java:616)
	at java.base/java.util.stream.ReferencePipeline.toArray(ReferencePipeline.java:622)
	at java.base/java.util.stream.ReferencePipeline.toList(ReferencePipeline.java:627)
	at org.springdoc.core.service.GenericResponseService.getGenericMapResponse(GenericResponseService.java:704)
	at org.springdoc.core.service.GenericResponseService.build(GenericResponseService.java:246)
	at org.springdoc.api.AbstractOpenApiResource.calculatePath(AbstractOpenApiResource.java:499)
	at org.springdoc.api.AbstractOpenApiResource.calculatePath(AbstractOpenApiResource.java:676)
	at org.springdoc.webmvc.api.OpenApiResource.lambda$calculatePath$11(OpenApiResource.java:219)
	at java.base/java.util.Optional.ifPresent(Optional.java:178)
	at org.springdoc.webmvc.api.OpenApiResource.calculatePath(OpenApiResource.java:200)
	at org.springdoc.webmvc.api.OpenApiResource.lambda$getPaths$2(OpenApiResource.java:170)
	at java.base/java.util.Optional.ifPresent(Optional.java:178)
	at org.springdoc.webmvc.api.OpenApiResource.getPaths(OpenApiResource.java:149)
	at org.springdoc.api.AbstractOpenApiResource.getOpenApi(AbstractOpenApiResource.java:353)
	at org.springdoc.webmvc.api.OpenApiResource.openapiJson(OpenApiResource.java:124)
	at org.springdoc.webmvc.api.OpenApiWebMvcResource.openapiJson(OpenApiWebMvcResource.java:111)
	at java.base/jdk.internal.reflect.DirectMethodHandleAccessor.invoke(DirectMethodHandleAccessor.java:103)
	at java.base/java.lang.reflect.Method.invoke(Method.java:580)
	at org.springframework.web.method.support.InvocableHandlerMethod.doInvoke(InvocableHandlerMethod.java:257)
	at org.springframework.web.method.support.InvocableHandlerMethod.invokeForRequest(InvocableHandlerMethod.java:190)
	at org.springframework.web.servlet.mvc.method.annotation.ServletInvocableHandlerMethod.invokeAndHandle(ServletInvocableHandlerMethod.java:118)
	at org.springframework.web.servlet.mvc.method.annotation.RequestMappingHandlerAdapter.invokeHandlerMethod(RequestMappingHandlerAdapter.java:986)
	at org.springframework.web.servlet.mvc.method.annotation.RequestMappingHandlerAdapter.handleInternal(RequestMappingHandlerAdapter.java:891)
	at org.springframework.web.servlet.mvc.method.AbstractHandlerMethodAdapter.handle(AbstractHandlerMethodAdapter.java:87)
	at org.springframework.web.servlet.DispatcherServlet.doDispatch(DispatcherServlet.java:1088)
	at org.springframework.web.servlet.DispatcherServlet.doService(DispatcherServlet.java:978)
	at org.springframework.web.servlet.FrameworkServlet.processRequest(FrameworkServlet.java:1014)
	at org.springframework.web.servlet.FrameworkServlet.doGet(FrameworkServlet.java:903)
	at jakarta.servlet.http.HttpServlet.service(HttpServlet.java:564)
	at org.springframework.web.servlet.FrameworkServlet.service(FrameworkServlet.java:885)
	at jakarta.servlet.http.HttpServlet.service(HttpServlet.java:658)
	at org.apache.catalina.core.ApplicationFilterChain.internalDoFilter(ApplicationFilterChain.java:195)
	at org.apache.catalina.core.ApplicationFilterChain.doFilter(ApplicationFilterChain.java:140)
	at org.apache.tomcat.websocket.server.WsFilter.doFilter(WsFilter.java:51)
	at org.apache.catalina.core.ApplicationFilterChain.internalDoFilter(ApplicationFilterChain.java:164)
	at org.apache.catalina.core.ApplicationFilterChain.doFilter(ApplicationFilterChain.java:140)
	at org.springframework.web.filter.OncePerRequestFilter.doFilter(OncePerRequestFilter.java:101)
	at org.apache.catalina.core.ApplicationFilterChain.internalDoFilter(ApplicationFilterChain.java:164)
	at org.apache.catalina.core.ApplicationFilterChain.doFilter(ApplicationFilterChain.java:140)
	at org.springframework.web.filter.CompositeFilter$VirtualFilterChain.doFilter(CompositeFilter.java:108)
	at org.springframework.security.web.FilterChainProxy.lambda$doFilterInternal$3(FilterChainProxy.java:231)
	at org.springframework.security.web.FilterChainProxy$VirtualFilterChain.doFilter(FilterChainProxy.java:365)
	at org.springframework.security.web.access.intercept.AuthorizationFilter.doFilter(AuthorizationFilter.java:101)
	at org.springframework.security.web.FilterChainProxy$VirtualFilterChain.doFilter(FilterChainProxy.java:374)
	at org.springframework.security.web.access.ExceptionTranslationFilter.doFilter(ExceptionTranslationFilter.java:126)
	at org.springframework.security.web.access.ExceptionTranslationFilter.doFilter(ExceptionTranslationFilter.java:120)
	at org.springframework.security.web.FilterChainProxy$VirtualFilterChain.doFilter(FilterChainProxy.java:374)
	at org.springframework.security.web.authentication.AnonymousAuthenticationFilter.doFilter(AnonymousAuthenticationFilter.java:100)
	at org.springframework.security.web.FilterChainProxy$VirtualFilterChain.doFilter(FilterChainProxy.java:374)
	at org.springframework.security.web.servletapi.SecurityContextHolderAwareRequestFilter.doFilter(SecurityContextHolderAwareRequestFilter.java:179)
	at org.springframework.security.web.FilterChainProxy$VirtualFilterChain.doFilter(FilterChainProxy.java:374)
	at org.springframework.security.web.savedrequest.RequestCacheAwareFilter.doFilter(RequestCacheAwareFilter.java:63)
	at org.springframework.security.web.FilterChainProxy$VirtualFilterChain.doFilter(FilterChainProxy.java:374)
	at org.springframework.web.filter.OncePerRequestFilter.doFilter(OncePerRequestFilter.java:101)
	at org.springframework.security.web.FilterChainProxy$VirtualFilterChain.doFilter(FilterChainProxy.java:374)
	at org.springframework.security.web.authentication.logout.LogoutFilter.doFilter(LogoutFilter.java:107)
	at org.springframework.security.web.authentication.logout.LogoutFilter.doFilter(LogoutFilter.java:93)
	at org.springframework.security.web.FilterChainProxy$VirtualFilterChain.doFilter(FilterChainProxy.java:374)
	at org.springframework.security.web.header.HeaderWriterFilter.doHeadersAfter(HeaderWriterFilter.java:90)
	at org.springframework.security.web.header.HeaderWriterFilter.doFilterInternal(HeaderWriterFilter.java:75)
	at org.springframework.web.filter.OncePerRequestFilter.doFilter(OncePerRequestFilter.java:116)
	at org.springframework.security.web.FilterChainProxy$VirtualFilterChain.doFilter(FilterChainProxy.java:374)
	at org.springframework.security.web.context.SecurityContextHolderFilter.doFilter(SecurityContextHolderFilter.java:82)
	at org.springframework.security.web.context.SecurityContextHolderFilter.doFilter(SecurityContextHolderFilter.java:69)
	at org.springframework.security.web.FilterChainProxy$VirtualFilterChain.doFilter(FilterChainProxy.java:374)
	at org.springframework.security.web.context.request.async.WebAsyncManagerIntegrationFilter.doFilterInternal(WebAsyncManagerIntegrationFilter.java:62)
	at org.springframework.web.filter.OncePerRequestFilter.doFilter(OncePerRequestFilter.java:116)
	at org.springframework.security.web.FilterChainProxy$VirtualFilterChain.doFilter(FilterChainProxy.java:374)
	at org.springframework.security.web.session.DisableEncodeUrlFilter.doFilterInternal(DisableEncodeUrlFilter.java:42)
	at org.springframework.web.filter.OncePerRequestFilter.doFilter(OncePerRequestFilter.java:116)
	at org.springframework.security.web.FilterChainProxy$VirtualFilterChain.doFilter(FilterChainProxy.java:374)
	at org.springframework.security.web.FilterChainProxy.doFilterInternal(FilterChainProxy.java:233)
	at org.springframework.security.web.FilterChainProxy.doFilter(FilterChainProxy.java:191)
	at org.springframework.web.filter.CompositeFilter$VirtualFilterChain.doFilter(CompositeFilter.java:113)
	at org.springframework.web.servlet.handler.HandlerMappingIntrospector.lambda$createCacheFilter$3(HandlerMappingIntrospector.java:243)
	at org.springframework.web.filter.CompositeFilter$VirtualFilterChain.doFilter(CompositeFilter.java:113)
	at org.springframework.web.filter.CompositeFilter.doFilter(CompositeFilter.java:74)
	at org.springframework.security.config.annotation.web.configuration.WebMvcSecurityConfiguration$CompositeFilterChainProxy.doFilter(WebMvcSecurityConfiguration.java:238)
	at org.springframework.web.filter.DelegatingFilterProxy.invokeDelegate(DelegatingFilterProxy.java:362)
	at org.springframework.web.filter.DelegatingFilterProxy.doFilter(DelegatingFilterProxy.java:278)
	at org.apache.catalina.core.ApplicationFilterChain.internalDoFilter(ApplicationFilterChain.java:164)
	at org.apache.catalina.core.ApplicationFilterChain.doFilter(ApplicationFilterChain.java:140)
	at org.springframework.web.filter.RequestContextFilter.doFilterInternal(RequestContextFilter.java:100)
	at org.springframework.web.filter.OncePerRequestFilter.doFilter(OncePerRequestFilter.java:116)
	at org.apache.catalina.core.ApplicationFilterChain.internalDoFilter(ApplicationFilterChain.java:164)
	at org.apache.catalina.core.ApplicationFilterChain.doFilter(ApplicationFilterChain.java:140)
	at org.springframework.web.filter.FormContentFilter.doFilterInternal(FormContentFilter.java:93)
	at org.springframework.web.filter.OncePerRequestFilter.doFilter(OncePerRequestFilter.java:116)
	at org.apache.catalina.core.ApplicationFilterChain.internalDoFilter(ApplicationFilterChain.java:164)
	at org.apache.catalina.core.ApplicationFilterChain.doFilter(ApplicationFilterChain.java:140)
	at org.springframework.web.filter.CharacterEncodingFilter.doFilterInternal(CharacterEncodingFilter.java:201)
	at org.springframework.web.filter.OncePerRequestFilter.doFilter(OncePerRequestFilter.java:116)
	at org.apache.catalina.core.ApplicationFilterChain.internalDoFilter(ApplicationFilterChain.java:164)
	at org.apache.catalina.core.ApplicationFilterChain.doFilter(ApplicationFilterChain.java:140)
	at org.apache.catalina.core.StandardWrapperValve.invoke(StandardWrapperValve.java:167)
	at org.apache.catalina.core.StandardContextValve.invoke(StandardContextValve.java:90)
	at org.apache.catalina.authenticator.AuthenticatorBase.invoke(AuthenticatorBase.java:483)
	at org.apache.catalina.core.StandardHostValve.invoke(StandardHostValve.java:115)
	at org.apache.catalina.valves.ErrorReportValve.invoke(ErrorReportValve.java:93)
	at org.apache.catalina.core.StandardEngineValve.invoke(StandardEngineValve.java:74)
	at org.apache.catalina.connector.CoyoteAdapter.service(CoyoteAdapter.java:344)
	at org.apache.coyote.http11.Http11Processor.service(Http11Processor.java:397)
	at org.apache.coyote.AbstractProcessorLight.process(AbstractProcessorLight.java:63)
	at org.apache.coyote.AbstractProtocol$ConnectionHandler.process(AbstractProtocol.java:905)
	at org.apache.tomcat.util.net.NioEndpoint$SocketProcessor.doRun(NioEndpoint.java:1741)
	at org.apache.tomcat.util.net.SocketProcessorBase.run(SocketProcessorBase.java:52)
	at org.apache.tomcat.util.threads.ThreadPoolExecutor.runWorker(ThreadPoolExecutor.java:1190)
	at org.apache.tomcat.util.threads.ThreadPoolExecutor$Worker.run(ThreadPoolExecutor.java:659)
	at org.apache.tomcat.util.threads.TaskThread$WrappingRunnable.run(TaskThread.java:63)
	at java.base/java.lang.Thread.run(Thread.java:1583)
19 Feb 2025 - 20:31:43.571 - o.s.b.w.e.tomcat.GracefulShutdown -  INFO  - Commencing graceful shutdown. Waiting for active requests to complete
19 Feb 2025 - 20:31:43.575 - o.s.b.w.e.tomcat.GracefulShutdown -  INFO  - Graceful shutdown complete
19 Feb 2025 - 20:31:43.582 - o.s.o.j.LocalContainerEntityManagerFactoryBean -  INFO  - Closing JPA EntityManagerFactory for persistence unit 'default'
19 Feb 2025 - 20:31:43.584 - com.zaxxer.hikari.HikariDataSource -  INFO  - HikariPool-1 - Shutdown initiated...
19 Feb 2025 - 20:31:43.588 - com.zaxxer.hikari.HikariDataSource -  INFO  - HikariPool-1 - Shutdown completed.
19 Feb 2025 - 20:31:47.362 - c.example.KunUzPractiseApplication -  INFO  - Starting KunUzPractiseApplication using Java 21.0.6 with PID 9908 (C:\Users\Sanjar\IdeaProjects\kun_uz_practise\target\classes started by Sanjar in C:\Users\Sanjar\IdeaProjects\kun_uz_practise)
19 Feb 2025 - 20:31:47.370 - c.example.KunUzPractiseApplication -  INFO  - The following 1 profile is active: "local"
19 Feb 2025 - 20:31:48.121 - o.s.d.r.c.RepositoryConfigurationDelegate -  INFO  - Bootstrapping Spring Data JPA repositories in DEFAULT mode.
19 Feb 2025 - 20:31:48.201 - o.s.d.r.c.RepositoryConfigurationDelegate -  INFO  - Finished Spring Data repository scanning in 72 ms. Found 14 JPA repository interfaces.
19 Feb 2025 - 20:31:48.768 - o.s.b.w.e.tomcat.TomcatWebServer -  INFO  - Tomcat initialized with port 8080 (http)
19 Feb 2025 - 20:31:48.788 - o.a.catalina.core.StandardService -  INFO  - Starting service [Tomcat]
19 Feb 2025 - 20:31:48.788 - o.a.catalina.core.StandardEngine -  INFO  - Starting Servlet engine: [Apache Tomcat/10.1.34]
19 Feb 2025 - 20:31:48.849 - o.a.c.c.C.[Tomcat].[localhost].[/] -  INFO  - Initializing Spring embedded WebApplicationContext
19 Feb 2025 - 20:31:48.849 - o.s.b.w.s.c.ServletWebServerApplicationContext -  INFO  - Root WebApplicationContext: initialization completed in 1440 ms
19 Feb 2025 - 20:31:48.910 - com.zaxxer.hikari.HikariDataSource -  INFO  - HikariPool-1 - Starting...
19 Feb 2025 - 20:31:49.050 - com.zaxxer.hikari.pool.HikariPool -  INFO  - HikariPool-1 - Added connection org.postgresql.jdbc.PgConnection@25ce435
19 Feb 2025 - 20:31:49.052 - com.zaxxer.hikari.HikariDataSource -  INFO  - HikariPool-1 - Start completed.
19 Feb 2025 - 20:31:49.129 - o.h.jpa.internal.util.LogHelper -  INFO  - HHH000204: Processing PersistenceUnitInfo [name: default]
19 Feb 2025 - 20:31:49.184 - org.hibernate.Version -  INFO  - HHH000412: Hibernate ORM core version 6.6.5.Final
19 Feb 2025 - 20:31:49.219 - o.h.c.i.RegionFactoryInitiator -  INFO  - HHH000026: Second-level cache disabled
19 Feb 2025 - 20:31:49.482 - o.s.o.j.p.SpringPersistenceUnitInfo -  INFO  - No LoadTimeWeaver setup: ignoring JPA class transformer
19 Feb 2025 - 20:31:49.570 - o.hibernate.orm.connections.pooling -  INFO  - HHH10001005: Database info:
	Database JDBC URL [Connecting through datasource 'HikariDataSource (HikariPool-1)']
	Database driver: undefined/unknown
	Database version: 17.2
	Autocommit mode: undefined/unknown
	Isolation level: undefined/unknown
	Minimum pool size: undefined/unknown
	Maximum pool size: undefined/unknown
19 Feb 2025 - 20:31:50.672 - o.h.e.t.j.p.i.JtaPlatformInitiator -  INFO  - HHH000489: No JTA platform available (set 'hibernate.transaction.jta.platform' to enable JTA platform integration)
19 Feb 2025 - 20:31:51.313 - o.s.o.j.LocalContainerEntityManagerFactoryBean -  INFO  - Initialized JPA EntityManagerFactory for persistence unit 'default'
19 Feb 2025 - 20:31:51.552 - o.s.d.j.r.query.QueryEnhancerFactory -  INFO  - Hibernate is in classpath; If applicable, HQL parser will be used.
19 Feb 2025 - 20:31:53.104 - o.s.b.a.o.j.JpaBaseConfiguration$JpaWebConfiguration -  WARN  - spring.jpa.open-in-view is enabled by default. Therefore, database queries may be performed during view rendering. Explicitly configure spring.jpa.open-in-view to disable this warning
19 Feb 2025 - 20:31:53.139 - o.s.s.c.a.a.c.InitializeAuthenticationProviderBeanManagerConfigurer$InitializeAuthenticationProviderManagerConfigurer -  INFO  - Global AuthenticationManager configured with AuthenticationProvider bean with name authenticationProvider
19 Feb 2025 - 20:31:53.139 - o.s.s.c.a.a.c.InitializeUserDetailsBeanManagerConfigurer$InitializeUserDetailsManagerConfigurer -  WARN  - Global AuthenticationManager configured with an AuthenticationProvider bean. UserDetailsService beans will not be used by Spring Security for automatically configuring username/password login. Consider removing the AuthenticationProvider bean. Alternatively, consider using the UserDetailsService in a manually instantiated DaoAuthenticationProvider. If the current configuration is intentional, to turn off this warning, increase the logging level of 'org.springframework.security.config.annotation.authentication.configuration.InitializeUserDetailsBeanManagerConfigurer' to ERROR
19 Feb 2025 - 20:31:53.888 - o.s.b.w.e.tomcat.TomcatWebServer -  INFO  - Tomcat started on port 8080 (http) with context path '/'
19 Feb 2025 - 20:31:53.896 - c.example.KunUzPractiseApplication -  INFO  - Started KunUzPractiseApplication in 6.973 seconds (process running for 7.553)
19 Feb 2025 - 20:31:53.943 - o.f.c.i.license.VersionPrinter -  INFO  - Flyway Community Edition 9.22.3 by Redgate
19 Feb 2025 - 20:31:53.944 - o.f.c.i.license.VersionPrinter -  INFO  - See release notes here: https://rd.gt/416ObMi
19 Feb 2025 - 20:31:53.944 - o.f.c.i.license.VersionPrinter -  INFO  - 
19 Feb 2025 - 20:31:53.954 - org.flywaydb.core.FlywayExecutor -  INFO  - Database: jdbc:postgresql://localhost:5432/kun_uz_practise (PostgreSQL 17.2)
19 Feb 2025 - 20:31:53.959 - o.f.c.i.database.base.Database -  WARN  - Flyway upgrade recommended: PostgreSQL 17.2 is newer than this version of Flyway and support has not been tested. The latest supported version of PostgreSQL is 15.
19 Feb 2025 - 20:31:53.983 - o.f.core.internal.command.DbValidate -  INFO  - Successfully validated 4 migrations (execution time 00:00.017s)
19 Feb 2025 - 20:31:53.991 - o.f.core.internal.command.DbMigrate -  INFO  - Current version of schema "public": 1.2
19 Feb 2025 - 20:31:53.994 - o.f.core.internal.command.DbMigrate -  INFO  - Schema "public" is up to date. No migration necessary.
19 Feb 2025 - 20:31:57.372 - o.a.c.c.C.[Tomcat].[localhost].[/] -  INFO  - Initializing Spring DispatcherServlet 'dispatcherServlet'
19 Feb 2025 - 20:31:57.373 - o.s.web.servlet.DispatcherServlet -  INFO  - Initializing Servlet 'dispatcherServlet'
19 Feb 2025 - 20:31:57.374 - o.s.web.servlet.DispatcherServlet -  INFO  - Completed initialization in 1 ms
19 Feb 2025 - 20:31:58.062 - o.a.c.c.C.[.[.[.[dispatcherServlet] -  ERROR - Servlet.service() for servlet [dispatcherServlet] in context with path [] threw exception [Handler dispatch failed: java.lang.NoSuchMethodError: 'void org.springframework.web.method.ControllerAdviceBean.<init>(java.lang.Object)'] with root cause
java.lang.NoSuchMethodError: 'void org.springframework.web.method.ControllerAdviceBean.<init>(java.lang.Object)'
	at org.springdoc.core.service.GenericResponseService.lambda$getGenericMapResponse$8(GenericResponseService.java:702)
	at java.base/java.util.stream.ReferencePipeline$2$1.accept(ReferencePipeline.java:178)
	at java.base/java.util.Spliterators$ArraySpliterator.forEachRemaining(Spliterators.java:1024)
	at java.base/java.util.stream.AbstractPipeline.copyInto(AbstractPipeline.java:509)
	at java.base/java.util.stream.AbstractPipeline.wrapAndCopyInto(AbstractPipeline.java:499)
	at java.base/java.util.stream.AbstractPipeline.evaluate(AbstractPipeline.java:575)
	at java.base/java.util.stream.AbstractPipeline.evaluateToArrayNode(AbstractPipeline.java:260)
	at java.base/java.util.stream.ReferencePipeline.toArray(ReferencePipeline.java:616)
	at java.base/java.util.stream.ReferencePipeline.toArray(ReferencePipeline.java:622)
	at java.base/java.util.stream.ReferencePipeline.toList(ReferencePipeline.java:627)
	at org.springdoc.core.service.GenericResponseService.getGenericMapResponse(GenericResponseService.java:704)
	at org.springdoc.core.service.GenericResponseService.build(GenericResponseService.java:246)
	at org.springdoc.api.AbstractOpenApiResource.calculatePath(AbstractOpenApiResource.java:499)
	at org.springdoc.api.AbstractOpenApiResource.calculatePath(AbstractOpenApiResource.java:676)
	at org.springdoc.webmvc.api.OpenApiResource.lambda$calculatePath$11(OpenApiResource.java:219)
	at java.base/java.util.Optional.ifPresent(Optional.java:178)
	at org.springdoc.webmvc.api.OpenApiResource.calculatePath(OpenApiResource.java:200)
	at org.springdoc.webmvc.api.OpenApiResource.lambda$getPaths$2(OpenApiResource.java:170)
	at java.base/java.util.Optional.ifPresent(Optional.java:178)
	at org.springdoc.webmvc.api.OpenApiResource.getPaths(OpenApiResource.java:149)
	at org.springdoc.api.AbstractOpenApiResource.getOpenApi(AbstractOpenApiResource.java:353)
	at org.springdoc.webmvc.api.OpenApiResource.openapiJson(OpenApiResource.java:124)
	at org.springdoc.webmvc.api.OpenApiWebMvcResource.openapiJson(OpenApiWebMvcResource.java:111)
	at java.base/jdk.internal.reflect.DirectMethodHandleAccessor.invoke(DirectMethodHandleAccessor.java:103)
	at java.base/java.lang.reflect.Method.invoke(Method.java:580)
	at org.springframework.web.method.support.InvocableHandlerMethod.doInvoke(InvocableHandlerMethod.java:257)
	at org.springframework.web.method.support.InvocableHandlerMethod.invokeForRequest(InvocableHandlerMethod.java:190)
	at org.springframework.web.servlet.mvc.method.annotation.ServletInvocableHandlerMethod.invokeAndHandle(ServletInvocableHandlerMethod.java:118)
	at org.springframework.web.servlet.mvc.method.annotation.RequestMappingHandlerAdapter.invokeHandlerMethod(RequestMappingHandlerAdapter.java:986)
	at org.springframework.web.servlet.mvc.method.annotation.RequestMappingHandlerAdapter.handleInternal(RequestMappingHandlerAdapter.java:891)
	at org.springframework.web.servlet.mvc.method.AbstractHandlerMethodAdapter.handle(AbstractHandlerMethodAdapter.java:87)
	at org.springframework.web.servlet.DispatcherServlet.doDispatch(DispatcherServlet.java:1088)
	at org.springframework.web.servlet.DispatcherServlet.doService(DispatcherServlet.java:978)
	at org.springframework.web.servlet.FrameworkServlet.processRequest(FrameworkServlet.java:1014)
	at org.springframework.web.servlet.FrameworkServlet.doGet(FrameworkServlet.java:903)
	at jakarta.servlet.http.HttpServlet.service(HttpServlet.java:564)
	at org.springframework.web.servlet.FrameworkServlet.service(FrameworkServlet.java:885)
	at jakarta.servlet.http.HttpServlet.service(HttpServlet.java:658)
	at org.apache.catalina.core.ApplicationFilterChain.internalDoFilter(ApplicationFilterChain.java:195)
	at org.apache.catalina.core.ApplicationFilterChain.doFilter(ApplicationFilterChain.java:140)
	at org.apache.tomcat.websocket.server.WsFilter.doFilter(WsFilter.java:51)
	at org.apache.catalina.core.ApplicationFilterChain.internalDoFilter(ApplicationFilterChain.java:164)
	at org.apache.catalina.core.ApplicationFilterChain.doFilter(ApplicationFilterChain.java:140)
	at org.springframework.web.filter.OncePerRequestFilter.doFilter(OncePerRequestFilter.java:101)
	at org.apache.catalina.core.ApplicationFilterChain.internalDoFilter(ApplicationFilterChain.java:164)
	at org.apache.catalina.core.ApplicationFilterChain.doFilter(ApplicationFilterChain.java:140)
	at org.springframework.web.filter.CompositeFilter$VirtualFilterChain.doFilter(CompositeFilter.java:108)
	at org.springframework.security.web.FilterChainProxy.lambda$doFilterInternal$3(FilterChainProxy.java:231)
	at org.springframework.security.web.FilterChainProxy$VirtualFilterChain.doFilter(FilterChainProxy.java:365)
	at org.springframework.security.web.access.intercept.AuthorizationFilter.doFilter(AuthorizationFilter.java:101)
	at org.springframework.security.web.FilterChainProxy$VirtualFilterChain.doFilter(FilterChainProxy.java:374)
	at org.springframework.security.web.access.ExceptionTranslationFilter.doFilter(ExceptionTranslationFilter.java:126)
	at org.springframework.security.web.access.ExceptionTranslationFilter.doFilter(ExceptionTranslationFilter.java:120)
	at org.springframework.security.web.FilterChainProxy$VirtualFilterChain.doFilter(FilterChainProxy.java:374)
	at org.springframework.security.web.authentication.AnonymousAuthenticationFilter.doFilter(AnonymousAuthenticationFilter.java:100)
	at org.springframework.security.web.FilterChainProxy$VirtualFilterChain.doFilter(FilterChainProxy.java:374)
	at org.springframework.security.web.servletapi.SecurityContextHolderAwareRequestFilter.doFilter(SecurityContextHolderAwareRequestFilter.java:179)
	at org.springframework.security.web.FilterChainProxy$VirtualFilterChain.doFilter(FilterChainProxy.java:374)
	at org.springframework.security.web.savedrequest.RequestCacheAwareFilter.doFilter(RequestCacheAwareFilter.java:63)
	at org.springframework.security.web.FilterChainProxy$VirtualFilterChain.doFilter(FilterChainProxy.java:374)
	at org.springframework.web.filter.OncePerRequestFilter.doFilter(OncePerRequestFilter.java:101)
	at org.springframework.security.web.FilterChainProxy$VirtualFilterChain.doFilter(FilterChainProxy.java:374)
	at org.springframework.security.web.authentication.logout.LogoutFilter.doFilter(LogoutFilter.java:107)
	at org.springframework.security.web.authentication.logout.LogoutFilter.doFilter(LogoutFilter.java:93)
	at org.springframework.security.web.FilterChainProxy$VirtualFilterChain.doFilter(FilterChainProxy.java:374)
	at org.springframework.security.web.header.HeaderWriterFilter.doHeadersAfter(HeaderWriterFilter.java:90)
	at org.springframework.security.web.header.HeaderWriterFilter.doFilterInternal(HeaderWriterFilter.java:75)
	at org.springframework.web.filter.OncePerRequestFilter.doFilter(OncePerRequestFilter.java:116)
	at org.springframework.security.web.FilterChainProxy$VirtualFilterChain.doFilter(FilterChainProxy.java:374)
	at org.springframework.security.web.context.SecurityContextHolderFilter.doFilter(SecurityContextHolderFilter.java:82)
	at org.springframework.security.web.context.SecurityContextHolderFilter.doFilter(SecurityContextHolderFilter.java:69)
	at org.springframework.security.web.FilterChainProxy$VirtualFilterChain.doFilter(FilterChainProxy.java:374)
	at org.springframework.security.web.context.request.async.WebAsyncManagerIntegrationFilter.doFilterInternal(WebAsyncManagerIntegrationFilter.java:62)
	at org.springframework.web.filter.OncePerRequestFilter.doFilter(OncePerRequestFilter.java:116)
	at org.springframework.security.web.FilterChainProxy$VirtualFilterChain.doFilter(FilterChainProxy.java:374)
	at org.springframework.security.web.session.DisableEncodeUrlFilter.doFilterInternal(DisableEncodeUrlFilter.java:42)
	at org.springframework.web.filter.OncePerRequestFilter.doFilter(OncePerRequestFilter.java:116)
	at org.springframework.security.web.FilterChainProxy$VirtualFilterChain.doFilter(FilterChainProxy.java:374)
	at org.springframework.security.web.FilterChainProxy.doFilterInternal(FilterChainProxy.java:233)
	at org.springframework.security.web.FilterChainProxy.doFilter(FilterChainProxy.java:191)
	at org.springframework.web.filter.CompositeFilter$VirtualFilterChain.doFilter(CompositeFilter.java:113)
	at org.springframework.web.servlet.handler.HandlerMappingIntrospector.lambda$createCacheFilter$3(HandlerMappingIntrospector.java:243)
	at org.springframework.web.filter.CompositeFilter$VirtualFilterChain.doFilter(CompositeFilter.java:113)
	at org.springframework.web.filter.CompositeFilter.doFilter(CompositeFilter.java:74)
	at org.springframework.security.config.annotation.web.configuration.WebMvcSecurityConfiguration$CompositeFilterChainProxy.doFilter(WebMvcSecurityConfiguration.java:238)
	at org.springframework.web.filter.DelegatingFilterProxy.invokeDelegate(DelegatingFilterProxy.java:362)
	at org.springframework.web.filter.DelegatingFilterProxy.doFilter(DelegatingFilterProxy.java:278)
	at org.apache.catalina.core.ApplicationFilterChain.internalDoFilter(ApplicationFilterChain.java:164)
	at org.apache.catalina.core.ApplicationFilterChain.doFilter(ApplicationFilterChain.java:140)
	at org.springframework.web.filter.RequestContextFilter.doFilterInternal(RequestContextFilter.java:100)
	at org.springframework.web.filter.OncePerRequestFilter.doFilter(OncePerRequestFilter.java:116)
	at org.apache.catalina.core.ApplicationFilterChain.internalDoFilter(ApplicationFilterChain.java:164)
	at org.apache.catalina.core.ApplicationFilterChain.doFilter(ApplicationFilterChain.java:140)
	at org.springframework.web.filter.FormContentFilter.doFilterInternal(FormContentFilter.java:93)
	at org.springframework.web.filter.OncePerRequestFilter.doFilter(OncePerRequestFilter.java:116)
	at org.apache.catalina.core.ApplicationFilterChain.internalDoFilter(ApplicationFilterChain.java:164)
	at org.apache.catalina.core.ApplicationFilterChain.doFilter(ApplicationFilterChain.java:140)
	at org.springframework.web.filter.CharacterEncodingFilter.doFilterInternal(CharacterEncodingFilter.java:201)
	at org.springframework.web.filter.OncePerRequestFilter.doFilter(OncePerRequestFilter.java:116)
	at org.apache.catalina.core.ApplicationFilterChain.internalDoFilter(ApplicationFilterChain.java:164)
	at org.apache.catalina.core.ApplicationFilterChain.doFilter(ApplicationFilterChain.java:140)
	at org.apache.catalina.core.StandardWrapperValve.invoke(StandardWrapperValve.java:167)
	at org.apache.catalina.core.StandardContextValve.invoke(StandardContextValve.java:90)
	at org.apache.catalina.authenticator.AuthenticatorBase.invoke(AuthenticatorBase.java:483)
	at org.apache.catalina.core.StandardHostValve.invoke(StandardHostValve.java:115)
	at org.apache.catalina.valves.ErrorReportValve.invoke(ErrorReportValve.java:93)
	at org.apache.catalina.core.StandardEngineValve.invoke(StandardEngineValve.java:74)
	at org.apache.catalina.connector.CoyoteAdapter.service(CoyoteAdapter.java:344)
	at org.apache.coyote.http11.Http11Processor.service(Http11Processor.java:397)
	at org.apache.coyote.AbstractProcessorLight.process(AbstractProcessorLight.java:63)
	at org.apache.coyote.AbstractProtocol$ConnectionHandler.process(AbstractProtocol.java:905)
	at org.apache.tomcat.util.net.NioEndpoint$SocketProcessor.doRun(NioEndpoint.java:1741)
	at org.apache.tomcat.util.net.SocketProcessorBase.run(SocketProcessorBase.java:52)
	at org.apache.tomcat.util.threads.ThreadPoolExecutor.runWorker(ThreadPoolExecutor.java:1190)
	at org.apache.tomcat.util.threads.ThreadPoolExecutor$Worker.run(ThreadPoolExecutor.java:659)
	at org.apache.tomcat.util.threads.TaskThread$WrappingRunnable.run(TaskThread.java:63)
	at java.base/java.lang.Thread.run(Thread.java:1583)
19 Feb 2025 - 20:31:59.040 - o.a.c.c.C.[.[.[.[dispatcherServlet] -  ERROR - Servlet.service() for servlet [dispatcherServlet] in context with path [] threw exception [Handler dispatch failed: java.lang.NoSuchMethodError: 'void org.springframework.web.method.ControllerAdviceBean.<init>(java.lang.Object)'] with root cause
java.lang.NoSuchMethodError: 'void org.springframework.web.method.ControllerAdviceBean.<init>(java.lang.Object)'
	at org.springdoc.core.service.GenericResponseService.lambda$getGenericMapResponse$8(GenericResponseService.java:702)
	at java.base/java.util.stream.ReferencePipeline$2$1.accept(ReferencePipeline.java:178)
	at java.base/java.util.Spliterators$ArraySpliterator.forEachRemaining(Spliterators.java:1024)
	at java.base/java.util.stream.AbstractPipeline.copyInto(AbstractPipeline.java:509)
	at java.base/java.util.stream.AbstractPipeline.wrapAndCopyInto(AbstractPipeline.java:499)
	at java.base/java.util.stream.AbstractPipeline.evaluate(AbstractPipeline.java:575)
	at java.base/java.util.stream.AbstractPipeline.evaluateToArrayNode(AbstractPipeline.java:260)
	at java.base/java.util.stream.ReferencePipeline.toArray(ReferencePipeline.java:616)
	at java.base/java.util.stream.ReferencePipeline.toArray(ReferencePipeline.java:622)
	at java.base/java.util.stream.ReferencePipeline.toList(ReferencePipeline.java:627)
	at org.springdoc.core.service.GenericResponseService.getGenericMapResponse(GenericResponseService.java:704)
	at org.springdoc.core.service.GenericResponseService.build(GenericResponseService.java:246)
	at org.springdoc.api.AbstractOpenApiResource.calculatePath(AbstractOpenApiResource.java:499)
	at org.springdoc.api.AbstractOpenApiResource.calculatePath(AbstractOpenApiResource.java:676)
	at org.springdoc.webmvc.api.OpenApiResource.lambda$calculatePath$11(OpenApiResource.java:219)
	at java.base/java.util.Optional.ifPresent(Optional.java:178)
	at org.springdoc.webmvc.api.OpenApiResource.calculatePath(OpenApiResource.java:200)
	at org.springdoc.webmvc.api.OpenApiResource.lambda$getPaths$2(OpenApiResource.java:170)
	at java.base/java.util.Optional.ifPresent(Optional.java:178)
	at org.springdoc.webmvc.api.OpenApiResource.getPaths(OpenApiResource.java:149)
	at org.springdoc.api.AbstractOpenApiResource.getOpenApi(AbstractOpenApiResource.java:353)
	at org.springdoc.webmvc.api.OpenApiResource.openapiJson(OpenApiResource.java:124)
	at org.springdoc.webmvc.api.OpenApiWebMvcResource.openapiJson(OpenApiWebMvcResource.java:111)
	at java.base/jdk.internal.reflect.DirectMethodHandleAccessor.invoke(DirectMethodHandleAccessor.java:103)
	at java.base/java.lang.reflect.Method.invoke(Method.java:580)
	at org.springframework.web.method.support.InvocableHandlerMethod.doInvoke(InvocableHandlerMethod.java:257)
	at org.springframework.web.method.support.InvocableHandlerMethod.invokeForRequest(InvocableHandlerMethod.java:190)
	at org.springframework.web.servlet.mvc.method.annotation.ServletInvocableHandlerMethod.invokeAndHandle(ServletInvocableHandlerMethod.java:118)
	at org.springframework.web.servlet.mvc.method.annotation.RequestMappingHandlerAdapter.invokeHandlerMethod(RequestMappingHandlerAdapter.java:986)
	at org.springframework.web.servlet.mvc.method.annotation.RequestMappingHandlerAdapter.handleInternal(RequestMappingHandlerAdapter.java:891)
	at org.springframework.web.servlet.mvc.method.AbstractHandlerMethodAdapter.handle(AbstractHandlerMethodAdapter.java:87)
	at org.springframework.web.servlet.DispatcherServlet.doDispatch(DispatcherServlet.java:1088)
	at org.springframework.web.servlet.DispatcherServlet.doService(DispatcherServlet.java:978)
	at org.springframework.web.servlet.FrameworkServlet.processRequest(FrameworkServlet.java:1014)
	at org.springframework.web.servlet.FrameworkServlet.doGet(FrameworkServlet.java:903)
	at jakarta.servlet.http.HttpServlet.service(HttpServlet.java:564)
	at org.springframework.web.servlet.FrameworkServlet.service(FrameworkServlet.java:885)
	at jakarta.servlet.http.HttpServlet.service(HttpServlet.java:658)
	at org.apache.catalina.core.ApplicationFilterChain.internalDoFilter(ApplicationFilterChain.java:195)
	at org.apache.catalina.core.ApplicationFilterChain.doFilter(ApplicationFilterChain.java:140)
	at org.apache.tomcat.websocket.server.WsFilter.doFilter(WsFilter.java:51)
	at org.apache.catalina.core.ApplicationFilterChain.internalDoFilter(ApplicationFilterChain.java:164)
	at org.apache.catalina.core.ApplicationFilterChain.doFilter(ApplicationFilterChain.java:140)
	at org.springframework.web.filter.OncePerRequestFilter.doFilter(OncePerRequestFilter.java:101)
	at org.apache.catalina.core.ApplicationFilterChain.internalDoFilter(ApplicationFilterChain.java:164)
	at org.apache.catalina.core.ApplicationFilterChain.doFilter(ApplicationFilterChain.java:140)
	at org.springframework.web.filter.CompositeFilter$VirtualFilterChain.doFilter(CompositeFilter.java:108)
	at org.springframework.security.web.FilterChainProxy.lambda$doFilterInternal$3(FilterChainProxy.java:231)
	at org.springframework.security.web.FilterChainProxy$VirtualFilterChain.doFilter(FilterChainProxy.java:365)
	at org.springframework.security.web.access.intercept.AuthorizationFilter.doFilter(AuthorizationFilter.java:101)
	at org.springframework.security.web.FilterChainProxy$VirtualFilterChain.doFilter(FilterChainProxy.java:374)
	at org.springframework.security.web.access.ExceptionTranslationFilter.doFilter(ExceptionTranslationFilter.java:126)
	at org.springframework.security.web.access.ExceptionTranslationFilter.doFilter(ExceptionTranslationFilter.java:120)
	at org.springframework.security.web.FilterChainProxy$VirtualFilterChain.doFilter(FilterChainProxy.java:374)
	at org.springframework.security.web.authentication.AnonymousAuthenticationFilter.doFilter(AnonymousAuthenticationFilter.java:100)
	at org.springframework.security.web.FilterChainProxy$VirtualFilterChain.doFilter(FilterChainProxy.java:374)
	at org.springframework.security.web.servletapi.SecurityContextHolderAwareRequestFilter.doFilter(SecurityContextHolderAwareRequestFilter.java:179)
	at org.springframework.security.web.FilterChainProxy$VirtualFilterChain.doFilter(FilterChainProxy.java:374)
	at org.springframework.security.web.savedrequest.RequestCacheAwareFilter.doFilter(RequestCacheAwareFilter.java:63)
	at org.springframework.security.web.FilterChainProxy$VirtualFilterChain.doFilter(FilterChainProxy.java:374)
	at org.springframework.web.filter.OncePerRequestFilter.doFilter(OncePerRequestFilter.java:101)
	at org.springframework.security.web.FilterChainProxy$VirtualFilterChain.doFilter(FilterChainProxy.java:374)
	at org.springframework.security.web.authentication.logout.LogoutFilter.doFilter(LogoutFilter.java:107)
	at org.springframework.security.web.authentication.logout.LogoutFilter.doFilter(LogoutFilter.java:93)
	at org.springframework.security.web.FilterChainProxy$VirtualFilterChain.doFilter(FilterChainProxy.java:374)
	at org.springframework.security.web.header.HeaderWriterFilter.doHeadersAfter(HeaderWriterFilter.java:90)
	at org.springframework.security.web.header.HeaderWriterFilter.doFilterInternal(HeaderWriterFilter.java:75)
	at org.springframework.web.filter.OncePerRequestFilter.doFilter(OncePerRequestFilter.java:116)
	at org.springframework.security.web.FilterChainProxy$VirtualFilterChain.doFilter(FilterChainProxy.java:374)
	at org.springframework.security.web.context.SecurityContextHolderFilter.doFilter(SecurityContextHolderFilter.java:82)
	at org.springframework.security.web.context.SecurityContextHolderFilter.doFilter(SecurityContextHolderFilter.java:69)
	at org.springframework.security.web.FilterChainProxy$VirtualFilterChain.doFilter(FilterChainProxy.java:374)
	at org.springframework.security.web.context.request.async.WebAsyncManagerIntegrationFilter.doFilterInternal(WebAsyncManagerIntegrationFilter.java:62)
	at org.springframework.web.filter.OncePerRequestFilter.doFilter(OncePerRequestFilter.java:116)
	at org.springframework.security.web.FilterChainProxy$VirtualFilterChain.doFilter(FilterChainProxy.java:374)
	at org.springframework.security.web.session.DisableEncodeUrlFilter.doFilterInternal(DisableEncodeUrlFilter.java:42)
	at org.springframework.web.filter.OncePerRequestFilter.doFilter(OncePerRequestFilter.java:116)
	at org.springframework.security.web.FilterChainProxy$VirtualFilterChain.doFilter(FilterChainProxy.java:374)
	at org.springframework.security.web.FilterChainProxy.doFilterInternal(FilterChainProxy.java:233)
	at org.springframework.security.web.FilterChainProxy.doFilter(FilterChainProxy.java:191)
	at org.springframework.web.filter.CompositeFilter$VirtualFilterChain.doFilter(CompositeFilter.java:113)
	at org.springframework.web.servlet.handler.HandlerMappingIntrospector.lambda$createCacheFilter$3(HandlerMappingIntrospector.java:243)
	at org.springframework.web.filter.CompositeFilter$VirtualFilterChain.doFilter(CompositeFilter.java:113)
	at org.springframework.web.filter.CompositeFilter.doFilter(CompositeFilter.java:74)
	at org.springframework.security.config.annotation.web.configuration.WebMvcSecurityConfiguration$CompositeFilterChainProxy.doFilter(WebMvcSecurityConfiguration.java:238)
	at org.springframework.web.filter.DelegatingFilterProxy.invokeDelegate(DelegatingFilterProxy.java:362)
	at org.springframework.web.filter.DelegatingFilterProxy.doFilter(DelegatingFilterProxy.java:278)
	at org.apache.catalina.core.ApplicationFilterChain.internalDoFilter(ApplicationFilterChain.java:164)
	at org.apache.catalina.core.ApplicationFilterChain.doFilter(ApplicationFilterChain.java:140)
	at org.springframework.web.filter.RequestContextFilter.doFilterInternal(RequestContextFilter.java:100)
	at org.springframework.web.filter.OncePerRequestFilter.doFilter(OncePerRequestFilter.java:116)
	at org.apache.catalina.core.ApplicationFilterChain.internalDoFilter(ApplicationFilterChain.java:164)
	at org.apache.catalina.core.ApplicationFilterChain.doFilter(ApplicationFilterChain.java:140)
	at org.springframework.web.filter.FormContentFilter.doFilterInternal(FormContentFilter.java:93)
	at org.springframework.web.filter.OncePerRequestFilter.doFilter(OncePerRequestFilter.java:116)
	at org.apache.catalina.core.ApplicationFilterChain.internalDoFilter(ApplicationFilterChain.java:164)
	at org.apache.catalina.core.ApplicationFilterChain.doFilter(ApplicationFilterChain.java:140)
	at org.springframework.web.filter.CharacterEncodingFilter.doFilterInternal(CharacterEncodingFilter.java:201)
	at org.springframework.web.filter.OncePerRequestFilter.doFilter(OncePerRequestFilter.java:116)
	at org.apache.catalina.core.ApplicationFilterChain.internalDoFilter(ApplicationFilterChain.java:164)
	at org.apache.catalina.core.ApplicationFilterChain.doFilter(ApplicationFilterChain.java:140)
	at org.apache.catalina.core.StandardWrapperValve.invoke(StandardWrapperValve.java:167)
	at org.apache.catalina.core.StandardContextValve.invoke(StandardContextValve.java:90)
	at org.apache.catalina.authenticator.AuthenticatorBase.invoke(AuthenticatorBase.java:483)
	at org.apache.catalina.core.StandardHostValve.invoke(StandardHostValve.java:115)
	at org.apache.catalina.valves.ErrorReportValve.invoke(ErrorReportValve.java:93)
	at org.apache.catalina.core.StandardEngineValve.invoke(StandardEngineValve.java:74)
	at org.apache.catalina.connector.CoyoteAdapter.service(CoyoteAdapter.java:344)
	at org.apache.coyote.http11.Http11Processor.service(Http11Processor.java:397)
	at org.apache.coyote.AbstractProcessorLight.process(AbstractProcessorLight.java:63)
	at org.apache.coyote.AbstractProtocol$ConnectionHandler.process(AbstractProtocol.java:905)
	at org.apache.tomcat.util.net.NioEndpoint$SocketProcessor.doRun(NioEndpoint.java:1741)
	at org.apache.tomcat.util.net.SocketProcessorBase.run(SocketProcessorBase.java:52)
	at org.apache.tomcat.util.threads.ThreadPoolExecutor.runWorker(ThreadPoolExecutor.java:1190)
	at org.apache.tomcat.util.threads.ThreadPoolExecutor$Worker.run(ThreadPoolExecutor.java:659)
	at org.apache.tomcat.util.threads.TaskThread$WrappingRunnable.run(TaskThread.java:63)
	at java.base/java.lang.Thread.run(Thread.java:1583)
19 Feb 2025 - 20:32:28.142 - c.e.KunUzPractiseApplicationTests -  INFO  - Starting KunUzPractiseApplicationTests using Java 21.0.6 with PID 1164 (started by Sanjar in C:\Users\Sanjar\IdeaProjects\kun_uz_practise)
19 Feb 2025 - 20:32:28.153 - c.e.KunUzPractiseApplicationTests -  INFO  - The following 1 profile is active: "local"
19 Feb 2025 - 20:32:29.174 - o.s.d.r.c.RepositoryConfigurationDelegate -  INFO  - Bootstrapping Spring Data JPA repositories in DEFAULT mode.
19 Feb 2025 - 20:32:29.285 - o.s.d.r.c.RepositoryConfigurationDelegate -  INFO  - Finished Spring Data repository scanning in 96 ms. Found 14 JPA repository interfaces.
19 Feb 2025 - 20:32:29.821 - com.zaxxer.hikari.HikariDataSource -  INFO  - HikariPool-1 - Starting...
19 Feb 2025 - 20:32:30.146 - com.zaxxer.hikari.pool.HikariPool -  INFO  - HikariPool-1 - Added connection org.postgresql.jdbc.PgConnection@62cf6a84
19 Feb 2025 - 20:32:30.148 - com.zaxxer.hikari.HikariDataSource -  INFO  - HikariPool-1 - Start completed.
19 Feb 2025 - 20:32:30.260 - o.h.jpa.internal.util.LogHelper -  INFO  - HHH000204: Processing PersistenceUnitInfo [name: default]
19 Feb 2025 - 20:32:30.329 - org.hibernate.Version -  INFO  - HHH000412: Hibernate ORM core version 6.6.5.Final
19 Feb 2025 - 20:32:30.380 - o.h.c.i.RegionFactoryInitiator -  INFO  - HHH000026: Second-level cache disabled
19 Feb 2025 - 20:32:30.707 - o.s.o.j.p.SpringPersistenceUnitInfo -  INFO  - No LoadTimeWeaver setup: ignoring JPA class transformer
19 Feb 2025 - 20:32:30.807 - o.hibernate.orm.connections.pooling -  INFO  - HHH10001005: Database info:
	Database JDBC URL [Connecting through datasource 'HikariDataSource (HikariPool-1)']
	Database driver: undefined/unknown
	Database version: 17.2
	Autocommit mode: undefined/unknown
	Isolation level: undefined/unknown
	Minimum pool size: undefined/unknown
	Maximum pool size: undefined/unknown
19 Feb 2025 - 20:32:32.108 - o.h.e.t.j.p.i.JtaPlatformInitiator -  INFO  - HHH000489: No JTA platform available (set 'hibernate.transaction.jta.platform' to enable JTA platform integration)
19 Feb 2025 - 20:32:32.799 - o.s.o.j.LocalContainerEntityManagerFactoryBean -  INFO  - Initialized JPA EntityManagerFactory for persistence unit 'default'
19 Feb 2025 - 20:32:33.122 - o.s.d.j.r.query.QueryEnhancerFactory -  INFO  - Hibernate is in classpath; If applicable, HQL parser will be used.
19 Feb 2025 - 20:32:34.792 - o.s.b.a.o.j.JpaBaseConfiguration$JpaWebConfiguration -  WARN  - spring.jpa.open-in-view is enabled by default. Therefore, database queries may be performed during view rendering. Explicitly configure spring.jpa.open-in-view to disable this warning
19 Feb 2025 - 20:32:34.823 - o.s.s.c.a.a.c.InitializeAuthenticationProviderBeanManagerConfigurer$InitializeAuthenticationProviderManagerConfigurer -  INFO  - Global AuthenticationManager configured with AuthenticationProvider bean with name authenticationProvider
19 Feb 2025 - 20:32:34.824 - o.s.s.c.a.a.c.InitializeUserDetailsBeanManagerConfigurer$InitializeUserDetailsManagerConfigurer -  WARN  - Global AuthenticationManager configured with an AuthenticationProvider bean. UserDetailsService beans will not be used by Spring Security for automatically configuring username/password login. Consider removing the AuthenticationProvider bean. Alternatively, consider using the UserDetailsService in a manually instantiated DaoAuthenticationProvider. If the current configuration is intentional, to turn off this warning, increase the logging level of 'org.springframework.security.config.annotation.authentication.configuration.InitializeUserDetailsBeanManagerConfigurer' to ERROR
19 Feb 2025 - 20:32:35.753 - c.e.KunUzPractiseApplicationTests -  INFO  - Started KunUzPractiseApplicationTests in 8.046 seconds (process running for 9.061)
19 Feb 2025 - 20:32:35.814 - o.f.c.i.license.VersionPrinter -  INFO  - Flyway Community Edition 9.22.3 by Redgate
19 Feb 2025 - 20:32:35.814 - o.f.c.i.license.VersionPrinter -  INFO  - See release notes here: https://rd.gt/416ObMi
19 Feb 2025 - 20:32:35.814 - o.f.c.i.license.VersionPrinter -  INFO  - 
19 Feb 2025 - 20:32:35.826 - org.flywaydb.core.FlywayExecutor -  INFO  - Database: jdbc:postgresql://localhost:5432/kun_uz_practise (PostgreSQL 17.2)
19 Feb 2025 - 20:32:35.830 - o.f.c.i.database.base.Database -  WARN  - Flyway upgrade recommended: PostgreSQL 17.2 is newer than this version of Flyway and support has not been tested. The latest supported version of PostgreSQL is 15.
19 Feb 2025 - 20:32:35.854 - o.f.core.internal.command.DbValidate -  INFO  - Successfully validated 4 migrations (execution time 00:00.016s)
19 Feb 2025 - 20:32:35.865 - o.f.core.internal.command.DbMigrate -  INFO  - Current version of schema "public": 1.2
19 Feb 2025 - 20:32:35.867 - o.f.core.internal.command.DbMigrate -  INFO  - Schema "public" is up to date. No migration necessary.
19 Feb 2025 - 20:32:36.382 - o.s.o.j.LocalContainerEntityManagerFactoryBean -  INFO  - Closing JPA EntityManagerFactory for persistence unit 'default'
19 Feb 2025 - 20:32:36.385 - com.zaxxer.hikari.HikariDataSource -  INFO  - HikariPool-1 - Shutdown initiated...
19 Feb 2025 - 20:32:36.392 - com.zaxxer.hikari.HikariDataSource -  INFO  - HikariPool-1 - Shutdown completed.
19 Feb 2025 - 20:32:46.584 - o.s.b.w.e.tomcat.GracefulShutdown -  INFO  - Commencing graceful shutdown. Waiting for active requests to complete
19 Feb 2025 - 20:32:46.588 - o.s.b.w.e.tomcat.GracefulShutdown -  INFO  - Graceful shutdown complete
19 Feb 2025 - 20:32:46.595 - o.s.o.j.LocalContainerEntityManagerFactoryBean -  INFO  - Closing JPA EntityManagerFactory for persistence unit 'default'
19 Feb 2025 - 20:32:46.597 - com.zaxxer.hikari.HikariDataSource -  INFO  - HikariPool-1 - Shutdown initiated...
19 Feb 2025 - 20:32:46.600 - com.zaxxer.hikari.HikariDataSource -  INFO  - HikariPool-1 - Shutdown completed.
19 Feb 2025 - 20:32:49.651 - c.example.KunUzPractiseApplication -  INFO  - Starting KunUzPractiseApplication using Java 21.0.6 with PID 19680 (C:\Users\Sanjar\IdeaProjects\kun_uz_practise\target\classes started by Sanjar in C:\Users\Sanjar\IdeaProjects\kun_uz_practise)
19 Feb 2025 - 20:32:49.661 - c.example.KunUzPractiseApplication -  INFO  - The following 1 profile is active: "local"
19 Feb 2025 - 20:32:50.420 - o.s.d.r.c.RepositoryConfigurationDelegate -  INFO  - Bootstrapping Spring Data JPA repositories in DEFAULT mode.
19 Feb 2025 - 20:32:50.499 - o.s.d.r.c.RepositoryConfigurationDelegate -  INFO  - Finished Spring Data repository scanning in 71 ms. Found 14 JPA repository interfaces.
19 Feb 2025 - 20:32:51.002 - o.s.b.w.e.tomcat.TomcatWebServer -  INFO  - Tomcat initialized with port 8080 (http)
19 Feb 2025 - 20:32:51.014 - o.a.catalina.core.StandardService -  INFO  - Starting service [Tomcat]
19 Feb 2025 - 20:32:51.014 - o.a.catalina.core.StandardEngine -  INFO  - Starting Servlet engine: [Apache Tomcat/10.1.34]
19 Feb 2025 - 20:32:51.075 - o.a.c.c.C.[Tomcat].[localhost].[/] -  INFO  - Initializing Spring embedded WebApplicationContext
19 Feb 2025 - 20:32:51.076 - o.s.b.w.s.c.ServletWebServerApplicationContext -  INFO  - Root WebApplicationContext: initialization completed in 1376 ms
19 Feb 2025 - 20:32:51.130 - com.zaxxer.hikari.HikariDataSource -  INFO  - HikariPool-1 - Starting...
19 Feb 2025 - 20:32:51.271 - com.zaxxer.hikari.pool.HikariPool -  INFO  - HikariPool-1 - Added connection org.postgresql.jdbc.PgConnection@4f811029
19 Feb 2025 - 20:32:51.273 - com.zaxxer.hikari.HikariDataSource -  INFO  - HikariPool-1 - Start completed.
19 Feb 2025 - 20:32:51.351 - o.h.jpa.internal.util.LogHelper -  INFO  - HHH000204: Processing PersistenceUnitInfo [name: default]
19 Feb 2025 - 20:32:51.403 - org.hibernate.Version -  INFO  - HHH000412: Hibernate ORM core version 6.6.5.Final
19 Feb 2025 - 20:32:51.431 - o.h.c.i.RegionFactoryInitiator -  INFO  - HHH000026: Second-level cache disabled
19 Feb 2025 - 20:32:51.669 - o.s.o.j.p.SpringPersistenceUnitInfo -  INFO  - No LoadTimeWeaver setup: ignoring JPA class transformer
19 Feb 2025 - 20:32:51.742 - o.hibernate.orm.connections.pooling -  INFO  - HHH10001005: Database info:
	Database JDBC URL [Connecting through datasource 'HikariDataSource (HikariPool-1)']
	Database driver: undefined/unknown
	Database version: 17.2
	Autocommit mode: undefined/unknown
	Isolation level: undefined/unknown
	Minimum pool size: undefined/unknown
	Maximum pool size: undefined/unknown
19 Feb 2025 - 20:32:52.833 - o.h.e.t.j.p.i.JtaPlatformInitiator -  INFO  - HHH000489: No JTA platform available (set 'hibernate.transaction.jta.platform' to enable JTA platform integration)
19 Feb 2025 - 20:32:53.503 - o.s.o.j.LocalContainerEntityManagerFactoryBean -  INFO  - Initialized JPA EntityManagerFactory for persistence unit 'default'
19 Feb 2025 - 20:32:53.732 - o.s.d.j.r.query.QueryEnhancerFactory -  INFO  - Hibernate is in classpath; If applicable, HQL parser will be used.
19 Feb 2025 - 20:32:55.206 - o.s.b.a.o.j.JpaBaseConfiguration$JpaWebConfiguration -  WARN  - spring.jpa.open-in-view is enabled by default. Therefore, database queries may be performed during view rendering. Explicitly configure spring.jpa.open-in-view to disable this warning
19 Feb 2025 - 20:32:55.235 - o.s.s.c.a.a.c.InitializeAuthenticationProviderBeanManagerConfigurer$InitializeAuthenticationProviderManagerConfigurer -  INFO  - Global AuthenticationManager configured with AuthenticationProvider bean with name authenticationProvider
19 Feb 2025 - 20:32:55.236 - o.s.s.c.a.a.c.InitializeUserDetailsBeanManagerConfigurer$InitializeUserDetailsManagerConfigurer -  WARN  - Global AuthenticationManager configured with an AuthenticationProvider bean. UserDetailsService beans will not be used by Spring Security for automatically configuring username/password login. Consider removing the AuthenticationProvider bean. Alternatively, consider using the UserDetailsService in a manually instantiated DaoAuthenticationProvider. If the current configuration is intentional, to turn off this warning, increase the logging level of 'org.springframework.security.config.annotation.authentication.configuration.InitializeUserDetailsBeanManagerConfigurer' to ERROR
19 Feb 2025 - 20:32:55.932 - o.s.b.w.e.tomcat.TomcatWebServer -  INFO  - Tomcat started on port 8080 (http) with context path '/'
19 Feb 2025 - 20:32:55.940 - c.example.KunUzPractiseApplication -  INFO  - Started KunUzPractiseApplication in 6.697 seconds (process running for 7.246)
19 Feb 2025 - 20:32:55.995 - o.f.c.i.license.VersionPrinter -  INFO  - Flyway Community Edition 9.22.3 by Redgate
19 Feb 2025 - 20:32:55.995 - o.f.c.i.license.VersionPrinter -  INFO  - See release notes here: https://rd.gt/416ObMi
19 Feb 2025 - 20:32:55.995 - o.f.c.i.license.VersionPrinter -  INFO  - 
19 Feb 2025 - 20:32:56.006 - org.flywaydb.core.FlywayExecutor -  INFO  - Database: jdbc:postgresql://localhost:5432/kun_uz_practise (PostgreSQL 17.2)
19 Feb 2025 - 20:32:56.010 - o.f.c.i.database.base.Database -  WARN  - Flyway upgrade recommended: PostgreSQL 17.2 is newer than this version of Flyway and support has not been tested. The latest supported version of PostgreSQL is 15.
19 Feb 2025 - 20:32:56.035 - o.f.core.internal.command.DbValidate -  INFO  - Successfully validated 4 migrations (execution time 00:00.017s)
19 Feb 2025 - 20:32:56.043 - o.f.core.internal.command.DbMigrate -  INFO  - Current version of schema "public": 1.2
19 Feb 2025 - 20:32:56.046 - o.f.core.internal.command.DbMigrate -  INFO  - Schema "public" is up to date. No migration necessary.
19 Feb 2025 - 20:32:59.995 - o.a.c.c.C.[Tomcat].[localhost].[/] -  INFO  - Initializing Spring DispatcherServlet 'dispatcherServlet'
19 Feb 2025 - 20:32:59.995 - o.s.web.servlet.DispatcherServlet -  INFO  - Initializing Servlet 'dispatcherServlet'
19 Feb 2025 - 20:32:59.996 - o.s.web.servlet.DispatcherServlet -  INFO  - Completed initialization in 1 ms
19 Feb 2025 - 20:33:00.693 - o.a.c.c.C.[.[.[.[dispatcherServlet] -  ERROR - Servlet.service() for servlet [dispatcherServlet] in context with path [] threw exception [Handler dispatch failed: java.lang.NoSuchMethodError: 'void org.springframework.web.method.ControllerAdviceBean.<init>(java.lang.Object)'] with root cause
java.lang.NoSuchMethodError: 'void org.springframework.web.method.ControllerAdviceBean.<init>(java.lang.Object)'
	at org.springdoc.core.service.GenericResponseService.lambda$getGenericMapResponse$8(GenericResponseService.java:702)
	at java.base/java.util.stream.ReferencePipeline$2$1.accept(ReferencePipeline.java:178)
	at java.base/java.util.Spliterators$ArraySpliterator.forEachRemaining(Spliterators.java:1024)
	at java.base/java.util.stream.AbstractPipeline.copyInto(AbstractPipeline.java:509)
	at java.base/java.util.stream.AbstractPipeline.wrapAndCopyInto(AbstractPipeline.java:499)
	at java.base/java.util.stream.AbstractPipeline.evaluate(AbstractPipeline.java:575)
	at java.base/java.util.stream.AbstractPipeline.evaluateToArrayNode(AbstractPipeline.java:260)
	at java.base/java.util.stream.ReferencePipeline.toArray(ReferencePipeline.java:616)
	at java.base/java.util.stream.ReferencePipeline.toArray(ReferencePipeline.java:622)
	at java.base/java.util.stream.ReferencePipeline.toList(ReferencePipeline.java:627)
	at org.springdoc.core.service.GenericResponseService.getGenericMapResponse(GenericResponseService.java:704)
	at org.springdoc.core.service.GenericResponseService.build(GenericResponseService.java:246)
	at org.springdoc.api.AbstractOpenApiResource.calculatePath(AbstractOpenApiResource.java:499)
	at org.springdoc.api.AbstractOpenApiResource.calculatePath(AbstractOpenApiResource.java:676)
	at org.springdoc.webmvc.api.OpenApiResource.lambda$calculatePath$11(OpenApiResource.java:219)
	at java.base/java.util.Optional.ifPresent(Optional.java:178)
	at org.springdoc.webmvc.api.OpenApiResource.calculatePath(OpenApiResource.java:200)
	at org.springdoc.webmvc.api.OpenApiResource.lambda$getPaths$2(OpenApiResource.java:170)
	at java.base/java.util.Optional.ifPresent(Optional.java:178)
	at org.springdoc.webmvc.api.OpenApiResource.getPaths(OpenApiResource.java:149)
	at org.springdoc.api.AbstractOpenApiResource.getOpenApi(AbstractOpenApiResource.java:353)
	at org.springdoc.webmvc.api.OpenApiResource.openapiJson(OpenApiResource.java:124)
	at org.springdoc.webmvc.api.OpenApiWebMvcResource.openapiJson(OpenApiWebMvcResource.java:111)
	at java.base/jdk.internal.reflect.DirectMethodHandleAccessor.invoke(DirectMethodHandleAccessor.java:103)
	at java.base/java.lang.reflect.Method.invoke(Method.java:580)
	at org.springframework.web.method.support.InvocableHandlerMethod.doInvoke(InvocableHandlerMethod.java:257)
	at org.springframework.web.method.support.InvocableHandlerMethod.invokeForRequest(InvocableHandlerMethod.java:190)
	at org.springframework.web.servlet.mvc.method.annotation.ServletInvocableHandlerMethod.invokeAndHandle(ServletInvocableHandlerMethod.java:118)
	at org.springframework.web.servlet.mvc.method.annotation.RequestMappingHandlerAdapter.invokeHandlerMethod(RequestMappingHandlerAdapter.java:986)
	at org.springframework.web.servlet.mvc.method.annotation.RequestMappingHandlerAdapter.handleInternal(RequestMappingHandlerAdapter.java:891)
	at org.springframework.web.servlet.mvc.method.AbstractHandlerMethodAdapter.handle(AbstractHandlerMethodAdapter.java:87)
	at org.springframework.web.servlet.DispatcherServlet.doDispatch(DispatcherServlet.java:1088)
	at org.springframework.web.servlet.DispatcherServlet.doService(DispatcherServlet.java:978)
	at org.springframework.web.servlet.FrameworkServlet.processRequest(FrameworkServlet.java:1014)
	at org.springframework.web.servlet.FrameworkServlet.doGet(FrameworkServlet.java:903)
	at jakarta.servlet.http.HttpServlet.service(HttpServlet.java:564)
	at org.springframework.web.servlet.FrameworkServlet.service(FrameworkServlet.java:885)
	at jakarta.servlet.http.HttpServlet.service(HttpServlet.java:658)
	at org.apache.catalina.core.ApplicationFilterChain.internalDoFilter(ApplicationFilterChain.java:195)
	at org.apache.catalina.core.ApplicationFilterChain.doFilter(ApplicationFilterChain.java:140)
	at org.apache.tomcat.websocket.server.WsFilter.doFilter(WsFilter.java:51)
	at org.apache.catalina.core.ApplicationFilterChain.internalDoFilter(ApplicationFilterChain.java:164)
	at org.apache.catalina.core.ApplicationFilterChain.doFilter(ApplicationFilterChain.java:140)
	at org.springframework.web.filter.OncePerRequestFilter.doFilter(OncePerRequestFilter.java:101)
	at org.apache.catalina.core.ApplicationFilterChain.internalDoFilter(ApplicationFilterChain.java:164)
	at org.apache.catalina.core.ApplicationFilterChain.doFilter(ApplicationFilterChain.java:140)
	at org.springframework.web.filter.CompositeFilter$VirtualFilterChain.doFilter(CompositeFilter.java:108)
	at org.springframework.security.web.FilterChainProxy.lambda$doFilterInternal$3(FilterChainProxy.java:231)
	at org.springframework.security.web.FilterChainProxy$VirtualFilterChain.doFilter(FilterChainProxy.java:365)
	at org.springframework.security.web.access.intercept.AuthorizationFilter.doFilter(AuthorizationFilter.java:101)
	at org.springframework.security.web.FilterChainProxy$VirtualFilterChain.doFilter(FilterChainProxy.java:374)
	at org.springframework.security.web.access.ExceptionTranslationFilter.doFilter(ExceptionTranslationFilter.java:126)
	at org.springframework.security.web.access.ExceptionTranslationFilter.doFilter(ExceptionTranslationFilter.java:120)
	at org.springframework.security.web.FilterChainProxy$VirtualFilterChain.doFilter(FilterChainProxy.java:374)
	at org.springframework.security.web.authentication.AnonymousAuthenticationFilter.doFilter(AnonymousAuthenticationFilter.java:100)
	at org.springframework.security.web.FilterChainProxy$VirtualFilterChain.doFilter(FilterChainProxy.java:374)
	at org.springframework.security.web.servletapi.SecurityContextHolderAwareRequestFilter.doFilter(SecurityContextHolderAwareRequestFilter.java:179)
	at org.springframework.security.web.FilterChainProxy$VirtualFilterChain.doFilter(FilterChainProxy.java:374)
	at org.springframework.security.web.savedrequest.RequestCacheAwareFilter.doFilter(RequestCacheAwareFilter.java:63)
	at org.springframework.security.web.FilterChainProxy$VirtualFilterChain.doFilter(FilterChainProxy.java:374)
	at org.springframework.web.filter.OncePerRequestFilter.doFilter(OncePerRequestFilter.java:101)
	at org.springframework.security.web.FilterChainProxy$VirtualFilterChain.doFilter(FilterChainProxy.java:374)
	at org.springframework.security.web.authentication.logout.LogoutFilter.doFilter(LogoutFilter.java:107)
	at org.springframework.security.web.authentication.logout.LogoutFilter.doFilter(LogoutFilter.java:93)
	at org.springframework.security.web.FilterChainProxy$VirtualFilterChain.doFilter(FilterChainProxy.java:374)
	at org.springframework.security.web.header.HeaderWriterFilter.doHeadersAfter(HeaderWriterFilter.java:90)
	at org.springframework.security.web.header.HeaderWriterFilter.doFilterInternal(HeaderWriterFilter.java:75)
	at org.springframework.web.filter.OncePerRequestFilter.doFilter(OncePerRequestFilter.java:116)
	at org.springframework.security.web.FilterChainProxy$VirtualFilterChain.doFilter(FilterChainProxy.java:374)
	at org.springframework.security.web.context.SecurityContextHolderFilter.doFilter(SecurityContextHolderFilter.java:82)
	at org.springframework.security.web.context.SecurityContextHolderFilter.doFilter(SecurityContextHolderFilter.java:69)
	at org.springframework.security.web.FilterChainProxy$VirtualFilterChain.doFilter(FilterChainProxy.java:374)
	at org.springframework.security.web.context.request.async.WebAsyncManagerIntegrationFilter.doFilterInternal(WebAsyncManagerIntegrationFilter.java:62)
	at org.springframework.web.filter.OncePerRequestFilter.doFilter(OncePerRequestFilter.java:116)
	at org.springframework.security.web.FilterChainProxy$VirtualFilterChain.doFilter(FilterChainProxy.java:374)
	at org.springframework.security.web.session.DisableEncodeUrlFilter.doFilterInternal(DisableEncodeUrlFilter.java:42)
	at org.springframework.web.filter.OncePerRequestFilter.doFilter(OncePerRequestFilter.java:116)
	at org.springframework.security.web.FilterChainProxy$VirtualFilterChain.doFilter(FilterChainProxy.java:374)
	at org.springframework.security.web.FilterChainProxy.doFilterInternal(FilterChainProxy.java:233)
	at org.springframework.security.web.FilterChainProxy.doFilter(FilterChainProxy.java:191)
	at org.springframework.web.filter.CompositeFilter$VirtualFilterChain.doFilter(CompositeFilter.java:113)
	at org.springframework.web.servlet.handler.HandlerMappingIntrospector.lambda$createCacheFilter$3(HandlerMappingIntrospector.java:243)
	at org.springframework.web.filter.CompositeFilter$VirtualFilterChain.doFilter(CompositeFilter.java:113)
	at org.springframework.web.filter.CompositeFilter.doFilter(CompositeFilter.java:74)
	at org.springframework.security.config.annotation.web.configuration.WebMvcSecurityConfiguration$CompositeFilterChainProxy.doFilter(WebMvcSecurityConfiguration.java:238)
	at org.springframework.web.filter.DelegatingFilterProxy.invokeDelegate(DelegatingFilterProxy.java:362)
	at org.springframework.web.filter.DelegatingFilterProxy.doFilter(DelegatingFilterProxy.java:278)
	at org.apache.catalina.core.ApplicationFilterChain.internalDoFilter(ApplicationFilterChain.java:164)
	at org.apache.catalina.core.ApplicationFilterChain.doFilter(ApplicationFilterChain.java:140)
	at org.springframework.web.filter.RequestContextFilter.doFilterInternal(RequestContextFilter.java:100)
	at org.springframework.web.filter.OncePerRequestFilter.doFilter(OncePerRequestFilter.java:116)
	at org.apache.catalina.core.ApplicationFilterChain.internalDoFilter(ApplicationFilterChain.java:164)
	at org.apache.catalina.core.ApplicationFilterChain.doFilter(ApplicationFilterChain.java:140)
	at org.springframework.web.filter.FormContentFilter.doFilterInternal(FormContentFilter.java:93)
	at org.springframework.web.filter.OncePerRequestFilter.doFilter(OncePerRequestFilter.java:116)
	at org.apache.catalina.core.ApplicationFilterChain.internalDoFilter(ApplicationFilterChain.java:164)
	at org.apache.catalina.core.ApplicationFilterChain.doFilter(ApplicationFilterChain.java:140)
	at org.springframework.web.filter.CharacterEncodingFilter.doFilterInternal(CharacterEncodingFilter.java:201)
	at org.springframework.web.filter.OncePerRequestFilter.doFilter(OncePerRequestFilter.java:116)
	at org.apache.catalina.core.ApplicationFilterChain.internalDoFilter(ApplicationFilterChain.java:164)
	at org.apache.catalina.core.ApplicationFilterChain.doFilter(ApplicationFilterChain.java:140)
	at org.apache.catalina.core.StandardWrapperValve.invoke(StandardWrapperValve.java:167)
	at org.apache.catalina.core.StandardContextValve.invoke(StandardContextValve.java:90)
	at org.apache.catalina.authenticator.AuthenticatorBase.invoke(AuthenticatorBase.java:483)
	at org.apache.catalina.core.StandardHostValve.invoke(StandardHostValve.java:115)
	at org.apache.catalina.valves.ErrorReportValve.invoke(ErrorReportValve.java:93)
	at org.apache.catalina.core.StandardEngineValve.invoke(StandardEngineValve.java:74)
	at org.apache.catalina.connector.CoyoteAdapter.service(CoyoteAdapter.java:344)
	at org.apache.coyote.http11.Http11Processor.service(Http11Processor.java:397)
	at org.apache.coyote.AbstractProcessorLight.process(AbstractProcessorLight.java:63)
	at org.apache.coyote.AbstractProtocol$ConnectionHandler.process(AbstractProtocol.java:905)
	at org.apache.tomcat.util.net.NioEndpoint$SocketProcessor.doRun(NioEndpoint.java:1741)
	at org.apache.tomcat.util.net.SocketProcessorBase.run(SocketProcessorBase.java:52)
	at org.apache.tomcat.util.threads.ThreadPoolExecutor.runWorker(ThreadPoolExecutor.java:1190)
	at org.apache.tomcat.util.threads.ThreadPoolExecutor$Worker.run(ThreadPoolExecutor.java:659)
	at org.apache.tomcat.util.threads.TaskThread$WrappingRunnable.run(TaskThread.java:63)
	at java.base/java.lang.Thread.run(Thread.java:1583)
19 Feb 2025 - 20:33:45.826 - c.e.KunUzPractiseApplicationTests -  INFO  - Starting KunUzPractiseApplicationTests using Java 21.0.6 with PID 22472 (started by Sanjar in C:\Users\Sanjar\IdeaProjects\kun_uz_practise)
19 Feb 2025 - 20:33:45.840 - c.e.KunUzPractiseApplicationTests -  INFO  - The following 1 profile is active: "local"
19 Feb 2025 - 20:33:46.992 - o.s.d.r.c.RepositoryConfigurationDelegate -  INFO  - Bootstrapping Spring Data JPA repositories in DEFAULT mode.
19 Feb 2025 - 20:33:47.100 - o.s.d.r.c.RepositoryConfigurationDelegate -  INFO  - Finished Spring Data repository scanning in 97 ms. Found 14 JPA repository interfaces.
19 Feb 2025 - 20:33:47.666 - com.zaxxer.hikari.HikariDataSource -  INFO  - HikariPool-1 - Starting...
19 Feb 2025 - 20:33:47.914 - com.zaxxer.hikari.pool.HikariPool -  INFO  - HikariPool-1 - Added connection org.postgresql.jdbc.PgConnection@23ee2ccf
19 Feb 2025 - 20:33:47.916 - com.zaxxer.hikari.HikariDataSource -  INFO  - HikariPool-1 - Start completed.
19 Feb 2025 - 20:33:48.026 - o.h.jpa.internal.util.LogHelper -  INFO  - HHH000204: Processing PersistenceUnitInfo [name: default]
19 Feb 2025 - 20:33:48.093 - org.hibernate.Version -  INFO  - HHH000412: Hibernate ORM core version 6.6.5.Final
19 Feb 2025 - 20:33:48.138 - o.h.c.i.RegionFactoryInitiator -  INFO  - HHH000026: Second-level cache disabled
19 Feb 2025 - 20:33:48.480 - o.s.o.j.p.SpringPersistenceUnitInfo -  INFO  - No LoadTimeWeaver setup: ignoring JPA class transformer
19 Feb 2025 - 20:33:48.615 - o.hibernate.orm.connections.pooling -  INFO  - HHH10001005: Database info:
	Database JDBC URL [Connecting through datasource 'HikariDataSource (HikariPool-1)']
	Database driver: undefined/unknown
	Database version: 17.2
	Autocommit mode: undefined/unknown
	Isolation level: undefined/unknown
	Minimum pool size: undefined/unknown
	Maximum pool size: undefined/unknown
19 Feb 2025 - 20:33:49.905 - o.h.e.t.j.p.i.JtaPlatformInitiator -  INFO  - HHH000489: No JTA platform available (set 'hibernate.transaction.jta.platform' to enable JTA platform integration)
19 Feb 2025 - 20:33:50.588 - o.s.o.j.LocalContainerEntityManagerFactoryBean -  INFO  - Initialized JPA EntityManagerFactory for persistence unit 'default'
19 Feb 2025 - 20:33:50.923 - o.s.d.j.r.query.QueryEnhancerFactory -  INFO  - Hibernate is in classpath; If applicable, HQL parser will be used.
19 Feb 2025 - 20:33:52.610 - o.s.b.a.o.j.JpaBaseConfiguration$JpaWebConfiguration -  WARN  - spring.jpa.open-in-view is enabled by default. Therefore, database queries may be performed during view rendering. Explicitly configure spring.jpa.open-in-view to disable this warning
19 Feb 2025 - 20:33:52.640 - o.s.s.c.a.a.c.InitializeAuthenticationProviderBeanManagerConfigurer$InitializeAuthenticationProviderManagerConfigurer -  INFO  - Global AuthenticationManager configured with AuthenticationProvider bean with name authenticationProvider
19 Feb 2025 - 20:33:52.641 - o.s.s.c.a.a.c.InitializeUserDetailsBeanManagerConfigurer$InitializeUserDetailsManagerConfigurer -  WARN  - Global AuthenticationManager configured with an AuthenticationProvider bean. UserDetailsService beans will not be used by Spring Security for automatically configuring username/password login. Consider removing the AuthenticationProvider bean. Alternatively, consider using the UserDetailsService in a manually instantiated DaoAuthenticationProvider. If the current configuration is intentional, to turn off this warning, increase the logging level of 'org.springframework.security.config.annotation.authentication.configuration.InitializeUserDetailsBeanManagerConfigurer' to ERROR
19 Feb 2025 - 20:33:53.610 - c.e.KunUzPractiseApplicationTests -  INFO  - Started KunUzPractiseApplicationTests in 8.214 seconds (process running for 9.428)
19 Feb 2025 - 20:33:53.673 - o.f.c.i.license.VersionPrinter -  INFO  - Flyway Community Edition 9.22.3 by Redgate
19 Feb 2025 - 20:33:53.673 - o.f.c.i.license.VersionPrinter -  INFO  - See release notes here: https://rd.gt/416ObMi
19 Feb 2025 - 20:33:53.673 - o.f.c.i.license.VersionPrinter -  INFO  - 
19 Feb 2025 - 20:33:53.688 - org.flywaydb.core.FlywayExecutor -  INFO  - Database: jdbc:postgresql://localhost:5432/kun_uz_practise (PostgreSQL 17.2)
19 Feb 2025 - 20:33:53.693 - o.f.c.i.database.base.Database -  WARN  - Flyway upgrade recommended: PostgreSQL 17.2 is newer than this version of Flyway and support has not been tested. The latest supported version of PostgreSQL is 15.
19 Feb 2025 - 20:33:53.720 - o.f.core.internal.command.DbValidate -  INFO  - Successfully validated 4 migrations (execution time 00:00.018s)
19 Feb 2025 - 20:33:53.729 - o.f.core.internal.command.DbMigrate -  INFO  - Current version of schema "public": 1.2
19 Feb 2025 - 20:33:53.731 - o.f.core.internal.command.DbMigrate -  INFO  - Schema "public" is up to date. No migration necessary.
19 Feb 2025 - 20:33:54.274 - o.s.o.j.LocalContainerEntityManagerFactoryBean -  INFO  - Closing JPA EntityManagerFactory for persistence unit 'default'
19 Feb 2025 - 20:33:54.277 - com.zaxxer.hikari.HikariDataSource -  INFO  - HikariPool-1 - Shutdown initiated...
19 Feb 2025 - 20:33:54.285 - com.zaxxer.hikari.HikariDataSource -  INFO  - HikariPool-1 - Shutdown completed.
19 Feb 2025 - 20:33:59.046 - o.s.b.w.e.tomcat.GracefulShutdown -  INFO  - Commencing graceful shutdown. Waiting for active requests to complete
19 Feb 2025 - 20:33:59.052 - o.s.b.w.e.tomcat.GracefulShutdown -  INFO  - Graceful shutdown complete
19 Feb 2025 - 20:33:59.059 - o.s.o.j.LocalContainerEntityManagerFactoryBean -  INFO  - Closing JPA EntityManagerFactory for persistence unit 'default'
19 Feb 2025 - 20:33:59.061 - com.zaxxer.hikari.HikariDataSource -  INFO  - HikariPool-1 - Shutdown initiated...
19 Feb 2025 - 20:33:59.064 - com.zaxxer.hikari.HikariDataSource -  INFO  - HikariPool-1 - Shutdown completed.
19 Feb 2025 - 20:34:07.813 - c.example.KunUzPractiseApplication -  INFO  - Starting KunUzPractiseApplication using Java 21.0.6 with PID 3952 (C:\Users\Sanjar\IdeaProjects\kun_uz_practise\target\classes started by Sanjar in C:\Users\Sanjar\IdeaProjects\kun_uz_practise)
19 Feb 2025 - 20:34:07.828 - c.example.KunUzPractiseApplication -  INFO  - The following 1 profile is active: "local"
19 Feb 2025 - 20:34:09.064 - o.s.d.r.c.RepositoryConfigurationDelegate -  INFO  - Bootstrapping Spring Data JPA repositories in DEFAULT mode.
19 Feb 2025 - 20:34:09.165 - o.s.d.r.c.RepositoryConfigurationDelegate -  INFO  - Finished Spring Data repository scanning in 91 ms. Found 14 JPA repository interfaces.
19 Feb 2025 - 20:34:09.786 - o.s.b.w.e.tomcat.TomcatWebServer -  INFO  - Tomcat initialized with port 8080 (http)
19 Feb 2025 - 20:34:09.808 - o.a.catalina.core.StandardService -  INFO  - Starting service [Tomcat]
19 Feb 2025 - 20:34:09.809 - o.a.catalina.core.StandardEngine -  INFO  - Starting Servlet engine: [Apache Tomcat/10.1.34]
19 Feb 2025 - 20:34:09.870 - o.a.c.c.C.[Tomcat].[localhost].[/] -  INFO  - Initializing Spring embedded WebApplicationContext
19 Feb 2025 - 20:34:09.870 - o.s.b.w.s.c.ServletWebServerApplicationContext -  INFO  - Root WebApplicationContext: initialization completed in 1981 ms
19 Feb 2025 - 20:34:09.935 - com.zaxxer.hikari.HikariDataSource -  INFO  - HikariPool-1 - Starting...
19 Feb 2025 - 20:34:10.102 - com.zaxxer.hikari.pool.HikariPool -  INFO  - HikariPool-1 - Added connection org.postgresql.jdbc.PgConnection@6b2aafbc
19 Feb 2025 - 20:34:10.104 - com.zaxxer.hikari.HikariDataSource -  INFO  - HikariPool-1 - Start completed.
19 Feb 2025 - 20:34:10.195 - o.h.jpa.internal.util.LogHelper -  INFO  - HHH000204: Processing PersistenceUnitInfo [name: default]
19 Feb 2025 - 20:34:10.260 - org.hibernate.Version -  INFO  - HHH000412: Hibernate ORM core version 6.6.5.Final
19 Feb 2025 - 20:34:10.295 - o.h.c.i.RegionFactoryInitiator -  INFO  - HHH000026: Second-level cache disabled
19 Feb 2025 - 20:34:10.594 - o.s.o.j.p.SpringPersistenceUnitInfo -  INFO  - No LoadTimeWeaver setup: ignoring JPA class transformer
19 Feb 2025 - 20:34:10.678 - o.hibernate.orm.connections.pooling -  INFO  - HHH10001005: Database info:
	Database JDBC URL [Connecting through datasource 'HikariDataSource (HikariPool-1)']
	Database driver: undefined/unknown
	Database version: 17.2
	Autocommit mode: undefined/unknown
	Isolation level: undefined/unknown
	Minimum pool size: undefined/unknown
	Maximum pool size: undefined/unknown
19 Feb 2025 - 20:34:11.847 - o.h.e.t.j.p.i.JtaPlatformInitiator -  INFO  - HHH000489: No JTA platform available (set 'hibernate.transaction.jta.platform' to enable JTA platform integration)
19 Feb 2025 - 20:34:12.575 - o.s.o.j.LocalContainerEntityManagerFactoryBean -  INFO  - Initialized JPA EntityManagerFactory for persistence unit 'default'
19 Feb 2025 - 20:34:12.815 - o.s.d.j.r.query.QueryEnhancerFactory -  INFO  - Hibernate is in classpath; If applicable, HQL parser will be used.
19 Feb 2025 - 20:34:14.363 - o.s.b.a.o.j.JpaBaseConfiguration$JpaWebConfiguration -  WARN  - spring.jpa.open-in-view is enabled by default. Therefore, database queries may be performed during view rendering. Explicitly configure spring.jpa.open-in-view to disable this warning
19 Feb 2025 - 20:34:14.399 - o.s.s.c.a.a.c.InitializeAuthenticationProviderBeanManagerConfigurer$InitializeAuthenticationProviderManagerConfigurer -  INFO  - Global AuthenticationManager configured with AuthenticationProvider bean with name authenticationProvider
19 Feb 2025 - 20:34:14.400 - o.s.s.c.a.a.c.InitializeUserDetailsBeanManagerConfigurer$InitializeUserDetailsManagerConfigurer -  WARN  - Global AuthenticationManager configured with an AuthenticationProvider bean. UserDetailsService beans will not be used by Spring Security for automatically configuring username/password login. Consider removing the AuthenticationProvider bean. Alternatively, consider using the UserDetailsService in a manually instantiated DaoAuthenticationProvider. If the current configuration is intentional, to turn off this warning, increase the logging level of 'org.springframework.security.config.annotation.authentication.configuration.InitializeUserDetailsBeanManagerConfigurer' to ERROR
19 Feb 2025 - 20:34:15.240 - o.s.b.w.e.tomcat.TomcatWebServer -  INFO  - Tomcat started on port 8080 (http) with context path '/'
19 Feb 2025 - 20:34:15.248 - c.example.KunUzPractiseApplication -  INFO  - Started KunUzPractiseApplication in 8.056 seconds (process running for 8.891)
19 Feb 2025 - 20:34:15.303 - o.f.c.i.license.VersionPrinter -  INFO  - Flyway Community Edition 9.22.3 by Redgate
19 Feb 2025 - 20:34:15.304 - o.f.c.i.license.VersionPrinter -  INFO  - See release notes here: https://rd.gt/416ObMi
19 Feb 2025 - 20:34:15.304 - o.f.c.i.license.VersionPrinter -  INFO  - 
19 Feb 2025 - 20:34:15.317 - org.flywaydb.core.FlywayExecutor -  INFO  - Database: jdbc:postgresql://localhost:5432/kun_uz_practise (PostgreSQL 17.2)
19 Feb 2025 - 20:34:15.322 - o.f.c.i.database.base.Database -  WARN  - Flyway upgrade recommended: PostgreSQL 17.2 is newer than this version of Flyway and support has not been tested. The latest supported version of PostgreSQL is 15.
19 Feb 2025 - 20:34:15.349 - o.f.core.internal.command.DbValidate -  INFO  - Successfully validated 4 migrations (execution time 00:00.018s)
19 Feb 2025 - 20:34:15.359 - o.f.core.internal.command.DbMigrate -  INFO  - Current version of schema "public": 1.2
19 Feb 2025 - 20:34:15.362 - o.f.core.internal.command.DbMigrate -  INFO  - Schema "public" is up to date. No migration necessary.
19 Feb 2025 - 20:34:21.836 - o.a.c.c.C.[Tomcat].[localhost].[/] -  INFO  - Initializing Spring DispatcherServlet 'dispatcherServlet'
19 Feb 2025 - 20:34:21.836 - o.s.web.servlet.DispatcherServlet -  INFO  - Initializing Servlet 'dispatcherServlet'
19 Feb 2025 - 20:34:21.838 - o.s.web.servlet.DispatcherServlet -  INFO  - Completed initialization in 2 ms
19 Feb 2025 - 20:34:23.077 - o.s.api.AbstractOpenApiResource -  INFO  - Init duration for springdoc-openapi is: 760 ms
19 Feb 2025 - 20:37:08.620 - o.s.b.w.e.tomcat.GracefulShutdown -  INFO  - Commencing graceful shutdown. Waiting for active requests to complete
19 Feb 2025 - 20:37:08.624 - o.s.b.w.e.tomcat.GracefulShutdown -  INFO  - Graceful shutdown complete
19 Feb 2025 - 20:37:08.631 - o.s.o.j.LocalContainerEntityManagerFactoryBean -  INFO  - Closing JPA EntityManagerFactory for persistence unit 'default'
19 Feb 2025 - 20:37:08.633 - com.zaxxer.hikari.HikariDataSource -  INFO  - HikariPool-1 - Shutdown initiated...
19 Feb 2025 - 20:37:08.638 - com.zaxxer.hikari.HikariDataSource -  INFO  - HikariPool-1 - Shutdown completed.
19 Feb 2025 - 20:37:12.268 - c.example.KunUzPractiseApplication -  INFO  - Starting KunUzPractiseApplication using Java 21.0.6 with PID 8584 (C:\Users\Sanjar\IdeaProjects\kun_uz_practise\target\classes started by Sanjar in C:\Users\Sanjar\IdeaProjects\kun_uz_practise)
19 Feb 2025 - 20:37:12.280 - c.example.KunUzPractiseApplication -  INFO  - The following 1 profile is active: "local"
19 Feb 2025 - 20:37:13.094 - o.s.d.r.c.RepositoryConfigurationDelegate -  INFO  - Bootstrapping Spring Data JPA repositories in DEFAULT mode.
19 Feb 2025 - 20:37:13.174 - o.s.d.r.c.RepositoryConfigurationDelegate -  INFO  - Finished Spring Data repository scanning in 72 ms. Found 14 JPA repository interfaces.
19 Feb 2025 - 20:37:13.711 - o.s.b.w.e.tomcat.TomcatWebServer -  INFO  - Tomcat initialized with port 8080 (http)
19 Feb 2025 - 20:37:13.732 - o.a.catalina.core.StandardService -  INFO  - Starting service [Tomcat]
19 Feb 2025 - 20:37:13.732 - o.a.catalina.core.StandardEngine -  INFO  - Starting Servlet engine: [Apache Tomcat/10.1.34]
19 Feb 2025 - 20:37:13.787 - o.a.c.c.C.[Tomcat].[localhost].[/] -  INFO  - Initializing Spring embedded WebApplicationContext
19 Feb 2025 - 20:37:13.788 - o.s.b.w.s.c.ServletWebServerApplicationContext -  INFO  - Root WebApplicationContext: initialization completed in 1467 ms
19 Feb 2025 - 20:37:13.846 - com.zaxxer.hikari.HikariDataSource -  INFO  - HikariPool-1 - Starting...
19 Feb 2025 - 20:37:14.021 - com.zaxxer.hikari.pool.HikariPool -  INFO  - HikariPool-1 - Added connection org.postgresql.jdbc.PgConnection@4cc8d70d
19 Feb 2025 - 20:37:14.023 - com.zaxxer.hikari.HikariDataSource -  INFO  - HikariPool-1 - Start completed.
19 Feb 2025 - 20:37:14.100 - o.h.jpa.internal.util.LogHelper -  INFO  - HHH000204: Processing PersistenceUnitInfo [name: default]
19 Feb 2025 - 20:37:14.148 - org.hibernate.Version -  INFO  - HHH000412: Hibernate ORM core version 6.6.5.Final
19 Feb 2025 - 20:37:14.185 - o.h.c.i.RegionFactoryInitiator -  INFO  - HHH000026: Second-level cache disabled
19 Feb 2025 - 20:37:14.448 - o.s.o.j.p.SpringPersistenceUnitInfo -  INFO  - No LoadTimeWeaver setup: ignoring JPA class transformer
19 Feb 2025 - 20:37:14.529 - o.hibernate.orm.connections.pooling -  INFO  - HHH10001005: Database info:
	Database JDBC URL [Connecting through datasource 'HikariDataSource (HikariPool-1)']
	Database driver: undefined/unknown
	Database version: 17.2
	Autocommit mode: undefined/unknown
	Isolation level: undefined/unknown
	Minimum pool size: undefined/unknown
	Maximum pool size: undefined/unknown
19 Feb 2025 - 20:37:15.703 - o.h.e.t.j.p.i.JtaPlatformInitiator -  INFO  - HHH000489: No JTA platform available (set 'hibernate.transaction.jta.platform' to enable JTA platform integration)
19 Feb 2025 - 20:37:16.399 - o.s.o.j.LocalContainerEntityManagerFactoryBean -  INFO  - Initialized JPA EntityManagerFactory for persistence unit 'default'
19 Feb 2025 - 20:37:16.661 - o.s.d.j.r.query.QueryEnhancerFactory -  INFO  - Hibernate is in classpath; If applicable, HQL parser will be used.
19 Feb 2025 - 20:37:18.200 - o.s.b.a.o.j.JpaBaseConfiguration$JpaWebConfiguration -  WARN  - spring.jpa.open-in-view is enabled by default. Therefore, database queries may be performed during view rendering. Explicitly configure spring.jpa.open-in-view to disable this warning
19 Feb 2025 - 20:37:18.234 - o.s.s.c.a.a.c.InitializeAuthenticationProviderBeanManagerConfigurer$InitializeAuthenticationProviderManagerConfigurer -  INFO  - Global AuthenticationManager configured with AuthenticationProvider bean with name authenticationProvider
19 Feb 2025 - 20:37:18.235 - o.s.s.c.a.a.c.InitializeUserDetailsBeanManagerConfigurer$InitializeUserDetailsManagerConfigurer -  WARN  - Global AuthenticationManager configured with an AuthenticationProvider bean. UserDetailsService beans will not be used by Spring Security for automatically configuring username/password login. Consider removing the AuthenticationProvider bean. Alternatively, consider using the UserDetailsService in a manually instantiated DaoAuthenticationProvider. If the current configuration is intentional, to turn off this warning, increase the logging level of 'org.springframework.security.config.annotation.authentication.configuration.InitializeUserDetailsBeanManagerConfigurer' to ERROR
19 Feb 2025 - 20:37:18.995 - o.s.b.w.e.tomcat.TomcatWebServer -  INFO  - Tomcat started on port 8080 (http) with context path '/'
19 Feb 2025 - 20:37:19.003 - c.example.KunUzPractiseApplication -  INFO  - Started KunUzPractiseApplication in 7.169 seconds (process running for 7.773)
19 Feb 2025 - 20:37:19.052 - o.f.c.i.license.VersionPrinter -  INFO  - Flyway Community Edition 9.22.3 by Redgate
19 Feb 2025 - 20:37:19.053 - o.f.c.i.license.VersionPrinter -  INFO  - See release notes here: https://rd.gt/416ObMi
19 Feb 2025 - 20:37:19.053 - o.f.c.i.license.VersionPrinter -  INFO  - 
19 Feb 2025 - 20:37:19.065 - org.flywaydb.core.FlywayExecutor -  INFO  - Database: jdbc:postgresql://localhost:5432/kun_uz_practise (PostgreSQL 17.2)
19 Feb 2025 - 20:37:19.073 - o.f.c.i.database.base.Database -  WARN  - Flyway upgrade recommended: PostgreSQL 17.2 is newer than this version of Flyway and support has not been tested. The latest supported version of PostgreSQL is 15.
19 Feb 2025 - 20:37:19.098 - o.f.core.internal.command.DbValidate -  INFO  - Successfully validated 4 migrations (execution time 00:00.018s)
19 Feb 2025 - 20:37:19.109 - o.f.core.internal.command.DbMigrate -  INFO  - Current version of schema "public": 1.2
19 Feb 2025 - 20:37:19.112 - o.f.core.internal.command.DbMigrate -  INFO  - Schema "public" is up to date. No migration necessary.
19 Feb 2025 - 20:37:32.071 - o.a.c.c.C.[Tomcat].[localhost].[/] -  INFO  - Initializing Spring DispatcherServlet 'dispatcherServlet'
19 Feb 2025 - 20:37:32.072 - o.s.web.servlet.DispatcherServlet -  INFO  - Initializing Servlet 'dispatcherServlet'
19 Feb 2025 - 20:37:32.073 - o.s.web.servlet.DispatcherServlet -  INFO  - Completed initialization in 1 ms
19 Feb 2025 - 20:37:33.377 - o.s.api.AbstractOpenApiResource -  INFO  - Init duration for springdoc-openapi is: 807 ms
19 Feb 2025 - 20:57:24.788 - o.s.b.w.e.tomcat.GracefulShutdown -  INFO  - Commencing graceful shutdown. Waiting for active requests to complete
19 Feb 2025 - 20:57:24.792 - o.s.b.w.e.tomcat.GracefulShutdown -  INFO  - Graceful shutdown complete
19 Feb 2025 - 20:57:24.799 - o.s.o.j.LocalContainerEntityManagerFactoryBean -  INFO  - Closing JPA EntityManagerFactory for persistence unit 'default'
19 Feb 2025 - 20:57:24.801 - com.zaxxer.hikari.HikariDataSource -  INFO  - HikariPool-1 - Shutdown initiated...
19 Feb 2025 - 20:57:24.805 - com.zaxxer.hikari.HikariDataSource -  INFO  - HikariPool-1 - Shutdown completed.
