19 Feb 2025 - 13:23:27.293 - c.example.KunUzPractiseApplication -  INFO  - Starting KunUzPractiseApplication using Java 23.0.1 with PID 9232 (C:\Users\Sanjar\IdeaProjects\kun_uz_practise\target\classes started by Sanjar in C:\Users\Sanjar\IdeaProjects\kun_uz_practise)
19 Feb 2025 - 13:23:27.304 - c.example.KunUzPractiseApplication -  INFO  - The following 1 profile is active: "local"
19 Feb 2025 - 13:23:28.090 - o.s.d.r.c.RepositoryConfigurationDelegate -  INFO  - Bootstrapping Spring Data JPA repositories in DEFAULT mode.
19 Feb 2025 - 13:23:28.182 - o.s.d.r.c.RepositoryConfigurationDelegate -  INFO  - Finished Spring Data repository scanning in 83 ms. Found 14 JPA repository interfaces.
19 Feb 2025 - 13:23:28.744 - o.s.b.w.e.tomcat.TomcatWebServer -  INFO  - Tomcat initialized with port 8080 (http)
19 Feb 2025 - 13:23:28.757 - o.a.catalina.core.StandardService -  INFO  - Starting service [Tomcat]
19 Feb 2025 - 13:23:28.757 - o.a.catalina.core.StandardEngine -  INFO  - Starting Servlet engine: [Apache Tomcat/10.1.34]
19 Feb 2025 - 13:23:28.801 - o.a.c.c.C.[Tomcat].[localhost].[/] -  INFO  - Initializing Spring embedded WebApplicationContext
19 Feb 2025 - 13:23:28.802 - o.s.b.w.s.c.ServletWebServerApplicationContext -  INFO  - Root WebApplicationContext: initialization completed in 1450 ms
19 Feb 2025 - 13:23:28.870 - com.zaxxer.hikari.HikariDataSource -  INFO  - HikariPool-1 - Starting...
19 Feb 2025 - 13:23:29.058 - com.zaxxer.hikari.pool.HikariPool -  INFO  - HikariPool-1 - Added connection org.postgresql.jdbc.PgConnection@6897a4a
19 Feb 2025 - 13:23:29.060 - com.zaxxer.hikari.HikariDataSource -  INFO  - HikariPool-1 - Start completed.
19 Feb 2025 - 13:23:29.145 - o.h.jpa.internal.util.LogHelper -  INFO  - HHH000204: Processing PersistenceUnitInfo [name: default]
19 Feb 2025 - 13:23:29.209 - org.hibernate.Version -  INFO  - HHH000412: Hibernate ORM core version 6.6.5.Final
19 Feb 2025 - 13:23:29.242 - o.h.c.i.RegionFactoryInitiator -  INFO  - HHH000026: Second-level cache disabled
19 Feb 2025 - 13:23:29.529 - o.s.o.j.p.SpringPersistenceUnitInfo -  INFO  - No LoadTimeWeaver setup: ignoring JPA class transformer
19 Feb 2025 - 13:23:29.627 - o.hibernate.orm.connections.pooling -  INFO  - HHH10001005: Database info:
	Database JDBC URL [Connecting through datasource 'HikariDataSource (HikariPool-1)']
	Database driver: undefined/unknown
	Database version: 17.2
	Autocommit mode: undefined/unknown
	Isolation level: undefined/unknown
	Minimum pool size: undefined/unknown
	Maximum pool size: undefined/unknown
19 Feb 2025 - 13:23:30.783 - o.h.e.t.j.p.i.JtaPlatformInitiator -  INFO  - HHH000489: No JTA platform available (set 'hibernate.transaction.jta.platform' to enable JTA platform integration)
19 Feb 2025 - 13:23:31.450 - o.s.o.j.LocalContainerEntityManagerFactoryBean -  INFO  - Initialized JPA EntityManagerFactory for persistence unit 'default'
19 Feb 2025 - 13:23:31.746 - o.s.d.j.r.query.QueryEnhancerFactory -  INFO  - Hibernate is in classpath; If applicable, HQL parser will be used.
19 Feb 2025 - 13:23:33.184 - o.s.b.a.o.j.JpaBaseConfiguration$JpaWebConfiguration -  WARN  - spring.jpa.open-in-view is enabled by default. Therefore, database queries may be performed during view rendering. Explicitly configure spring.jpa.open-in-view to disable this warning
19 Feb 2025 - 13:23:33.215 - o.s.s.c.a.a.c.InitializeAuthenticationProviderBeanManagerConfigurer$InitializeAuthenticationProviderManagerConfigurer -  INFO  - Global AuthenticationManager configured with AuthenticationProvider bean with name authenticationProvider
19 Feb 2025 - 13:23:33.216 - o.s.s.c.a.a.c.InitializeUserDetailsBeanManagerConfigurer$InitializeUserDetailsManagerConfigurer -  WARN  - Global AuthenticationManager configured with an AuthenticationProvider bean. UserDetailsService beans will not be used by Spring Security for automatically configuring username/password login. Consider removing the AuthenticationProvider bean. Alternatively, consider using the UserDetailsService in a manually instantiated DaoAuthenticationProvider. If the current configuration is intentional, to turn off this warning, increase the logging level of 'org.springframework.security.config.annotation.authentication.configuration.InitializeUserDetailsBeanManagerConfigurer' to ERROR
19 Feb 2025 - 13:23:33.804 - o.s.b.w.e.tomcat.TomcatWebServer -  INFO  - Tomcat started on port 8080 (http) with context path '/'
19 Feb 2025 - 13:23:33.810 - c.example.KunUzPractiseApplication -  INFO  - Started KunUzPractiseApplication in 7.031 seconds (process running for 7.848)
19 Feb 2025 - 13:26:16.680 - o.s.b.w.e.tomcat.GracefulShutdown -  INFO  - Commencing graceful shutdown. Waiting for active requests to complete
19 Feb 2025 - 13:26:16.686 - o.s.b.w.e.tomcat.GracefulShutdown -  INFO  - Graceful shutdown complete
19 Feb 2025 - 13:26:16.694 - o.s.o.j.LocalContainerEntityManagerFactoryBean -  INFO  - Closing JPA EntityManagerFactory for persistence unit 'default'
19 Feb 2025 - 13:26:16.699 - com.zaxxer.hikari.HikariDataSource -  INFO  - HikariPool-1 - Shutdown initiated...
19 Feb 2025 - 13:26:16.702 - com.zaxxer.hikari.HikariDataSource -  INFO  - HikariPool-1 - Shutdown completed.
19 Feb 2025 - 13:26:18.887 - c.example.KunUzPractiseApplication -  INFO  - Starting KunUzPractiseApplication using Java 23.0.1 with PID 14860 (C:\Users\Sanjar\IdeaProjects\kun_uz_practise\target\classes started by Sanjar in C:\Users\Sanjar\IdeaProjects\kun_uz_practise)
19 Feb 2025 - 13:26:18.897 - c.example.KunUzPractiseApplication -  INFO  - The following 1 profile is active: "local"
19 Feb 2025 - 13:26:19.602 - o.s.d.r.c.RepositoryConfigurationDelegate -  INFO  - Bootstrapping Spring Data JPA repositories in DEFAULT mode.
19 Feb 2025 - 13:26:19.682 - o.s.d.r.c.RepositoryConfigurationDelegate -  INFO  - Finished Spring Data repository scanning in 73 ms. Found 14 JPA repository interfaces.
19 Feb 2025 - 13:26:20.210 - o.s.b.w.e.tomcat.TomcatWebServer -  INFO  - Tomcat initialized with port 8080 (http)
19 Feb 2025 - 13:26:20.221 - o.a.catalina.core.StandardService -  INFO  - Starting service [Tomcat]
19 Feb 2025 - 13:26:20.221 - o.a.catalina.core.StandardEngine -  INFO  - Starting Servlet engine: [Apache Tomcat/10.1.34]
19 Feb 2025 - 13:26:20.264 - o.a.c.c.C.[Tomcat].[localhost].[/] -  INFO  - Initializing Spring embedded WebApplicationContext
19 Feb 2025 - 13:26:20.264 - o.s.b.w.s.c.ServletWebServerApplicationContext -  INFO  - Root WebApplicationContext: initialization completed in 1315 ms
19 Feb 2025 - 13:26:20.542 - com.zaxxer.hikari.HikariDataSource -  INFO  - HikariPool-1 - Starting...
19 Feb 2025 - 13:26:20.786 - com.zaxxer.hikari.pool.HikariPool -  INFO  - HikariPool-1 - Added connection org.postgresql.jdbc.PgConnection@4c176ff1
19 Feb 2025 - 13:26:20.789 - com.zaxxer.hikari.HikariDataSource -  INFO  - HikariPool-1 - Start completed.
19 Feb 2025 - 13:26:20.806 - o.s.b.w.e.tomcat.TomcatStarter -  ERROR - Error starting Tomcat context. Exception: org.springframework.beans.factory.UnsatisfiedDependencyException. Message: Error creating bean with name 'jwtTokenFilter': Unsatisfied dependency expressed through field 'customUserDetailsService': Error creating bean with name 'customUserDetailsService': Unsatisfied dependency expressed through field 'profileRepository': Error creating bean with name 'profileRepository' defined in com.example.repository.ProfileRepository defined in @EnableJpaRepositories declared on JpaRepositoriesRegistrar.EnableJpaRepositoriesConfiguration: Cannot resolve reference to bean 'jpaSharedEM_entityManagerFactory' while setting bean property 'entityManager'
19 Feb 2025 - 13:26:20.825 - o.a.catalina.core.StandardService -  INFO  - Stopping service [Tomcat]
19 Feb 2025 - 13:26:20.827 - o.a.c.loader.WebappClassLoaderBase -  WARN  - The web application [ROOT] appears to have started a thread named [HikariPool-1 housekeeper] but has failed to stop it. This is very likely to create a memory leak. Stack trace of thread:
 java.base/jdk.internal.misc.Unsafe.park(Native Method)
 java.base/java.util.concurrent.locks.LockSupport.parkNanos(LockSupport.java:269)
 java.base/java.util.concurrent.locks.AbstractQueuedSynchronizer$ConditionObject.awaitNanos(AbstractQueuedSynchronizer.java:1763)
 java.base/java.util.concurrent.ScheduledThreadPoolExecutor$DelayedWorkQueue.take(ScheduledThreadPoolExecutor.java:1182)
 java.base/java.util.concurrent.ScheduledThreadPoolExecutor$DelayedWorkQueue.take(ScheduledThreadPoolExecutor.java:899)
 java.base/java.util.concurrent.ThreadPoolExecutor.getTask(ThreadPoolExecutor.java:1070)
 java.base/java.util.concurrent.ThreadPoolExecutor.runWorker(ThreadPoolExecutor.java:1130)
 java.base/java.util.concurrent.ThreadPoolExecutor$Worker.run(ThreadPoolExecutor.java:642)
 java.base/java.lang.Thread.run(Thread.java:1575)
19 Feb 2025 - 13:26:20.830 - o.s.b.w.s.c.AnnotationConfigServletWebServerApplicationContext -  WARN  - Exception encountered during context initialization - cancelling refresh attempt: org.springframework.context.ApplicationContextException: Unable to start web server
19 Feb 2025 - 13:26:20.831 - com.zaxxer.hikari.HikariDataSource -  INFO  - HikariPool-1 - Shutdown initiated...
19 Feb 2025 - 13:26:20.833 - com.zaxxer.hikari.HikariDataSource -  INFO  - HikariPool-1 - Shutdown completed.
19 Feb 2025 - 13:26:20.841 - o.s.b.a.l.ConditionEvaluationReportLogger -  INFO  - 

Error starting ApplicationContext. To display the condition evaluation report re-run your application with 'debug' enabled.
19 Feb 2025 - 13:26:20.861 - o.s.boot.SpringApplication -  ERROR - Application run failed
org.springframework.context.ApplicationContextException: Unable to start web server
	at org.springframework.boot.web.servlet.context.ServletWebServerApplicationContext.onRefresh(ServletWebServerApplicationContext.java:165)
	at org.springframework.context.support.AbstractApplicationContext.refresh(AbstractApplicationContext.java:621)
	at org.springframework.boot.web.servlet.context.ServletWebServerApplicationContext.refresh(ServletWebServerApplicationContext.java:146)
	at org.springframework.boot.SpringApplication.refresh(SpringApplication.java:752)
	at org.springframework.boot.SpringApplication.refreshContext(SpringApplication.java:439)
	at org.springframework.boot.SpringApplication.run(SpringApplication.java:318)
	at org.springframework.boot.SpringApplication.run(SpringApplication.java:1361)
	at org.springframework.boot.SpringApplication.run(SpringApplication.java:1350)
	at com.example.KunUzPractiseApplication.main(KunUzPractiseApplication.java:10)
Caused by: org.springframework.boot.web.server.WebServerException: Unable to start embedded Tomcat
	at org.springframework.boot.web.embedded.tomcat.TomcatWebServer.initialize(TomcatWebServer.java:147)
	at org.springframework.boot.web.embedded.tomcat.TomcatWebServer.<init>(TomcatWebServer.java:107)
	at org.springframework.boot.web.embedded.tomcat.TomcatServletWebServerFactory.getTomcatWebServer(TomcatServletWebServerFactory.java:516)
	at org.springframework.boot.web.embedded.tomcat.TomcatServletWebServerFactory.getWebServer(TomcatServletWebServerFactory.java:222)
	at org.springframework.boot.web.servlet.context.ServletWebServerApplicationContext.createWebServer(ServletWebServerApplicationContext.java:188)
	at org.springframework.boot.web.servlet.context.ServletWebServerApplicationContext.onRefresh(ServletWebServerApplicationContext.java:162)
	... 8 common frames omitted
Caused by: org.springframework.beans.factory.UnsatisfiedDependencyException: Error creating bean with name 'jwtTokenFilter': Unsatisfied dependency expressed through field 'customUserDetailsService': Error creating bean with name 'customUserDetailsService': Unsatisfied dependency expressed through field 'profileRepository': Error creating bean with name 'profileRepository' defined in com.example.repository.ProfileRepository defined in @EnableJpaRepositories declared on JpaRepositoriesRegistrar.EnableJpaRepositoriesConfiguration: Cannot resolve reference to bean 'jpaSharedEM_entityManagerFactory' while setting bean property 'entityManager'
	at org.springframework.beans.factory.annotation.AutowiredAnnotationBeanPostProcessor$AutowiredFieldElement.resolveFieldValue(AutowiredAnnotationBeanPostProcessor.java:788)
	at org.springframework.beans.factory.annotation.AutowiredAnnotationBeanPostProcessor$AutowiredFieldElement.inject(AutowiredAnnotationBeanPostProcessor.java:768)
	at org.springframework.beans.factory.annotation.InjectionMetadata.inject(InjectionMetadata.java:146)
	at org.springframework.beans.factory.annotation.AutowiredAnnotationBeanPostProcessor.postProcessProperties(AutowiredAnnotationBeanPostProcessor.java:509)
	at org.springframework.beans.factory.support.AbstractAutowireCapableBeanFactory.populateBean(AbstractAutowireCapableBeanFactory.java:1445)
	at org.springframework.beans.factory.support.AbstractAutowireCapableBeanFactory.doCreateBean(AbstractAutowireCapableBeanFactory.java:600)
	at org.springframework.beans.factory.support.AbstractAutowireCapableBeanFactory.createBean(AbstractAutowireCapableBeanFactory.java:523)
	at org.springframework.beans.factory.support.AbstractBeanFactory.lambda$doGetBean$0(AbstractBeanFactory.java:336)
	at org.springframework.beans.factory.support.DefaultSingletonBeanRegistry.getSingleton(DefaultSingletonBeanRegistry.java:307)
	at org.springframework.beans.factory.support.AbstractBeanFactory.doGetBean(AbstractBeanFactory.java:334)
	at org.springframework.beans.factory.support.AbstractBeanFactory.getBean(AbstractBeanFactory.java:204)
	at org.springframework.boot.web.servlet.ServletContextInitializerBeans.getOrderedBeansOfType(ServletContextInitializerBeans.java:211)
	at org.springframework.boot.web.servlet.ServletContextInitializerBeans.addAsRegistrationBean(ServletContextInitializerBeans.java:174)
	at org.springframework.boot.web.servlet.ServletContextInitializerBeans.addAsRegistrationBean(ServletContextInitializerBeans.java:169)
	at org.springframework.boot.web.servlet.ServletContextInitializerBeans.addAdaptableBeans(ServletContextInitializerBeans.java:154)
	at org.springframework.boot.web.servlet.ServletContextInitializerBeans.<init>(ServletContextInitializerBeans.java:87)
	at org.springframework.boot.web.servlet.context.ServletWebServerApplicationContext.getServletContextInitializerBeans(ServletWebServerApplicationContext.java:266)
	at org.springframework.boot.web.servlet.context.ServletWebServerApplicationContext.selfInitialize(ServletWebServerApplicationContext.java:240)
	at org.springframework.boot.web.embedded.tomcat.TomcatStarter.onStartup(TomcatStarter.java:52)
	at org.apache.catalina.core.StandardContext.startInternal(StandardContext.java:4426)
	at org.apache.catalina.util.LifecycleBase.start(LifecycleBase.java:164)
	at org.apache.catalina.core.ContainerBase$StartChild.call(ContainerBase.java:1203)
	at org.apache.catalina.core.ContainerBase$StartChild.call(ContainerBase.java:1193)
	at java.base/java.util.concurrent.FutureTask.run(FutureTask.java:317)
	at org.apache.tomcat.util.threads.InlineExecutorService.execute(InlineExecutorService.java:75)
	at java.base/java.util.concurrent.AbstractExecutorService.submit(AbstractExecutorService.java:148)
	at org.apache.catalina.core.ContainerBase.startInternal(ContainerBase.java:749)
	at org.apache.catalina.core.StandardHost.startInternal(StandardHost.java:772)
	at org.apache.catalina.util.LifecycleBase.start(LifecycleBase.java:164)
	at org.apache.catalina.core.ContainerBase$StartChild.call(ContainerBase.java:1203)
	at org.apache.catalina.core.ContainerBase$StartChild.call(ContainerBase.java:1193)
	at java.base/java.util.concurrent.FutureTask.run(FutureTask.java:317)
	at org.apache.tomcat.util.threads.InlineExecutorService.execute(InlineExecutorService.java:75)
	at java.base/java.util.concurrent.AbstractExecutorService.submit(AbstractExecutorService.java:148)
	at org.apache.catalina.core.ContainerBase.startInternal(ContainerBase.java:749)
	at org.apache.catalina.core.StandardEngine.startInternal(StandardEngine.java:203)
	at org.apache.catalina.util.LifecycleBase.start(LifecycleBase.java:164)
	at org.apache.catalina.core.StandardService.startInternal(StandardService.java:415)
	at org.apache.catalina.util.LifecycleBase.start(LifecycleBase.java:164)
	at org.apache.catalina.core.StandardServer.startInternal(StandardServer.java:870)
	at org.apache.catalina.util.LifecycleBase.start(LifecycleBase.java:164)
	at org.apache.catalina.startup.Tomcat.start(Tomcat.java:437)
	at org.springframework.boot.web.embedded.tomcat.TomcatWebServer.initialize(TomcatWebServer.java:128)
	... 13 common frames omitted
Caused by: org.springframework.beans.factory.UnsatisfiedDependencyException: Error creating bean with name 'customUserDetailsService': Unsatisfied dependency expressed through field 'profileRepository': Error creating bean with name 'profileRepository' defined in com.example.repository.ProfileRepository defined in @EnableJpaRepositories declared on JpaRepositoriesRegistrar.EnableJpaRepositoriesConfiguration: Cannot resolve reference to bean 'jpaSharedEM_entityManagerFactory' while setting bean property 'entityManager'
	at org.springframework.beans.factory.annotation.AutowiredAnnotationBeanPostProcessor$AutowiredFieldElement.resolveFieldValue(AutowiredAnnotationBeanPostProcessor.java:788)
	at org.springframework.beans.factory.annotation.AutowiredAnnotationBeanPostProcessor$AutowiredFieldElement.inject(AutowiredAnnotationBeanPostProcessor.java:768)
	at org.springframework.beans.factory.annotation.InjectionMetadata.inject(InjectionMetadata.java:146)
	at org.springframework.beans.factory.annotation.AutowiredAnnotationBeanPostProcessor.postProcessProperties(AutowiredAnnotationBeanPostProcessor.java:509)
	at org.springframework.beans.factory.support.AbstractAutowireCapableBeanFactory.populateBean(AbstractAutowireCapableBeanFactory.java:1445)
	at org.springframework.beans.factory.support.AbstractAutowireCapableBeanFactory.doCreateBean(AbstractAutowireCapableBeanFactory.java:600)
	at org.springframework.beans.factory.support.AbstractAutowireCapableBeanFactory.createBean(AbstractAutowireCapableBeanFactory.java:523)
	at org.springframework.beans.factory.support.AbstractBeanFactory.lambda$doGetBean$0(AbstractBeanFactory.java:336)
	at org.springframework.beans.factory.support.DefaultSingletonBeanRegistry.getSingleton(DefaultSingletonBeanRegistry.java:307)
	at org.springframework.beans.factory.support.AbstractBeanFactory.doGetBean(AbstractBeanFactory.java:334)
	at org.springframework.beans.factory.support.AbstractBeanFactory.getBean(AbstractBeanFactory.java:199)
	at org.springframework.beans.factory.support.DefaultListableBeanFactory.doResolveDependency(DefaultListableBeanFactory.java:1573)
	at org.springframework.beans.factory.support.DefaultListableBeanFactory.resolveDependency(DefaultListableBeanFactory.java:1519)
	at org.springframework.beans.factory.annotation.AutowiredAnnotationBeanPostProcessor$AutowiredFieldElement.resolveFieldValue(AutowiredAnnotationBeanPostProcessor.java:785)
	... 55 common frames omitted
Caused by: org.springframework.beans.factory.BeanCreationException: Error creating bean with name 'profileRepository' defined in com.example.repository.ProfileRepository defined in @EnableJpaRepositories declared on JpaRepositoriesRegistrar.EnableJpaRepositoriesConfiguration: Cannot resolve reference to bean 'jpaSharedEM_entityManagerFactory' while setting bean property 'entityManager'
	at org.springframework.beans.factory.support.BeanDefinitionValueResolver.resolveReference(BeanDefinitionValueResolver.java:377)
	at org.springframework.beans.factory.support.BeanDefinitionValueResolver.resolveValueIfNecessary(BeanDefinitionValueResolver.java:135)
	at org.springframework.beans.factory.support.AbstractAutowireCapableBeanFactory.applyPropertyValues(AbstractAutowireCapableBeanFactory.java:1711)
	at org.springframework.beans.factory.support.AbstractAutowireCapableBeanFactory.populateBean(AbstractAutowireCapableBeanFactory.java:1460)
	at org.springframework.beans.factory.support.AbstractAutowireCapableBeanFactory.doCreateBean(AbstractAutowireCapableBeanFactory.java:600)
	at org.springframework.beans.factory.support.AbstractAutowireCapableBeanFactory.createBean(AbstractAutowireCapableBeanFactory.java:523)
	at org.springframework.beans.factory.support.AbstractBeanFactory.lambda$doGetBean$0(AbstractBeanFactory.java:336)
	at org.springframework.beans.factory.support.DefaultSingletonBeanRegistry.getSingleton(DefaultSingletonBeanRegistry.java:307)
	at org.springframework.beans.factory.support.AbstractBeanFactory.doGetBean(AbstractBeanFactory.java:334)
	at org.springframework.beans.factory.support.AbstractBeanFactory.getBean(AbstractBeanFactory.java:199)
	at org.springframework.beans.factory.support.DefaultListableBeanFactory.doResolveDependency(DefaultListableBeanFactory.java:1573)
	at org.springframework.beans.factory.support.DefaultListableBeanFactory.resolveDependency(DefaultListableBeanFactory.java:1519)
	at org.springframework.beans.factory.annotation.AutowiredAnnotationBeanPostProcessor$AutowiredFieldElement.resolveFieldValue(AutowiredAnnotationBeanPostProcessor.java:785)
	... 68 common frames omitted
Caused by: org.springframework.beans.factory.BeanCreationException: Error creating bean with name 'jpaSharedEM_entityManagerFactory': Cannot resolve reference to bean 'entityManagerFactory' while setting constructor argument
	at org.springframework.beans.factory.support.BeanDefinitionValueResolver.resolveReference(BeanDefinitionValueResolver.java:377)
	at org.springframework.beans.factory.support.BeanDefinitionValueResolver.resolveValueIfNecessary(BeanDefinitionValueResolver.java:135)
	at org.springframework.beans.factory.support.ConstructorResolver.resolveConstructorArguments(ConstructorResolver.java:691)
	at org.springframework.beans.factory.support.ConstructorResolver.instantiateUsingFactoryMethod(ConstructorResolver.java:513)
	at org.springframework.beans.factory.support.AbstractAutowireCapableBeanFactory.instantiateUsingFactoryMethod(AbstractAutowireCapableBeanFactory.java:1361)
	at org.springframework.beans.factory.support.AbstractAutowireCapableBeanFactory.createBeanInstance(AbstractAutowireCapableBeanFactory.java:1191)
	at org.springframework.beans.factory.support.AbstractAutowireCapableBeanFactory.doCreateBean(AbstractAutowireCapableBeanFactory.java:563)
	at org.springframework.beans.factory.support.AbstractAutowireCapableBeanFactory.createBean(AbstractAutowireCapableBeanFactory.java:523)
	at org.springframework.beans.factory.support.AbstractBeanFactory.lambda$doGetBean$0(AbstractBeanFactory.java:336)
	at org.springframework.beans.factory.support.DefaultSingletonBeanRegistry.getSingleton(DefaultSingletonBeanRegistry.java:307)
	at org.springframework.beans.factory.support.AbstractBeanFactory.doGetBean(AbstractBeanFactory.java:334)
	at org.springframework.beans.factory.support.AbstractBeanFactory.getBean(AbstractBeanFactory.java:199)
	at org.springframework.beans.factory.support.BeanDefinitionValueResolver.resolveReference(BeanDefinitionValueResolver.java:365)
	... 80 common frames omitted
Caused by: org.springframework.beans.factory.BeanCreationException: Error creating bean with name 'flywayInitializer' defined in class path resource [org/springframework/boot/autoconfigure/flyway/FlywayAutoConfiguration$FlywayConfiguration.class]: Unsupported Database: PostgreSQL 17.2
	at org.springframework.beans.factory.support.AbstractAutowireCapableBeanFactory.initializeBean(AbstractAutowireCapableBeanFactory.java:1812)
	at org.springframework.beans.factory.support.AbstractAutowireCapableBeanFactory.doCreateBean(AbstractAutowireCapableBeanFactory.java:601)
	at org.springframework.beans.factory.support.AbstractAutowireCapableBeanFactory.createBean(AbstractAutowireCapableBeanFactory.java:523)
	at org.springframework.beans.factory.support.AbstractBeanFactory.lambda$doGetBean$0(AbstractBeanFactory.java:336)
	at org.springframework.beans.factory.support.DefaultSingletonBeanRegistry.getSingleton(DefaultSingletonBeanRegistry.java:307)
	at org.springframework.beans.factory.support.AbstractBeanFactory.doGetBean(AbstractBeanFactory.java:334)
	at org.springframework.beans.factory.support.AbstractBeanFactory.getBean(AbstractBeanFactory.java:199)
	at org.springframework.beans.factory.support.AbstractBeanFactory.doGetBean(AbstractBeanFactory.java:312)
	at org.springframework.beans.factory.support.AbstractBeanFactory.getBean(AbstractBeanFactory.java:199)
	at org.springframework.beans.factory.support.BeanDefinitionValueResolver.resolveReference(BeanDefinitionValueResolver.java:365)
	... 92 common frames omitted
Caused by: org.flywaydb.core.api.FlywayException: Unsupported Database: PostgreSQL 17.2
	at org.flywaydb.core.internal.database.DatabaseTypeRegister.lambda$getDatabaseTypeForConnection$7(DatabaseTypeRegister.java:124)
	at java.base/java.util.Optional.orElseThrow(Optional.java:403)
	at org.flywaydb.core.internal.database.DatabaseTypeRegister.getDatabaseTypeForConnection(DatabaseTypeRegister.java:124)
	at org.flywaydb.core.internal.jdbc.JdbcConnectionFactory.<init>(JdbcConnectionFactory.java:77)
	at org.flywaydb.core.FlywayExecutor.execute(FlywayExecutor.java:137)
	at org.flywaydb.core.Flyway.migrate(Flyway.java:176)
	at org.springframework.boot.autoconfigure.flyway.FlywayMigrationInitializer.afterPropertiesSet(FlywayMigrationInitializer.java:66)
	at org.springframework.beans.factory.support.AbstractAutowireCapableBeanFactory.invokeInitMethods(AbstractAutowireCapableBeanFactory.java:1859)
	at org.springframework.beans.factory.support.AbstractAutowireCapableBeanFactory.initializeBean(AbstractAutowireCapableBeanFactory.java:1808)
	... 101 common frames omitted
19 Feb 2025 - 13:36:37.133 - c.example.KunUzPractiseApplication -  INFO  - Starting KunUzPractiseApplication using Java 23.0.1 with PID 9072 (C:\Users\Sanjar\IdeaProjects\kun_uz_practise\target\classes started by Sanjar in C:\Users\Sanjar\IdeaProjects\kun_uz_practise)
19 Feb 2025 - 13:36:37.146 - c.example.KunUzPractiseApplication -  INFO  - The following 1 profile is active: "local"
19 Feb 2025 - 13:36:37.860 - o.s.d.r.c.RepositoryConfigurationDelegate -  INFO  - Bootstrapping Spring Data JPA repositories in DEFAULT mode.
19 Feb 2025 - 13:36:37.944 - o.s.d.r.c.RepositoryConfigurationDelegate -  INFO  - Finished Spring Data repository scanning in 76 ms. Found 14 JPA repository interfaces.
19 Feb 2025 - 13:36:38.449 - o.s.b.w.e.tomcat.TomcatWebServer -  INFO  - Tomcat initialized with port 8080 (http)
19 Feb 2025 - 13:36:38.460 - o.a.catalina.core.StandardService -  INFO  - Starting service [Tomcat]
19 Feb 2025 - 13:36:38.461 - o.a.catalina.core.StandardEngine -  INFO  - Starting Servlet engine: [Apache Tomcat/10.1.34]
19 Feb 2025 - 13:36:38.508 - o.a.c.c.C.[Tomcat].[localhost].[/] -  INFO  - Initializing Spring embedded WebApplicationContext
19 Feb 2025 - 13:36:38.509 - o.s.b.w.s.c.ServletWebServerApplicationContext -  INFO  - Root WebApplicationContext: initialization completed in 1312 ms
19 Feb 2025 - 13:36:38.714 - com.zaxxer.hikari.HikariDataSource -  INFO  - HikariPool-1 - Starting...
19 Feb 2025 - 13:36:38.847 - com.zaxxer.hikari.pool.HikariPool -  INFO  - HikariPool-1 - Added connection org.postgresql.jdbc.PgConnection@6aff97d6
19 Feb 2025 - 13:36:38.848 - com.zaxxer.hikari.HikariDataSource -  INFO  - HikariPool-1 - Start completed.
19 Feb 2025 - 13:36:38.860 - o.s.b.w.e.tomcat.TomcatStarter -  ERROR - Error starting Tomcat context. Exception: org.springframework.beans.factory.UnsatisfiedDependencyException. Message: Error creating bean with name 'jwtTokenFilter': Unsatisfied dependency expressed through field 'customUserDetailsService': Error creating bean with name 'customUserDetailsService': Unsatisfied dependency expressed through field 'profileRepository': Error creating bean with name 'profileRepository' defined in com.example.repository.ProfileRepository defined in @EnableJpaRepositories declared on JpaRepositoriesRegistrar.EnableJpaRepositoriesConfiguration: Cannot resolve reference to bean 'jpaSharedEM_entityManagerFactory' while setting bean property 'entityManager'
19 Feb 2025 - 13:36:38.879 - o.a.catalina.core.StandardService -  INFO  - Stopping service [Tomcat]
19 Feb 2025 - 13:36:38.881 - o.a.c.loader.WebappClassLoaderBase -  WARN  - The web application [ROOT] appears to have started a thread named [HikariPool-1 housekeeper] but has failed to stop it. This is very likely to create a memory leak. Stack trace of thread:
 java.base/jdk.internal.misc.Unsafe.park(Native Method)
 java.base/java.util.concurrent.locks.LockSupport.parkNanos(LockSupport.java:269)
 java.base/java.util.concurrent.locks.AbstractQueuedSynchronizer$ConditionObject.awaitNanos(AbstractQueuedSynchronizer.java:1763)
 java.base/java.util.concurrent.ScheduledThreadPoolExecutor$DelayedWorkQueue.take(ScheduledThreadPoolExecutor.java:1182)
 java.base/java.util.concurrent.ScheduledThreadPoolExecutor$DelayedWorkQueue.take(ScheduledThreadPoolExecutor.java:899)
 java.base/java.util.concurrent.ThreadPoolExecutor.getTask(ThreadPoolExecutor.java:1070)
 java.base/java.util.concurrent.ThreadPoolExecutor.runWorker(ThreadPoolExecutor.java:1130)
 java.base/java.util.concurrent.ThreadPoolExecutor$Worker.run(ThreadPoolExecutor.java:642)
 java.base/java.lang.Thread.run(Thread.java:1575)
19 Feb 2025 - 13:36:38.884 - o.s.b.w.s.c.AnnotationConfigServletWebServerApplicationContext -  WARN  - Exception encountered during context initialization - cancelling refresh attempt: org.springframework.context.ApplicationContextException: Unable to start web server
19 Feb 2025 - 13:36:38.884 - com.zaxxer.hikari.HikariDataSource -  INFO  - HikariPool-1 - Shutdown initiated...
19 Feb 2025 - 13:36:38.887 - com.zaxxer.hikari.HikariDataSource -  INFO  - HikariPool-1 - Shutdown completed.
19 Feb 2025 - 13:36:38.894 - o.s.b.a.l.ConditionEvaluationReportLogger -  INFO  - 

Error starting ApplicationContext. To display the condition evaluation report re-run your application with 'debug' enabled.
19 Feb 2025 - 13:36:38.907 - o.s.boot.SpringApplication -  ERROR - Application run failed
org.springframework.context.ApplicationContextException: Unable to start web server
	at org.springframework.boot.web.servlet.context.ServletWebServerApplicationContext.onRefresh(ServletWebServerApplicationContext.java:165)
	at org.springframework.context.support.AbstractApplicationContext.refresh(AbstractApplicationContext.java:621)
	at org.springframework.boot.web.servlet.context.ServletWebServerApplicationContext.refresh(ServletWebServerApplicationContext.java:146)
	at org.springframework.boot.SpringApplication.refresh(SpringApplication.java:752)
	at org.springframework.boot.SpringApplication.refreshContext(SpringApplication.java:439)
	at org.springframework.boot.SpringApplication.run(SpringApplication.java:318)
	at org.springframework.boot.SpringApplication.run(SpringApplication.java:1361)
	at org.springframework.boot.SpringApplication.run(SpringApplication.java:1350)
	at com.example.KunUzPractiseApplication.main(KunUzPractiseApplication.java:10)
Caused by: org.springframework.boot.web.server.WebServerException: Unable to start embedded Tomcat
	at org.springframework.boot.web.embedded.tomcat.TomcatWebServer.initialize(TomcatWebServer.java:147)
	at org.springframework.boot.web.embedded.tomcat.TomcatWebServer.<init>(TomcatWebServer.java:107)
	at org.springframework.boot.web.embedded.tomcat.TomcatServletWebServerFactory.getTomcatWebServer(TomcatServletWebServerFactory.java:516)
	at org.springframework.boot.web.embedded.tomcat.TomcatServletWebServerFactory.getWebServer(TomcatServletWebServerFactory.java:222)
	at org.springframework.boot.web.servlet.context.ServletWebServerApplicationContext.createWebServer(ServletWebServerApplicationContext.java:188)
	at org.springframework.boot.web.servlet.context.ServletWebServerApplicationContext.onRefresh(ServletWebServerApplicationContext.java:162)
	... 8 common frames omitted
Caused by: org.springframework.beans.factory.UnsatisfiedDependencyException: Error creating bean with name 'jwtTokenFilter': Unsatisfied dependency expressed through field 'customUserDetailsService': Error creating bean with name 'customUserDetailsService': Unsatisfied dependency expressed through field 'profileRepository': Error creating bean with name 'profileRepository' defined in com.example.repository.ProfileRepository defined in @EnableJpaRepositories declared on JpaRepositoriesRegistrar.EnableJpaRepositoriesConfiguration: Cannot resolve reference to bean 'jpaSharedEM_entityManagerFactory' while setting bean property 'entityManager'
	at org.springframework.beans.factory.annotation.AutowiredAnnotationBeanPostProcessor$AutowiredFieldElement.resolveFieldValue(AutowiredAnnotationBeanPostProcessor.java:788)
	at org.springframework.beans.factory.annotation.AutowiredAnnotationBeanPostProcessor$AutowiredFieldElement.inject(AutowiredAnnotationBeanPostProcessor.java:768)
	at org.springframework.beans.factory.annotation.InjectionMetadata.inject(InjectionMetadata.java:146)
	at org.springframework.beans.factory.annotation.AutowiredAnnotationBeanPostProcessor.postProcessProperties(AutowiredAnnotationBeanPostProcessor.java:509)
	at org.springframework.beans.factory.support.AbstractAutowireCapableBeanFactory.populateBean(AbstractAutowireCapableBeanFactory.java:1445)
	at org.springframework.beans.factory.support.AbstractAutowireCapableBeanFactory.doCreateBean(AbstractAutowireCapableBeanFactory.java:600)
	at org.springframework.beans.factory.support.AbstractAutowireCapableBeanFactory.createBean(AbstractAutowireCapableBeanFactory.java:523)
	at org.springframework.beans.factory.support.AbstractBeanFactory.lambda$doGetBean$0(AbstractBeanFactory.java:336)
	at org.springframework.beans.factory.support.DefaultSingletonBeanRegistry.getSingleton(DefaultSingletonBeanRegistry.java:307)
	at org.springframework.beans.factory.support.AbstractBeanFactory.doGetBean(AbstractBeanFactory.java:334)
	at org.springframework.beans.factory.support.AbstractBeanFactory.getBean(AbstractBeanFactory.java:204)
	at org.springframework.boot.web.servlet.ServletContextInitializerBeans.getOrderedBeansOfType(ServletContextInitializerBeans.java:211)
	at org.springframework.boot.web.servlet.ServletContextInitializerBeans.addAsRegistrationBean(ServletContextInitializerBeans.java:174)
	at org.springframework.boot.web.servlet.ServletContextInitializerBeans.addAsRegistrationBean(ServletContextInitializerBeans.java:169)
	at org.springframework.boot.web.servlet.ServletContextInitializerBeans.addAdaptableBeans(ServletContextInitializerBeans.java:154)
	at org.springframework.boot.web.servlet.ServletContextInitializerBeans.<init>(ServletContextInitializerBeans.java:87)
	at org.springframework.boot.web.servlet.context.ServletWebServerApplicationContext.getServletContextInitializerBeans(ServletWebServerApplicationContext.java:266)
	at org.springframework.boot.web.servlet.context.ServletWebServerApplicationContext.selfInitialize(ServletWebServerApplicationContext.java:240)
	at org.springframework.boot.web.embedded.tomcat.TomcatStarter.onStartup(TomcatStarter.java:52)
	at org.apache.catalina.core.StandardContext.startInternal(StandardContext.java:4426)
	at org.apache.catalina.util.LifecycleBase.start(LifecycleBase.java:164)
	at org.apache.catalina.core.ContainerBase$StartChild.call(ContainerBase.java:1203)
	at org.apache.catalina.core.ContainerBase$StartChild.call(ContainerBase.java:1193)
	at java.base/java.util.concurrent.FutureTask.run(FutureTask.java:317)
	at org.apache.tomcat.util.threads.InlineExecutorService.execute(InlineExecutorService.java:75)
	at java.base/java.util.concurrent.AbstractExecutorService.submit(AbstractExecutorService.java:148)
	at org.apache.catalina.core.ContainerBase.startInternal(ContainerBase.java:749)
	at org.apache.catalina.core.StandardHost.startInternal(StandardHost.java:772)
	at org.apache.catalina.util.LifecycleBase.start(LifecycleBase.java:164)
	at org.apache.catalina.core.ContainerBase$StartChild.call(ContainerBase.java:1203)
	at org.apache.catalina.core.ContainerBase$StartChild.call(ContainerBase.java:1193)
	at java.base/java.util.concurrent.FutureTask.run(FutureTask.java:317)
	at org.apache.tomcat.util.threads.InlineExecutorService.execute(InlineExecutorService.java:75)
	at java.base/java.util.concurrent.AbstractExecutorService.submit(AbstractExecutorService.java:148)
	at org.apache.catalina.core.ContainerBase.startInternal(ContainerBase.java:749)
	at org.apache.catalina.core.StandardEngine.startInternal(StandardEngine.java:203)
	at org.apache.catalina.util.LifecycleBase.start(LifecycleBase.java:164)
	at org.apache.catalina.core.StandardService.startInternal(StandardService.java:415)
	at org.apache.catalina.util.LifecycleBase.start(LifecycleBase.java:164)
	at org.apache.catalina.core.StandardServer.startInternal(StandardServer.java:870)
	at org.apache.catalina.util.LifecycleBase.start(LifecycleBase.java:164)
	at org.apache.catalina.startup.Tomcat.start(Tomcat.java:437)
	at org.springframework.boot.web.embedded.tomcat.TomcatWebServer.initialize(TomcatWebServer.java:128)
	... 13 common frames omitted
Caused by: org.springframework.beans.factory.UnsatisfiedDependencyException: Error creating bean with name 'customUserDetailsService': Unsatisfied dependency expressed through field 'profileRepository': Error creating bean with name 'profileRepository' defined in com.example.repository.ProfileRepository defined in @EnableJpaRepositories declared on JpaRepositoriesRegistrar.EnableJpaRepositoriesConfiguration: Cannot resolve reference to bean 'jpaSharedEM_entityManagerFactory' while setting bean property 'entityManager'
	at org.springframework.beans.factory.annotation.AutowiredAnnotationBeanPostProcessor$AutowiredFieldElement.resolveFieldValue(AutowiredAnnotationBeanPostProcessor.java:788)
	at org.springframework.beans.factory.annotation.AutowiredAnnotationBeanPostProcessor$AutowiredFieldElement.inject(AutowiredAnnotationBeanPostProcessor.java:768)
	at org.springframework.beans.factory.annotation.InjectionMetadata.inject(InjectionMetadata.java:146)
	at org.springframework.beans.factory.annotation.AutowiredAnnotationBeanPostProcessor.postProcessProperties(AutowiredAnnotationBeanPostProcessor.java:509)
	at org.springframework.beans.factory.support.AbstractAutowireCapableBeanFactory.populateBean(AbstractAutowireCapableBeanFactory.java:1445)
	at org.springframework.beans.factory.support.AbstractAutowireCapableBeanFactory.doCreateBean(AbstractAutowireCapableBeanFactory.java:600)
	at org.springframework.beans.factory.support.AbstractAutowireCapableBeanFactory.createBean(AbstractAutowireCapableBeanFactory.java:523)
	at org.springframework.beans.factory.support.AbstractBeanFactory.lambda$doGetBean$0(AbstractBeanFactory.java:336)
	at org.springframework.beans.factory.support.DefaultSingletonBeanRegistry.getSingleton(DefaultSingletonBeanRegistry.java:307)
	at org.springframework.beans.factory.support.AbstractBeanFactory.doGetBean(AbstractBeanFactory.java:334)
	at org.springframework.beans.factory.support.AbstractBeanFactory.getBean(AbstractBeanFactory.java:199)
	at org.springframework.beans.factory.support.DefaultListableBeanFactory.doResolveDependency(DefaultListableBeanFactory.java:1573)
	at org.springframework.beans.factory.support.DefaultListableBeanFactory.resolveDependency(DefaultListableBeanFactory.java:1519)
	at org.springframework.beans.factory.annotation.AutowiredAnnotationBeanPostProcessor$AutowiredFieldElement.resolveFieldValue(AutowiredAnnotationBeanPostProcessor.java:785)
	... 55 common frames omitted
Caused by: org.springframework.beans.factory.BeanCreationException: Error creating bean with name 'profileRepository' defined in com.example.repository.ProfileRepository defined in @EnableJpaRepositories declared on JpaRepositoriesRegistrar.EnableJpaRepositoriesConfiguration: Cannot resolve reference to bean 'jpaSharedEM_entityManagerFactory' while setting bean property 'entityManager'
	at org.springframework.beans.factory.support.BeanDefinitionValueResolver.resolveReference(BeanDefinitionValueResolver.java:377)
	at org.springframework.beans.factory.support.BeanDefinitionValueResolver.resolveValueIfNecessary(BeanDefinitionValueResolver.java:135)
	at org.springframework.beans.factory.support.AbstractAutowireCapableBeanFactory.applyPropertyValues(AbstractAutowireCapableBeanFactory.java:1711)
	at org.springframework.beans.factory.support.AbstractAutowireCapableBeanFactory.populateBean(AbstractAutowireCapableBeanFactory.java:1460)
	at org.springframework.beans.factory.support.AbstractAutowireCapableBeanFactory.doCreateBean(AbstractAutowireCapableBeanFactory.java:600)
	at org.springframework.beans.factory.support.AbstractAutowireCapableBeanFactory.createBean(AbstractAutowireCapableBeanFactory.java:523)
	at org.springframework.beans.factory.support.AbstractBeanFactory.lambda$doGetBean$0(AbstractBeanFactory.java:336)
	at org.springframework.beans.factory.support.DefaultSingletonBeanRegistry.getSingleton(DefaultSingletonBeanRegistry.java:307)
	at org.springframework.beans.factory.support.AbstractBeanFactory.doGetBean(AbstractBeanFactory.java:334)
	at org.springframework.beans.factory.support.AbstractBeanFactory.getBean(AbstractBeanFactory.java:199)
	at org.springframework.beans.factory.support.DefaultListableBeanFactory.doResolveDependency(DefaultListableBeanFactory.java:1573)
	at org.springframework.beans.factory.support.DefaultListableBeanFactory.resolveDependency(DefaultListableBeanFactory.java:1519)
	at org.springframework.beans.factory.annotation.AutowiredAnnotationBeanPostProcessor$AutowiredFieldElement.resolveFieldValue(AutowiredAnnotationBeanPostProcessor.java:785)
	... 68 common frames omitted
Caused by: org.springframework.beans.factory.BeanCreationException: Error creating bean with name 'jpaSharedEM_entityManagerFactory': Cannot resolve reference to bean 'entityManagerFactory' while setting constructor argument
	at org.springframework.beans.factory.support.BeanDefinitionValueResolver.resolveReference(BeanDefinitionValueResolver.java:377)
	at org.springframework.beans.factory.support.BeanDefinitionValueResolver.resolveValueIfNecessary(BeanDefinitionValueResolver.java:135)
	at org.springframework.beans.factory.support.ConstructorResolver.resolveConstructorArguments(ConstructorResolver.java:691)
	at org.springframework.beans.factory.support.ConstructorResolver.instantiateUsingFactoryMethod(ConstructorResolver.java:513)
	at org.springframework.beans.factory.support.AbstractAutowireCapableBeanFactory.instantiateUsingFactoryMethod(AbstractAutowireCapableBeanFactory.java:1361)
	at org.springframework.beans.factory.support.AbstractAutowireCapableBeanFactory.createBeanInstance(AbstractAutowireCapableBeanFactory.java:1191)
	at org.springframework.beans.factory.support.AbstractAutowireCapableBeanFactory.doCreateBean(AbstractAutowireCapableBeanFactory.java:563)
	at org.springframework.beans.factory.support.AbstractAutowireCapableBeanFactory.createBean(AbstractAutowireCapableBeanFactory.java:523)
	at org.springframework.beans.factory.support.AbstractBeanFactory.lambda$doGetBean$0(AbstractBeanFactory.java:336)
	at org.springframework.beans.factory.support.DefaultSingletonBeanRegistry.getSingleton(DefaultSingletonBeanRegistry.java:307)
	at org.springframework.beans.factory.support.AbstractBeanFactory.doGetBean(AbstractBeanFactory.java:334)
	at org.springframework.beans.factory.support.AbstractBeanFactory.getBean(AbstractBeanFactory.java:199)
	at org.springframework.beans.factory.support.BeanDefinitionValueResolver.resolveReference(BeanDefinitionValueResolver.java:365)
	... 80 common frames omitted
Caused by: org.springframework.beans.factory.BeanCreationException: Error creating bean with name 'flywayInitializer' defined in class path resource [org/springframework/boot/autoconfigure/flyway/FlywayAutoConfiguration$FlywayConfiguration.class]: Unsupported Database: PostgreSQL 17.2
	at org.springframework.beans.factory.support.AbstractAutowireCapableBeanFactory.initializeBean(AbstractAutowireCapableBeanFactory.java:1812)
	at org.springframework.beans.factory.support.AbstractAutowireCapableBeanFactory.doCreateBean(AbstractAutowireCapableBeanFactory.java:601)
	at org.springframework.beans.factory.support.AbstractAutowireCapableBeanFactory.createBean(AbstractAutowireCapableBeanFactory.java:523)
	at org.springframework.beans.factory.support.AbstractBeanFactory.lambda$doGetBean$0(AbstractBeanFactory.java:336)
	at org.springframework.beans.factory.support.DefaultSingletonBeanRegistry.getSingleton(DefaultSingletonBeanRegistry.java:307)
	at org.springframework.beans.factory.support.AbstractBeanFactory.doGetBean(AbstractBeanFactory.java:334)
	at org.springframework.beans.factory.support.AbstractBeanFactory.getBean(AbstractBeanFactory.java:199)
	at org.springframework.beans.factory.support.AbstractBeanFactory.doGetBean(AbstractBeanFactory.java:312)
	at org.springframework.beans.factory.support.AbstractBeanFactory.getBean(AbstractBeanFactory.java:199)
	at org.springframework.beans.factory.support.BeanDefinitionValueResolver.resolveReference(BeanDefinitionValueResolver.java:365)
	... 92 common frames omitted
Caused by: org.flywaydb.core.api.FlywayException: Unsupported Database: PostgreSQL 17.2
	at org.flywaydb.core.internal.database.DatabaseTypeRegister.lambda$getDatabaseTypeForConnection$7(DatabaseTypeRegister.java:124)
	at java.base/java.util.Optional.orElseThrow(Optional.java:403)
	at org.flywaydb.core.internal.database.DatabaseTypeRegister.getDatabaseTypeForConnection(DatabaseTypeRegister.java:124)
	at org.flywaydb.core.internal.jdbc.JdbcConnectionFactory.<init>(JdbcConnectionFactory.java:77)
	at org.flywaydb.core.FlywayExecutor.execute(FlywayExecutor.java:137)
	at org.flywaydb.core.Flyway.migrate(Flyway.java:176)
	at org.springframework.boot.autoconfigure.flyway.FlywayMigrationInitializer.afterPropertiesSet(FlywayMigrationInitializer.java:66)
	at org.springframework.beans.factory.support.AbstractAutowireCapableBeanFactory.invokeInitMethods(AbstractAutowireCapableBeanFactory.java:1859)
	at org.springframework.beans.factory.support.AbstractAutowireCapableBeanFactory.initializeBean(AbstractAutowireCapableBeanFactory.java:1808)
	... 101 common frames omitted
19 Feb 2025 - 13:37:46.645 - c.example.KunUzPractiseApplication -  INFO  - Starting KunUzPractiseApplication using Java 23.0.1 with PID 7580 (C:\Users\Sanjar\IdeaProjects\kun_uz_practise\target\classes started by Sanjar in C:\Users\Sanjar\IdeaProjects\kun_uz_practise)
19 Feb 2025 - 13:37:46.655 - c.example.KunUzPractiseApplication -  INFO  - The following 1 profile is active: "local"
19 Feb 2025 - 13:37:47.337 - o.s.d.r.c.RepositoryConfigurationDelegate -  INFO  - Bootstrapping Spring Data JPA repositories in DEFAULT mode.
19 Feb 2025 - 13:37:47.419 - o.s.d.r.c.RepositoryConfigurationDelegate -  INFO  - Finished Spring Data repository scanning in 75 ms. Found 14 JPA repository interfaces.
19 Feb 2025 - 13:37:47.928 - o.s.b.w.e.tomcat.TomcatWebServer -  INFO  - Tomcat initialized with port 8080 (http)
19 Feb 2025 - 13:37:47.939 - o.a.catalina.core.StandardService -  INFO  - Starting service [Tomcat]
19 Feb 2025 - 13:37:47.939 - o.a.catalina.core.StandardEngine -  INFO  - Starting Servlet engine: [Apache Tomcat/10.1.34]
19 Feb 2025 - 13:37:47.980 - o.a.c.c.C.[Tomcat].[localhost].[/] -  INFO  - Initializing Spring embedded WebApplicationContext
19 Feb 2025 - 13:37:47.981 - o.s.b.w.s.c.ServletWebServerApplicationContext -  INFO  - Root WebApplicationContext: initialization completed in 1278 ms
19 Feb 2025 - 13:37:48.189 - com.zaxxer.hikari.HikariDataSource -  INFO  - HikariPool-1 - Starting...
19 Feb 2025 - 13:37:48.324 - com.zaxxer.hikari.pool.HikariPool -  INFO  - HikariPool-1 - Added connection org.postgresql.jdbc.PgConnection@4c176ff1
19 Feb 2025 - 13:37:48.326 - com.zaxxer.hikari.HikariDataSource -  INFO  - HikariPool-1 - Start completed.
19 Feb 2025 - 13:37:48.338 - o.s.b.w.e.tomcat.TomcatStarter -  ERROR - Error starting Tomcat context. Exception: org.springframework.beans.factory.UnsatisfiedDependencyException. Message: Error creating bean with name 'jwtTokenFilter': Unsatisfied dependency expressed through field 'customUserDetailsService': Error creating bean with name 'customUserDetailsService': Unsatisfied dependency expressed through field 'profileRepository': Error creating bean with name 'profileRepository' defined in com.example.repository.ProfileRepository defined in @EnableJpaRepositories declared on JpaRepositoriesRegistrar.EnableJpaRepositoriesConfiguration: Cannot resolve reference to bean 'jpaSharedEM_entityManagerFactory' while setting bean property 'entityManager'
19 Feb 2025 - 13:37:48.357 - o.a.catalina.core.StandardService -  INFO  - Stopping service [Tomcat]
19 Feb 2025 - 13:37:48.359 - o.a.c.loader.WebappClassLoaderBase -  WARN  - The web application [ROOT] appears to have started a thread named [HikariPool-1 housekeeper] but has failed to stop it. This is very likely to create a memory leak. Stack trace of thread:
 java.base/jdk.internal.misc.Unsafe.park(Native Method)
 java.base/java.util.concurrent.locks.LockSupport.parkNanos(LockSupport.java:269)
 java.base/java.util.concurrent.locks.AbstractQueuedSynchronizer$ConditionObject.awaitNanos(AbstractQueuedSynchronizer.java:1763)
 java.base/java.util.concurrent.ScheduledThreadPoolExecutor$DelayedWorkQueue.take(ScheduledThreadPoolExecutor.java:1182)
 java.base/java.util.concurrent.ScheduledThreadPoolExecutor$DelayedWorkQueue.take(ScheduledThreadPoolExecutor.java:899)
 java.base/java.util.concurrent.ThreadPoolExecutor.getTask(ThreadPoolExecutor.java:1070)
 java.base/java.util.concurrent.ThreadPoolExecutor.runWorker(ThreadPoolExecutor.java:1130)
 java.base/java.util.concurrent.ThreadPoolExecutor$Worker.run(ThreadPoolExecutor.java:642)
 java.base/java.lang.Thread.run(Thread.java:1575)
19 Feb 2025 - 13:37:48.362 - o.s.b.w.s.c.AnnotationConfigServletWebServerApplicationContext -  WARN  - Exception encountered during context initialization - cancelling refresh attempt: org.springframework.context.ApplicationContextException: Unable to start web server
19 Feb 2025 - 13:37:48.362 - com.zaxxer.hikari.HikariDataSource -  INFO  - HikariPool-1 - Shutdown initiated...
19 Feb 2025 - 13:37:48.364 - com.zaxxer.hikari.HikariDataSource -  INFO  - HikariPool-1 - Shutdown completed.
19 Feb 2025 - 13:37:48.372 - o.s.b.a.l.ConditionEvaluationReportLogger -  INFO  - 

Error starting ApplicationContext. To display the condition evaluation report re-run your application with 'debug' enabled.
19 Feb 2025 - 13:37:48.386 - o.s.boot.SpringApplication -  ERROR - Application run failed
org.springframework.context.ApplicationContextException: Unable to start web server
	at org.springframework.boot.web.servlet.context.ServletWebServerApplicationContext.onRefresh(ServletWebServerApplicationContext.java:165)
	at org.springframework.context.support.AbstractApplicationContext.refresh(AbstractApplicationContext.java:621)
	at org.springframework.boot.web.servlet.context.ServletWebServerApplicationContext.refresh(ServletWebServerApplicationContext.java:146)
	at org.springframework.boot.SpringApplication.refresh(SpringApplication.java:752)
	at org.springframework.boot.SpringApplication.refreshContext(SpringApplication.java:439)
	at org.springframework.boot.SpringApplication.run(SpringApplication.java:318)
	at org.springframework.boot.SpringApplication.run(SpringApplication.java:1361)
	at org.springframework.boot.SpringApplication.run(SpringApplication.java:1350)
	at com.example.KunUzPractiseApplication.main(KunUzPractiseApplication.java:10)
Caused by: org.springframework.boot.web.server.WebServerException: Unable to start embedded Tomcat
	at org.springframework.boot.web.embedded.tomcat.TomcatWebServer.initialize(TomcatWebServer.java:147)
	at org.springframework.boot.web.embedded.tomcat.TomcatWebServer.<init>(TomcatWebServer.java:107)
	at org.springframework.boot.web.embedded.tomcat.TomcatServletWebServerFactory.getTomcatWebServer(TomcatServletWebServerFactory.java:516)
	at org.springframework.boot.web.embedded.tomcat.TomcatServletWebServerFactory.getWebServer(TomcatServletWebServerFactory.java:222)
	at org.springframework.boot.web.servlet.context.ServletWebServerApplicationContext.createWebServer(ServletWebServerApplicationContext.java:188)
	at org.springframework.boot.web.servlet.context.ServletWebServerApplicationContext.onRefresh(ServletWebServerApplicationContext.java:162)
	... 8 common frames omitted
Caused by: org.springframework.beans.factory.UnsatisfiedDependencyException: Error creating bean with name 'jwtTokenFilter': Unsatisfied dependency expressed through field 'customUserDetailsService': Error creating bean with name 'customUserDetailsService': Unsatisfied dependency expressed through field 'profileRepository': Error creating bean with name 'profileRepository' defined in com.example.repository.ProfileRepository defined in @EnableJpaRepositories declared on JpaRepositoriesRegistrar.EnableJpaRepositoriesConfiguration: Cannot resolve reference to bean 'jpaSharedEM_entityManagerFactory' while setting bean property 'entityManager'
	at org.springframework.beans.factory.annotation.AutowiredAnnotationBeanPostProcessor$AutowiredFieldElement.resolveFieldValue(AutowiredAnnotationBeanPostProcessor.java:788)
	at org.springframework.beans.factory.annotation.AutowiredAnnotationBeanPostProcessor$AutowiredFieldElement.inject(AutowiredAnnotationBeanPostProcessor.java:768)
	at org.springframework.beans.factory.annotation.InjectionMetadata.inject(InjectionMetadata.java:146)
	at org.springframework.beans.factory.annotation.AutowiredAnnotationBeanPostProcessor.postProcessProperties(AutowiredAnnotationBeanPostProcessor.java:509)
	at org.springframework.beans.factory.support.AbstractAutowireCapableBeanFactory.populateBean(AbstractAutowireCapableBeanFactory.java:1445)
	at org.springframework.beans.factory.support.AbstractAutowireCapableBeanFactory.doCreateBean(AbstractAutowireCapableBeanFactory.java:600)
	at org.springframework.beans.factory.support.AbstractAutowireCapableBeanFactory.createBean(AbstractAutowireCapableBeanFactory.java:523)
	at org.springframework.beans.factory.support.AbstractBeanFactory.lambda$doGetBean$0(AbstractBeanFactory.java:336)
	at org.springframework.beans.factory.support.DefaultSingletonBeanRegistry.getSingleton(DefaultSingletonBeanRegistry.java:307)
	at org.springframework.beans.factory.support.AbstractBeanFactory.doGetBean(AbstractBeanFactory.java:334)
	at org.springframework.beans.factory.support.AbstractBeanFactory.getBean(AbstractBeanFactory.java:204)
	at org.springframework.boot.web.servlet.ServletContextInitializerBeans.getOrderedBeansOfType(ServletContextInitializerBeans.java:211)
	at org.springframework.boot.web.servlet.ServletContextInitializerBeans.addAsRegistrationBean(ServletContextInitializerBeans.java:174)
	at org.springframework.boot.web.servlet.ServletContextInitializerBeans.addAsRegistrationBean(ServletContextInitializerBeans.java:169)
	at org.springframework.boot.web.servlet.ServletContextInitializerBeans.addAdaptableBeans(ServletContextInitializerBeans.java:154)
	at org.springframework.boot.web.servlet.ServletContextInitializerBeans.<init>(ServletContextInitializerBeans.java:87)
	at org.springframework.boot.web.servlet.context.ServletWebServerApplicationContext.getServletContextInitializerBeans(ServletWebServerApplicationContext.java:266)
	at org.springframework.boot.web.servlet.context.ServletWebServerApplicationContext.selfInitialize(ServletWebServerApplicationContext.java:240)
	at org.springframework.boot.web.embedded.tomcat.TomcatStarter.onStartup(TomcatStarter.java:52)
	at org.apache.catalina.core.StandardContext.startInternal(StandardContext.java:4426)
	at org.apache.catalina.util.LifecycleBase.start(LifecycleBase.java:164)
	at org.apache.catalina.core.ContainerBase$StartChild.call(ContainerBase.java:1203)
	at org.apache.catalina.core.ContainerBase$StartChild.call(ContainerBase.java:1193)
	at java.base/java.util.concurrent.FutureTask.run(FutureTask.java:317)
	at org.apache.tomcat.util.threads.InlineExecutorService.execute(InlineExecutorService.java:75)
	at java.base/java.util.concurrent.AbstractExecutorService.submit(AbstractExecutorService.java:148)
	at org.apache.catalina.core.ContainerBase.startInternal(ContainerBase.java:749)
	at org.apache.catalina.core.StandardHost.startInternal(StandardHost.java:772)
	at org.apache.catalina.util.LifecycleBase.start(LifecycleBase.java:164)
	at org.apache.catalina.core.ContainerBase$StartChild.call(ContainerBase.java:1203)
	at org.apache.catalina.core.ContainerBase$StartChild.call(ContainerBase.java:1193)
	at java.base/java.util.concurrent.FutureTask.run(FutureTask.java:317)
	at org.apache.tomcat.util.threads.InlineExecutorService.execute(InlineExecutorService.java:75)
	at java.base/java.util.concurrent.AbstractExecutorService.submit(AbstractExecutorService.java:148)
	at org.apache.catalina.core.ContainerBase.startInternal(ContainerBase.java:749)
	at org.apache.catalina.core.StandardEngine.startInternal(StandardEngine.java:203)
	at org.apache.catalina.util.LifecycleBase.start(LifecycleBase.java:164)
	at org.apache.catalina.core.StandardService.startInternal(StandardService.java:415)
	at org.apache.catalina.util.LifecycleBase.start(LifecycleBase.java:164)
	at org.apache.catalina.core.StandardServer.startInternal(StandardServer.java:870)
	at org.apache.catalina.util.LifecycleBase.start(LifecycleBase.java:164)
	at org.apache.catalina.startup.Tomcat.start(Tomcat.java:437)
	at org.springframework.boot.web.embedded.tomcat.TomcatWebServer.initialize(TomcatWebServer.java:128)
	... 13 common frames omitted
Caused by: org.springframework.beans.factory.UnsatisfiedDependencyException: Error creating bean with name 'customUserDetailsService': Unsatisfied dependency expressed through field 'profileRepository': Error creating bean with name 'profileRepository' defined in com.example.repository.ProfileRepository defined in @EnableJpaRepositories declared on JpaRepositoriesRegistrar.EnableJpaRepositoriesConfiguration: Cannot resolve reference to bean 'jpaSharedEM_entityManagerFactory' while setting bean property 'entityManager'
	at org.springframework.beans.factory.annotation.AutowiredAnnotationBeanPostProcessor$AutowiredFieldElement.resolveFieldValue(AutowiredAnnotationBeanPostProcessor.java:788)
	at org.springframework.beans.factory.annotation.AutowiredAnnotationBeanPostProcessor$AutowiredFieldElement.inject(AutowiredAnnotationBeanPostProcessor.java:768)
	at org.springframework.beans.factory.annotation.InjectionMetadata.inject(InjectionMetadata.java:146)
	at org.springframework.beans.factory.annotation.AutowiredAnnotationBeanPostProcessor.postProcessProperties(AutowiredAnnotationBeanPostProcessor.java:509)
	at org.springframework.beans.factory.support.AbstractAutowireCapableBeanFactory.populateBean(AbstractAutowireCapableBeanFactory.java:1445)
	at org.springframework.beans.factory.support.AbstractAutowireCapableBeanFactory.doCreateBean(AbstractAutowireCapableBeanFactory.java:600)
	at org.springframework.beans.factory.support.AbstractAutowireCapableBeanFactory.createBean(AbstractAutowireCapableBeanFactory.java:523)
	at org.springframework.beans.factory.support.AbstractBeanFactory.lambda$doGetBean$0(AbstractBeanFactory.java:336)
	at org.springframework.beans.factory.support.DefaultSingletonBeanRegistry.getSingleton(DefaultSingletonBeanRegistry.java:307)
	at org.springframework.beans.factory.support.AbstractBeanFactory.doGetBean(AbstractBeanFactory.java:334)
	at org.springframework.beans.factory.support.AbstractBeanFactory.getBean(AbstractBeanFactory.java:199)
	at org.springframework.beans.factory.support.DefaultListableBeanFactory.doResolveDependency(DefaultListableBeanFactory.java:1573)
	at org.springframework.beans.factory.support.DefaultListableBeanFactory.resolveDependency(DefaultListableBeanFactory.java:1519)
	at org.springframework.beans.factory.annotation.AutowiredAnnotationBeanPostProcessor$AutowiredFieldElement.resolveFieldValue(AutowiredAnnotationBeanPostProcessor.java:785)
	... 55 common frames omitted
Caused by: org.springframework.beans.factory.BeanCreationException: Error creating bean with name 'profileRepository' defined in com.example.repository.ProfileRepository defined in @EnableJpaRepositories declared on JpaRepositoriesRegistrar.EnableJpaRepositoriesConfiguration: Cannot resolve reference to bean 'jpaSharedEM_entityManagerFactory' while setting bean property 'entityManager'
	at org.springframework.beans.factory.support.BeanDefinitionValueResolver.resolveReference(BeanDefinitionValueResolver.java:377)
	at org.springframework.beans.factory.support.BeanDefinitionValueResolver.resolveValueIfNecessary(BeanDefinitionValueResolver.java:135)
	at org.springframework.beans.factory.support.AbstractAutowireCapableBeanFactory.applyPropertyValues(AbstractAutowireCapableBeanFactory.java:1711)
	at org.springframework.beans.factory.support.AbstractAutowireCapableBeanFactory.populateBean(AbstractAutowireCapableBeanFactory.java:1460)
	at org.springframework.beans.factory.support.AbstractAutowireCapableBeanFactory.doCreateBean(AbstractAutowireCapableBeanFactory.java:600)
	at org.springframework.beans.factory.support.AbstractAutowireCapableBeanFactory.createBean(AbstractAutowireCapableBeanFactory.java:523)
	at org.springframework.beans.factory.support.AbstractBeanFactory.lambda$doGetBean$0(AbstractBeanFactory.java:336)
	at org.springframework.beans.factory.support.DefaultSingletonBeanRegistry.getSingleton(DefaultSingletonBeanRegistry.java:307)
	at org.springframework.beans.factory.support.AbstractBeanFactory.doGetBean(AbstractBeanFactory.java:334)
	at org.springframework.beans.factory.support.AbstractBeanFactory.getBean(AbstractBeanFactory.java:199)
	at org.springframework.beans.factory.support.DefaultListableBeanFactory.doResolveDependency(DefaultListableBeanFactory.java:1573)
	at org.springframework.beans.factory.support.DefaultListableBeanFactory.resolveDependency(DefaultListableBeanFactory.java:1519)
	at org.springframework.beans.factory.annotation.AutowiredAnnotationBeanPostProcessor$AutowiredFieldElement.resolveFieldValue(AutowiredAnnotationBeanPostProcessor.java:785)
	... 68 common frames omitted
Caused by: org.springframework.beans.factory.BeanCreationException: Error creating bean with name 'jpaSharedEM_entityManagerFactory': Cannot resolve reference to bean 'entityManagerFactory' while setting constructor argument
	at org.springframework.beans.factory.support.BeanDefinitionValueResolver.resolveReference(BeanDefinitionValueResolver.java:377)
	at org.springframework.beans.factory.support.BeanDefinitionValueResolver.resolveValueIfNecessary(BeanDefinitionValueResolver.java:135)
	at org.springframework.beans.factory.support.ConstructorResolver.resolveConstructorArguments(ConstructorResolver.java:691)
	at org.springframework.beans.factory.support.ConstructorResolver.instantiateUsingFactoryMethod(ConstructorResolver.java:513)
	at org.springframework.beans.factory.support.AbstractAutowireCapableBeanFactory.instantiateUsingFactoryMethod(AbstractAutowireCapableBeanFactory.java:1361)
	at org.springframework.beans.factory.support.AbstractAutowireCapableBeanFactory.createBeanInstance(AbstractAutowireCapableBeanFactory.java:1191)
	at org.springframework.beans.factory.support.AbstractAutowireCapableBeanFactory.doCreateBean(AbstractAutowireCapableBeanFactory.java:563)
	at org.springframework.beans.factory.support.AbstractAutowireCapableBeanFactory.createBean(AbstractAutowireCapableBeanFactory.java:523)
	at org.springframework.beans.factory.support.AbstractBeanFactory.lambda$doGetBean$0(AbstractBeanFactory.java:336)
	at org.springframework.beans.factory.support.DefaultSingletonBeanRegistry.getSingleton(DefaultSingletonBeanRegistry.java:307)
	at org.springframework.beans.factory.support.AbstractBeanFactory.doGetBean(AbstractBeanFactory.java:334)
	at org.springframework.beans.factory.support.AbstractBeanFactory.getBean(AbstractBeanFactory.java:199)
	at org.springframework.beans.factory.support.BeanDefinitionValueResolver.resolveReference(BeanDefinitionValueResolver.java:365)
	... 80 common frames omitted
Caused by: org.springframework.beans.factory.BeanCreationException: Error creating bean with name 'flywayInitializer' defined in class path resource [org/springframework/boot/autoconfigure/flyway/FlywayAutoConfiguration$FlywayConfiguration.class]: Unsupported Database: PostgreSQL 17.2
	at org.springframework.beans.factory.support.AbstractAutowireCapableBeanFactory.initializeBean(AbstractAutowireCapableBeanFactory.java:1812)
	at org.springframework.beans.factory.support.AbstractAutowireCapableBeanFactory.doCreateBean(AbstractAutowireCapableBeanFactory.java:601)
	at org.springframework.beans.factory.support.AbstractAutowireCapableBeanFactory.createBean(AbstractAutowireCapableBeanFactory.java:523)
	at org.springframework.beans.factory.support.AbstractBeanFactory.lambda$doGetBean$0(AbstractBeanFactory.java:336)
	at org.springframework.beans.factory.support.DefaultSingletonBeanRegistry.getSingleton(DefaultSingletonBeanRegistry.java:307)
	at org.springframework.beans.factory.support.AbstractBeanFactory.doGetBean(AbstractBeanFactory.java:334)
	at org.springframework.beans.factory.support.AbstractBeanFactory.getBean(AbstractBeanFactory.java:199)
	at org.springframework.beans.factory.support.AbstractBeanFactory.doGetBean(AbstractBeanFactory.java:312)
	at org.springframework.beans.factory.support.AbstractBeanFactory.getBean(AbstractBeanFactory.java:199)
	at org.springframework.beans.factory.support.BeanDefinitionValueResolver.resolveReference(BeanDefinitionValueResolver.java:365)
	... 92 common frames omitted
Caused by: org.flywaydb.core.api.FlywayException: Unsupported Database: PostgreSQL 17.2
	at org.flywaydb.core.internal.database.DatabaseTypeRegister.lambda$getDatabaseTypeForConnection$7(DatabaseTypeRegister.java:124)
	at java.base/java.util.Optional.orElseThrow(Optional.java:403)
	at org.flywaydb.core.internal.database.DatabaseTypeRegister.getDatabaseTypeForConnection(DatabaseTypeRegister.java:124)
	at org.flywaydb.core.internal.jdbc.JdbcConnectionFactory.<init>(JdbcConnectionFactory.java:77)
	at org.flywaydb.core.FlywayExecutor.execute(FlywayExecutor.java:137)
	at org.flywaydb.core.Flyway.migrate(Flyway.java:176)
	at org.springframework.boot.autoconfigure.flyway.FlywayMigrationInitializer.afterPropertiesSet(FlywayMigrationInitializer.java:66)
	at org.springframework.beans.factory.support.AbstractAutowireCapableBeanFactory.invokeInitMethods(AbstractAutowireCapableBeanFactory.java:1859)
	at org.springframework.beans.factory.support.AbstractAutowireCapableBeanFactory.initializeBean(AbstractAutowireCapableBeanFactory.java:1808)
	... 101 common frames omitted
19 Feb 2025 - 13:40:00.441 - c.example.KunUzPractiseApplication -  INFO  - Starting KunUzPractiseApplication using Java 23.0.1 with PID 17576 (C:\Users\Sanjar\IdeaProjects\kun_uz_practise\target\classes started by Sanjar in C:\Users\Sanjar\IdeaProjects\kun_uz_practise)
19 Feb 2025 - 13:40:00.452 - c.example.KunUzPractiseApplication -  INFO  - The following 1 profile is active: "local"
19 Feb 2025 - 13:40:01.298 - o.s.d.r.c.RepositoryConfigurationDelegate -  INFO  - Bootstrapping Spring Data JPA repositories in DEFAULT mode.
19 Feb 2025 - 13:40:01.405 - o.s.d.r.c.RepositoryConfigurationDelegate -  INFO  - Finished Spring Data repository scanning in 97 ms. Found 14 JPA repository interfaces.
19 Feb 2025 - 13:40:02.072 - o.s.b.w.e.tomcat.TomcatWebServer -  INFO  - Tomcat initialized with port 8080 (http)
19 Feb 2025 - 13:40:02.086 - o.a.catalina.core.StandardService -  INFO  - Starting service [Tomcat]
19 Feb 2025 - 13:40:02.087 - o.a.catalina.core.StandardEngine -  INFO  - Starting Servlet engine: [Apache Tomcat/10.1.34]
19 Feb 2025 - 13:40:02.143 - o.a.c.c.C.[Tomcat].[localhost].[/] -  INFO  - Initializing Spring embedded WebApplicationContext
19 Feb 2025 - 13:40:02.143 - o.s.b.w.s.c.ServletWebServerApplicationContext -  INFO  - Root WebApplicationContext: initialization completed in 1636 ms
19 Feb 2025 - 13:40:02.233 - com.zaxxer.hikari.HikariDataSource -  INFO  - HikariPool-1 - Starting...
19 Feb 2025 - 13:40:02.536 - com.zaxxer.hikari.pool.HikariPool -  INFO  - HikariPool-1 - Added connection org.postgresql.jdbc.PgConnection@706f6d26
19 Feb 2025 - 13:40:02.538 - com.zaxxer.hikari.HikariDataSource -  INFO  - HikariPool-1 - Start completed.
19 Feb 2025 - 13:40:02.650 - o.h.jpa.internal.util.LogHelper -  INFO  - HHH000204: Processing PersistenceUnitInfo [name: default]
19 Feb 2025 - 13:40:02.716 - org.hibernate.Version -  INFO  - HHH000412: Hibernate ORM core version 6.6.5.Final
19 Feb 2025 - 13:40:02.759 - o.h.c.i.RegionFactoryInitiator -  INFO  - HHH000026: Second-level cache disabled
19 Feb 2025 - 13:40:03.088 - o.s.o.j.p.SpringPersistenceUnitInfo -  INFO  - No LoadTimeWeaver setup: ignoring JPA class transformer
19 Feb 2025 - 13:40:03.190 - o.hibernate.orm.connections.pooling -  INFO  - HHH10001005: Database info:
	Database JDBC URL [Connecting through datasource 'HikariDataSource (HikariPool-1)']
	Database driver: undefined/unknown
	Database version: 17.2
	Autocommit mode: undefined/unknown
	Isolation level: undefined/unknown
	Minimum pool size: undefined/unknown
	Maximum pool size: undefined/unknown
19 Feb 2025 - 13:40:04.597 - o.h.e.t.j.p.i.JtaPlatformInitiator -  INFO  - HHH000489: No JTA platform available (set 'hibernate.transaction.jta.platform' to enable JTA platform integration)
19 Feb 2025 - 13:40:05.576 - o.s.o.j.LocalContainerEntityManagerFactoryBean -  INFO  - Initialized JPA EntityManagerFactory for persistence unit 'default'
19 Feb 2025 - 13:40:05.888 - o.s.d.j.r.query.QueryEnhancerFactory -  INFO  - Hibernate is in classpath; If applicable, HQL parser will be used.
19 Feb 2025 - 13:40:08.251 - o.s.b.a.o.j.JpaBaseConfiguration$JpaWebConfiguration -  WARN  - spring.jpa.open-in-view is enabled by default. Therefore, database queries may be performed during view rendering. Explicitly configure spring.jpa.open-in-view to disable this warning
19 Feb 2025 - 13:40:08.324 - o.s.s.c.a.a.c.InitializeAuthenticationProviderBeanManagerConfigurer$InitializeAuthenticationProviderManagerConfigurer -  INFO  - Global AuthenticationManager configured with AuthenticationProvider bean with name authenticationProvider
19 Feb 2025 - 13:40:08.325 - o.s.s.c.a.a.c.InitializeUserDetailsBeanManagerConfigurer$InitializeUserDetailsManagerConfigurer -  WARN  - Global AuthenticationManager configured with an AuthenticationProvider bean. UserDetailsService beans will not be used by Spring Security for automatically configuring username/password login. Consider removing the AuthenticationProvider bean. Alternatively, consider using the UserDetailsService in a manually instantiated DaoAuthenticationProvider. If the current configuration is intentional, to turn off this warning, increase the logging level of 'org.springframework.security.config.annotation.authentication.configuration.InitializeUserDetailsBeanManagerConfigurer' to ERROR
19 Feb 2025 - 13:40:09.622 - o.s.b.w.e.tomcat.TomcatWebServer -  INFO  - Tomcat started on port 8080 (http) with context path '/'
19 Feb 2025 - 13:40:09.637 - c.example.KunUzPractiseApplication -  INFO  - Started KunUzPractiseApplication in 9.67 seconds (process running for 10.451)
19 Feb 2025 - 13:41:09.136 - o.s.b.w.e.tomcat.GracefulShutdown -  INFO  - Commencing graceful shutdown. Waiting for active requests to complete
19 Feb 2025 - 13:41:09.140 - o.s.b.w.e.tomcat.GracefulShutdown -  INFO  - Graceful shutdown complete
19 Feb 2025 - 13:41:09.149 - o.s.o.j.LocalContainerEntityManagerFactoryBean -  INFO  - Closing JPA EntityManagerFactory for persistence unit 'default'
19 Feb 2025 - 13:41:09.151 - com.zaxxer.hikari.HikariDataSource -  INFO  - HikariPool-1 - Shutdown initiated...
19 Feb 2025 - 13:41:09.157 - com.zaxxer.hikari.HikariDataSource -  INFO  - HikariPool-1 - Shutdown completed.
19 Feb 2025 - 13:41:11.570 - c.example.KunUzPractiseApplication -  INFO  - Starting KunUzPractiseApplication using Java 23.0.1 with PID 11712 (C:\Users\Sanjar\IdeaProjects\kun_uz_practise\target\classes started by Sanjar in C:\Users\Sanjar\IdeaProjects\kun_uz_practise)
19 Feb 2025 - 13:41:11.582 - c.example.KunUzPractiseApplication -  INFO  - The following 1 profile is active: "local"
19 Feb 2025 - 13:41:12.406 - o.s.d.r.c.RepositoryConfigurationDelegate -  INFO  - Bootstrapping Spring Data JPA repositories in DEFAULT mode.
19 Feb 2025 - 13:41:12.501 - o.s.d.r.c.RepositoryConfigurationDelegate -  INFO  - Finished Spring Data repository scanning in 81 ms. Found 14 JPA repository interfaces.
19 Feb 2025 - 13:41:13.398 - o.s.b.w.e.tomcat.TomcatWebServer -  INFO  - Tomcat initialized with port 8080 (http)
19 Feb 2025 - 13:41:13.419 - o.a.catalina.core.StandardService -  INFO  - Starting service [Tomcat]
19 Feb 2025 - 13:41:13.420 - o.a.catalina.core.StandardEngine -  INFO  - Starting Servlet engine: [Apache Tomcat/10.1.34]
19 Feb 2025 - 13:41:13.502 - o.a.c.c.C.[Tomcat].[localhost].[/] -  INFO  - Initializing Spring embedded WebApplicationContext
19 Feb 2025 - 13:41:13.503 - o.s.b.w.s.c.ServletWebServerApplicationContext -  INFO  - Root WebApplicationContext: initialization completed in 1864 ms
19 Feb 2025 - 13:41:13.625 - com.zaxxer.hikari.HikariDataSource -  INFO  - HikariPool-1 - Starting...
19 Feb 2025 - 13:41:13.981 - com.zaxxer.hikari.pool.HikariPool -  INFO  - HikariPool-1 - Added connection org.postgresql.jdbc.PgConnection@111c229c
19 Feb 2025 - 13:41:13.984 - com.zaxxer.hikari.HikariDataSource -  INFO  - HikariPool-1 - Start completed.
19 Feb 2025 - 13:41:14.141 - o.h.jpa.internal.util.LogHelper -  INFO  - HHH000204: Processing PersistenceUnitInfo [name: default]
19 Feb 2025 - 13:41:14.218 - org.hibernate.Version -  INFO  - HHH000412: Hibernate ORM core version 6.6.5.Final
19 Feb 2025 - 13:41:14.273 - o.h.c.i.RegionFactoryInitiator -  INFO  - HHH000026: Second-level cache disabled
19 Feb 2025 - 13:41:14.624 - o.s.o.j.p.SpringPersistenceUnitInfo -  INFO  - No LoadTimeWeaver setup: ignoring JPA class transformer
19 Feb 2025 - 13:41:14.719 - o.hibernate.orm.connections.pooling -  INFO  - HHH10001005: Database info:
	Database JDBC URL [Connecting through datasource 'HikariDataSource (HikariPool-1)']
	Database driver: undefined/unknown
	Database version: 17.2
	Autocommit mode: undefined/unknown
	Isolation level: undefined/unknown
	Minimum pool size: undefined/unknown
	Maximum pool size: undefined/unknown
19 Feb 2025 - 13:41:15.870 - o.h.e.t.j.p.i.JtaPlatformInitiator -  INFO  - HHH000489: No JTA platform available (set 'hibernate.transaction.jta.platform' to enable JTA platform integration)
19 Feb 2025 - 13:41:16.533 - o.s.o.j.LocalContainerEntityManagerFactoryBean -  INFO  - Initialized JPA EntityManagerFactory for persistence unit 'default'
19 Feb 2025 - 13:41:16.808 - o.s.d.j.r.query.QueryEnhancerFactory -  INFO  - Hibernate is in classpath; If applicable, HQL parser will be used.
19 Feb 2025 - 13:41:18.219 - o.s.b.a.o.j.JpaBaseConfiguration$JpaWebConfiguration -  WARN  - spring.jpa.open-in-view is enabled by default. Therefore, database queries may be performed during view rendering. Explicitly configure spring.jpa.open-in-view to disable this warning
19 Feb 2025 - 13:41:18.248 - o.s.s.c.a.a.c.InitializeAuthenticationProviderBeanManagerConfigurer$InitializeAuthenticationProviderManagerConfigurer -  INFO  - Global AuthenticationManager configured with AuthenticationProvider bean with name authenticationProvider
19 Feb 2025 - 13:41:18.249 - o.s.s.c.a.a.c.InitializeUserDetailsBeanManagerConfigurer$InitializeUserDetailsManagerConfigurer -  WARN  - Global AuthenticationManager configured with an AuthenticationProvider bean. UserDetailsService beans will not be used by Spring Security for automatically configuring username/password login. Consider removing the AuthenticationProvider bean. Alternatively, consider using the UserDetailsService in a manually instantiated DaoAuthenticationProvider. If the current configuration is intentional, to turn off this warning, increase the logging level of 'org.springframework.security.config.annotation.authentication.configuration.InitializeUserDetailsBeanManagerConfigurer' to ERROR
19 Feb 2025 - 13:41:18.824 - o.s.b.w.e.tomcat.TomcatWebServer -  INFO  - Tomcat started on port 8080 (http) with context path '/'
19 Feb 2025 - 13:41:18.830 - c.example.KunUzPractiseApplication -  INFO  - Started KunUzPractiseApplication in 7.764 seconds (process running for 8.449)
19 Feb 2025 - 13:42:11.355 - o.s.b.w.e.tomcat.GracefulShutdown -  INFO  - Commencing graceful shutdown. Waiting for active requests to complete
19 Feb 2025 - 13:42:11.360 - o.s.b.w.e.tomcat.GracefulShutdown -  INFO  - Graceful shutdown complete
19 Feb 2025 - 13:42:11.366 - o.s.o.j.LocalContainerEntityManagerFactoryBean -  INFO  - Closing JPA EntityManagerFactory for persistence unit 'default'
19 Feb 2025 - 13:42:11.369 - com.zaxxer.hikari.HikariDataSource -  INFO  - HikariPool-1 - Shutdown initiated...
19 Feb 2025 - 13:42:11.373 - com.zaxxer.hikari.HikariDataSource -  INFO  - HikariPool-1 - Shutdown completed.
19 Feb 2025 - 13:42:14.786 - c.example.KunUzPractiseApplication -  INFO  - Starting KunUzPractiseApplication using Java 23.0.1 with PID 17456 (C:\Users\Sanjar\IdeaProjects\kun_uz_practise\target\classes started by Sanjar in C:\Users\Sanjar\IdeaProjects\kun_uz_practise)
19 Feb 2025 - 13:42:14.798 - c.example.KunUzPractiseApplication -  INFO  - The following 1 profile is active: "local"
19 Feb 2025 - 13:42:15.488 - o.s.d.r.c.RepositoryConfigurationDelegate -  INFO  - Bootstrapping Spring Data JPA repositories in DEFAULT mode.
19 Feb 2025 - 13:42:15.576 - o.s.d.r.c.RepositoryConfigurationDelegate -  INFO  - Finished Spring Data repository scanning in 79 ms. Found 14 JPA repository interfaces.
19 Feb 2025 - 13:42:16.085 - o.s.b.w.e.tomcat.TomcatWebServer -  INFO  - Tomcat initialized with port 8080 (http)
19 Feb 2025 - 13:42:16.105 - o.a.catalina.core.StandardService -  INFO  - Starting service [Tomcat]
19 Feb 2025 - 13:42:16.105 - o.a.catalina.core.StandardEngine -  INFO  - Starting Servlet engine: [Apache Tomcat/10.1.34]
19 Feb 2025 - 13:42:16.149 - o.a.c.c.C.[Tomcat].[localhost].[/] -  INFO  - Initializing Spring embedded WebApplicationContext
19 Feb 2025 - 13:42:16.149 - o.s.b.w.s.c.ServletWebServerApplicationContext -  INFO  - Root WebApplicationContext: initialization completed in 1301 ms
19 Feb 2025 - 13:42:16.221 - com.zaxxer.hikari.HikariDataSource -  INFO  - HikariPool-1 - Starting...
19 Feb 2025 - 13:42:16.386 - com.zaxxer.hikari.pool.HikariPool -  INFO  - HikariPool-1 - Added connection org.postgresql.jdbc.PgConnection@111c229c
19 Feb 2025 - 13:42:16.388 - com.zaxxer.hikari.HikariDataSource -  INFO  - HikariPool-1 - Start completed.
19 Feb 2025 - 13:42:16.467 - o.h.jpa.internal.util.LogHelper -  INFO  - HHH000204: Processing PersistenceUnitInfo [name: default]
19 Feb 2025 - 13:42:16.518 - org.hibernate.Version -  INFO  - HHH000412: Hibernate ORM core version 6.6.5.Final
19 Feb 2025 - 13:42:16.547 - o.h.c.i.RegionFactoryInitiator -  INFO  - HHH000026: Second-level cache disabled
19 Feb 2025 - 13:42:16.794 - o.s.o.j.p.SpringPersistenceUnitInfo -  INFO  - No LoadTimeWeaver setup: ignoring JPA class transformer
19 Feb 2025 - 13:42:16.870 - o.hibernate.orm.connections.pooling -  INFO  - HHH10001005: Database info:
	Database JDBC URL [Connecting through datasource 'HikariDataSource (HikariPool-1)']
	Database driver: undefined/unknown
	Database version: 17.2
	Autocommit mode: undefined/unknown
	Isolation level: undefined/unknown
	Minimum pool size: undefined/unknown
	Maximum pool size: undefined/unknown
19 Feb 2025 - 13:42:17.977 - o.h.e.t.j.p.i.JtaPlatformInitiator -  INFO  - HHH000489: No JTA platform available (set 'hibernate.transaction.jta.platform' to enable JTA platform integration)
19 Feb 2025 - 13:42:18.643 - o.s.o.j.LocalContainerEntityManagerFactoryBean -  INFO  - Initialized JPA EntityManagerFactory for persistence unit 'default'
19 Feb 2025 - 13:42:18.907 - o.s.d.j.r.query.QueryEnhancerFactory -  INFO  - Hibernate is in classpath; If applicable, HQL parser will be used.
19 Feb 2025 - 13:42:20.323 - o.s.b.a.o.j.JpaBaseConfiguration$JpaWebConfiguration -  WARN  - spring.jpa.open-in-view is enabled by default. Therefore, database queries may be performed during view rendering. Explicitly configure spring.jpa.open-in-view to disable this warning
19 Feb 2025 - 13:42:20.352 - o.s.s.c.a.a.c.InitializeAuthenticationProviderBeanManagerConfigurer$InitializeAuthenticationProviderManagerConfigurer -  INFO  - Global AuthenticationManager configured with AuthenticationProvider bean with name authenticationProvider
19 Feb 2025 - 13:42:20.352 - o.s.s.c.a.a.c.InitializeUserDetailsBeanManagerConfigurer$InitializeUserDetailsManagerConfigurer -  WARN  - Global AuthenticationManager configured with an AuthenticationProvider bean. UserDetailsService beans will not be used by Spring Security for automatically configuring username/password login. Consider removing the AuthenticationProvider bean. Alternatively, consider using the UserDetailsService in a manually instantiated DaoAuthenticationProvider. If the current configuration is intentional, to turn off this warning, increase the logging level of 'org.springframework.security.config.annotation.authentication.configuration.InitializeUserDetailsBeanManagerConfigurer' to ERROR
19 Feb 2025 - 13:42:20.925 - o.s.b.w.e.tomcat.TomcatWebServer -  INFO  - Tomcat started on port 8080 (http) with context path '/'
19 Feb 2025 - 13:42:20.930 - c.example.KunUzPractiseApplication -  INFO  - Started KunUzPractiseApplication in 6.563 seconds (process running for 7.348)
19 Feb 2025 - 13:42:49.073 - o.s.b.w.e.tomcat.GracefulShutdown -  INFO  - Commencing graceful shutdown. Waiting for active requests to complete
19 Feb 2025 - 13:42:49.079 - o.s.b.w.e.tomcat.GracefulShutdown -  INFO  - Graceful shutdown complete
19 Feb 2025 - 13:42:49.086 - o.s.o.j.LocalContainerEntityManagerFactoryBean -  INFO  - Closing JPA EntityManagerFactory for persistence unit 'default'
19 Feb 2025 - 13:42:49.089 - com.zaxxer.hikari.HikariDataSource -  INFO  - HikariPool-1 - Shutdown initiated...
19 Feb 2025 - 13:42:49.096 - com.zaxxer.hikari.HikariDataSource -  INFO  - HikariPool-1 - Shutdown completed.
19 Feb 2025 - 13:42:51.351 - c.example.KunUzPractiseApplication -  INFO  - Starting KunUzPractiseApplication using Java 23.0.1 with PID 16568 (C:\Users\Sanjar\IdeaProjects\kun_uz_practise\target\classes started by Sanjar in C:\Users\Sanjar\IdeaProjects\kun_uz_practise)
19 Feb 2025 - 13:42:51.365 - c.example.KunUzPractiseApplication -  INFO  - The following 1 profile is active: "local"
19 Feb 2025 - 13:42:52.158 - o.s.d.r.c.RepositoryConfigurationDelegate -  INFO  - Bootstrapping Spring Data JPA repositories in DEFAULT mode.
19 Feb 2025 - 13:42:52.249 - o.s.d.r.c.RepositoryConfigurationDelegate -  INFO  - Finished Spring Data repository scanning in 82 ms. Found 14 JPA repository interfaces.
19 Feb 2025 - 13:42:52.771 - o.s.b.w.e.tomcat.TomcatWebServer -  INFO  - Tomcat initialized with port 8080 (http)
19 Feb 2025 - 13:42:52.783 - o.a.catalina.core.StandardService -  INFO  - Starting service [Tomcat]
19 Feb 2025 - 13:42:52.784 - o.a.catalina.core.StandardEngine -  INFO  - Starting Servlet engine: [Apache Tomcat/10.1.34]
19 Feb 2025 - 13:42:52.827 - o.a.c.c.C.[Tomcat].[localhost].[/] -  INFO  - Initializing Spring embedded WebApplicationContext
19 Feb 2025 - 13:42:52.827 - o.s.b.w.s.c.ServletWebServerApplicationContext -  INFO  - Root WebApplicationContext: initialization completed in 1407 ms
19 Feb 2025 - 13:42:52.891 - com.zaxxer.hikari.HikariDataSource -  INFO  - HikariPool-1 - Starting...
19 Feb 2025 - 13:42:53.145 - com.zaxxer.hikari.pool.HikariPool -  INFO  - HikariPool-1 - Added connection org.postgresql.jdbc.PgConnection@111c229c
19 Feb 2025 - 13:42:53.146 - com.zaxxer.hikari.HikariDataSource -  INFO  - HikariPool-1 - Start completed.
19 Feb 2025 - 13:42:53.225 - o.h.jpa.internal.util.LogHelper -  INFO  - HHH000204: Processing PersistenceUnitInfo [name: default]
19 Feb 2025 - 13:42:53.275 - org.hibernate.Version -  INFO  - HHH000412: Hibernate ORM core version 6.6.5.Final
19 Feb 2025 - 13:42:53.305 - o.h.c.i.RegionFactoryInitiator -  INFO  - HHH000026: Second-level cache disabled
19 Feb 2025 - 13:42:53.554 - o.s.o.j.p.SpringPersistenceUnitInfo -  INFO  - No LoadTimeWeaver setup: ignoring JPA class transformer
19 Feb 2025 - 13:42:53.637 - o.hibernate.orm.connections.pooling -  INFO  - HHH10001005: Database info:
	Database JDBC URL [Connecting through datasource 'HikariDataSource (HikariPool-1)']
	Database driver: undefined/unknown
	Database version: 17.2
	Autocommit mode: undefined/unknown
	Isolation level: undefined/unknown
	Minimum pool size: undefined/unknown
	Maximum pool size: undefined/unknown
19 Feb 2025 - 13:42:54.767 - o.h.e.t.j.p.i.JtaPlatformInitiator -  INFO  - HHH000489: No JTA platform available (set 'hibernate.transaction.jta.platform' to enable JTA platform integration)
19 Feb 2025 - 13:42:55.471 - o.s.o.j.LocalContainerEntityManagerFactoryBean -  INFO  - Initialized JPA EntityManagerFactory for persistence unit 'default'
19 Feb 2025 - 13:42:55.772 - o.s.d.j.r.query.QueryEnhancerFactory -  INFO  - Hibernate is in classpath; If applicable, HQL parser will be used.
19 Feb 2025 - 13:42:57.269 - o.s.b.a.o.j.JpaBaseConfiguration$JpaWebConfiguration -  WARN  - spring.jpa.open-in-view is enabled by default. Therefore, database queries may be performed during view rendering. Explicitly configure spring.jpa.open-in-view to disable this warning
19 Feb 2025 - 13:42:57.301 - o.s.s.c.a.a.c.InitializeAuthenticationProviderBeanManagerConfigurer$InitializeAuthenticationProviderManagerConfigurer -  INFO  - Global AuthenticationManager configured with AuthenticationProvider bean with name authenticationProvider
19 Feb 2025 - 13:42:57.301 - o.s.s.c.a.a.c.InitializeUserDetailsBeanManagerConfigurer$InitializeUserDetailsManagerConfigurer -  WARN  - Global AuthenticationManager configured with an AuthenticationProvider bean. UserDetailsService beans will not be used by Spring Security for automatically configuring username/password login. Consider removing the AuthenticationProvider bean. Alternatively, consider using the UserDetailsService in a manually instantiated DaoAuthenticationProvider. If the current configuration is intentional, to turn off this warning, increase the logging level of 'org.springframework.security.config.annotation.authentication.configuration.InitializeUserDetailsBeanManagerConfigurer' to ERROR
19 Feb 2025 - 13:42:57.883 - o.s.b.w.e.tomcat.TomcatWebServer -  INFO  - Tomcat started on port 8080 (http) with context path '/'
19 Feb 2025 - 13:42:57.891 - c.example.KunUzPractiseApplication -  INFO  - Started KunUzPractiseApplication in 7.04 seconds (process running for 7.835)
19 Feb 2025 - 13:43:47.619 - o.s.b.w.e.tomcat.GracefulShutdown -  INFO  - Commencing graceful shutdown. Waiting for active requests to complete
19 Feb 2025 - 13:43:47.623 - o.s.b.w.e.tomcat.GracefulShutdown -  INFO  - Graceful shutdown complete
19 Feb 2025 - 13:43:47.630 - o.s.o.j.LocalContainerEntityManagerFactoryBean -  INFO  - Closing JPA EntityManagerFactory for persistence unit 'default'
19 Feb 2025 - 13:43:47.633 - com.zaxxer.hikari.HikariDataSource -  INFO  - HikariPool-1 - Shutdown initiated...
19 Feb 2025 - 13:43:47.637 - com.zaxxer.hikari.HikariDataSource -  INFO  - HikariPool-1 - Shutdown completed.
19 Feb 2025 - 13:43:56.820 - c.example.KunUzPractiseApplication -  INFO  - Starting KunUzPractiseApplication using Java 23.0.1 with PID 5084 (C:\Users\Sanjar\IdeaProjects\kun_uz_practise\target\classes started by Sanjar in C:\Users\Sanjar\IdeaProjects\kun_uz_practise)
19 Feb 2025 - 13:43:56.831 - c.example.KunUzPractiseApplication -  INFO  - The following 1 profile is active: "local"
19 Feb 2025 - 13:43:57.564 - o.s.d.r.c.RepositoryConfigurationDelegate -  INFO  - Bootstrapping Spring Data JPA repositories in DEFAULT mode.
19 Feb 2025 - 13:43:57.664 - o.s.d.r.c.RepositoryConfigurationDelegate -  INFO  - Finished Spring Data repository scanning in 88 ms. Found 14 JPA repository interfaces.
19 Feb 2025 - 13:43:58.214 - o.s.b.w.e.tomcat.TomcatWebServer -  INFO  - Tomcat initialized with port 8080 (http)
19 Feb 2025 - 13:43:58.227 - o.a.catalina.core.StandardService -  INFO  - Starting service [Tomcat]
19 Feb 2025 - 13:43:58.227 - o.a.catalina.core.StandardEngine -  INFO  - Starting Servlet engine: [Apache Tomcat/10.1.34]
19 Feb 2025 - 13:43:58.277 - o.a.c.c.C.[Tomcat].[localhost].[/] -  INFO  - Initializing Spring embedded WebApplicationContext
19 Feb 2025 - 13:43:58.277 - o.s.b.w.s.c.ServletWebServerApplicationContext -  INFO  - Root WebApplicationContext: initialization completed in 1389 ms
19 Feb 2025 - 13:43:58.502 - com.zaxxer.hikari.HikariDataSource -  INFO  - HikariPool-1 - Starting...
19 Feb 2025 - 13:43:58.643 - com.zaxxer.hikari.pool.HikariPool -  INFO  - HikariPool-1 - Added connection org.postgresql.jdbc.PgConnection@27c53c32
19 Feb 2025 - 13:43:58.645 - com.zaxxer.hikari.HikariDataSource -  INFO  - HikariPool-1 - Start completed.
19 Feb 2025 - 13:43:58.657 - o.s.b.w.e.tomcat.TomcatStarter -  ERROR - Error starting Tomcat context. Exception: org.springframework.beans.factory.UnsatisfiedDependencyException. Message: Error creating bean with name 'jwtTokenFilter': Unsatisfied dependency expressed through field 'customUserDetailsService': Error creating bean with name 'customUserDetailsService': Unsatisfied dependency expressed through field 'profileRepository': Error creating bean with name 'profileRepository' defined in com.example.repository.ProfileRepository defined in @EnableJpaRepositories declared on JpaRepositoriesRegistrar.EnableJpaRepositoriesConfiguration: Cannot resolve reference to bean 'jpaSharedEM_entityManagerFactory' while setting bean property 'entityManager'
19 Feb 2025 - 13:43:58.676 - o.a.catalina.core.StandardService -  INFO  - Stopping service [Tomcat]
19 Feb 2025 - 13:43:58.678 - o.a.c.loader.WebappClassLoaderBase -  WARN  - The web application [ROOT] appears to have started a thread named [HikariPool-1 housekeeper] but has failed to stop it. This is very likely to create a memory leak. Stack trace of thread:
 java.base/jdk.internal.misc.Unsafe.park(Native Method)
 java.base/java.util.concurrent.locks.LockSupport.parkNanos(LockSupport.java:269)
 java.base/java.util.concurrent.locks.AbstractQueuedSynchronizer$ConditionObject.awaitNanos(AbstractQueuedSynchronizer.java:1763)
 java.base/java.util.concurrent.ScheduledThreadPoolExecutor$DelayedWorkQueue.take(ScheduledThreadPoolExecutor.java:1182)
 java.base/java.util.concurrent.ScheduledThreadPoolExecutor$DelayedWorkQueue.take(ScheduledThreadPoolExecutor.java:899)
 java.base/java.util.concurrent.ThreadPoolExecutor.getTask(ThreadPoolExecutor.java:1070)
 java.base/java.util.concurrent.ThreadPoolExecutor.runWorker(ThreadPoolExecutor.java:1130)
 java.base/java.util.concurrent.ThreadPoolExecutor$Worker.run(ThreadPoolExecutor.java:642)
 java.base/java.lang.Thread.run(Thread.java:1575)
19 Feb 2025 - 13:43:58.680 - o.s.b.w.s.c.AnnotationConfigServletWebServerApplicationContext -  WARN  - Exception encountered during context initialization - cancelling refresh attempt: org.springframework.context.ApplicationContextException: Unable to start web server
19 Feb 2025 - 13:43:58.680 - com.zaxxer.hikari.HikariDataSource -  INFO  - HikariPool-1 - Shutdown initiated...
19 Feb 2025 - 13:43:58.683 - com.zaxxer.hikari.HikariDataSource -  INFO  - HikariPool-1 - Shutdown completed.
19 Feb 2025 - 13:43:58.691 - o.s.b.a.l.ConditionEvaluationReportLogger -  INFO  - 

Error starting ApplicationContext. To display the condition evaluation report re-run your application with 'debug' enabled.
19 Feb 2025 - 13:43:58.706 - o.s.boot.SpringApplication -  ERROR - Application run failed
org.springframework.context.ApplicationContextException: Unable to start web server
	at org.springframework.boot.web.servlet.context.ServletWebServerApplicationContext.onRefresh(ServletWebServerApplicationContext.java:165)
	at org.springframework.context.support.AbstractApplicationContext.refresh(AbstractApplicationContext.java:621)
	at org.springframework.boot.web.servlet.context.ServletWebServerApplicationContext.refresh(ServletWebServerApplicationContext.java:146)
	at org.springframework.boot.SpringApplication.refresh(SpringApplication.java:752)
	at org.springframework.boot.SpringApplication.refreshContext(SpringApplication.java:439)
	at org.springframework.boot.SpringApplication.run(SpringApplication.java:318)
	at org.springframework.boot.SpringApplication.run(SpringApplication.java:1361)
	at org.springframework.boot.SpringApplication.run(SpringApplication.java:1350)
	at com.example.KunUzPractiseApplication.main(KunUzPractiseApplication.java:10)
Caused by: org.springframework.boot.web.server.WebServerException: Unable to start embedded Tomcat
	at org.springframework.boot.web.embedded.tomcat.TomcatWebServer.initialize(TomcatWebServer.java:147)
	at org.springframework.boot.web.embedded.tomcat.TomcatWebServer.<init>(TomcatWebServer.java:107)
	at org.springframework.boot.web.embedded.tomcat.TomcatServletWebServerFactory.getTomcatWebServer(TomcatServletWebServerFactory.java:516)
	at org.springframework.boot.web.embedded.tomcat.TomcatServletWebServerFactory.getWebServer(TomcatServletWebServerFactory.java:222)
	at org.springframework.boot.web.servlet.context.ServletWebServerApplicationContext.createWebServer(ServletWebServerApplicationContext.java:188)
	at org.springframework.boot.web.servlet.context.ServletWebServerApplicationContext.onRefresh(ServletWebServerApplicationContext.java:162)
	... 8 common frames omitted
Caused by: org.springframework.beans.factory.UnsatisfiedDependencyException: Error creating bean with name 'jwtTokenFilter': Unsatisfied dependency expressed through field 'customUserDetailsService': Error creating bean with name 'customUserDetailsService': Unsatisfied dependency expressed through field 'profileRepository': Error creating bean with name 'profileRepository' defined in com.example.repository.ProfileRepository defined in @EnableJpaRepositories declared on JpaRepositoriesRegistrar.EnableJpaRepositoriesConfiguration: Cannot resolve reference to bean 'jpaSharedEM_entityManagerFactory' while setting bean property 'entityManager'
	at org.springframework.beans.factory.annotation.AutowiredAnnotationBeanPostProcessor$AutowiredFieldElement.resolveFieldValue(AutowiredAnnotationBeanPostProcessor.java:788)
	at org.springframework.beans.factory.annotation.AutowiredAnnotationBeanPostProcessor$AutowiredFieldElement.inject(AutowiredAnnotationBeanPostProcessor.java:768)
	at org.springframework.beans.factory.annotation.InjectionMetadata.inject(InjectionMetadata.java:146)
	at org.springframework.beans.factory.annotation.AutowiredAnnotationBeanPostProcessor.postProcessProperties(AutowiredAnnotationBeanPostProcessor.java:509)
	at org.springframework.beans.factory.support.AbstractAutowireCapableBeanFactory.populateBean(AbstractAutowireCapableBeanFactory.java:1445)
	at org.springframework.beans.factory.support.AbstractAutowireCapableBeanFactory.doCreateBean(AbstractAutowireCapableBeanFactory.java:600)
	at org.springframework.beans.factory.support.AbstractAutowireCapableBeanFactory.createBean(AbstractAutowireCapableBeanFactory.java:523)
	at org.springframework.beans.factory.support.AbstractBeanFactory.lambda$doGetBean$0(AbstractBeanFactory.java:336)
	at org.springframework.beans.factory.support.DefaultSingletonBeanRegistry.getSingleton(DefaultSingletonBeanRegistry.java:307)
	at org.springframework.beans.factory.support.AbstractBeanFactory.doGetBean(AbstractBeanFactory.java:334)
	at org.springframework.beans.factory.support.AbstractBeanFactory.getBean(AbstractBeanFactory.java:204)
	at org.springframework.boot.web.servlet.ServletContextInitializerBeans.getOrderedBeansOfType(ServletContextInitializerBeans.java:211)
	at org.springframework.boot.web.servlet.ServletContextInitializerBeans.addAsRegistrationBean(ServletContextInitializerBeans.java:174)
	at org.springframework.boot.web.servlet.ServletContextInitializerBeans.addAsRegistrationBean(ServletContextInitializerBeans.java:169)
	at org.springframework.boot.web.servlet.ServletContextInitializerBeans.addAdaptableBeans(ServletContextInitializerBeans.java:154)
	at org.springframework.boot.web.servlet.ServletContextInitializerBeans.<init>(ServletContextInitializerBeans.java:87)
	at org.springframework.boot.web.servlet.context.ServletWebServerApplicationContext.getServletContextInitializerBeans(ServletWebServerApplicationContext.java:266)
	at org.springframework.boot.web.servlet.context.ServletWebServerApplicationContext.selfInitialize(ServletWebServerApplicationContext.java:240)
	at org.springframework.boot.web.embedded.tomcat.TomcatStarter.onStartup(TomcatStarter.java:52)
	at org.apache.catalina.core.StandardContext.startInternal(StandardContext.java:4426)
	at org.apache.catalina.util.LifecycleBase.start(LifecycleBase.java:164)
	at org.apache.catalina.core.ContainerBase$StartChild.call(ContainerBase.java:1203)
	at org.apache.catalina.core.ContainerBase$StartChild.call(ContainerBase.java:1193)
	at java.base/java.util.concurrent.FutureTask.run(FutureTask.java:317)
	at org.apache.tomcat.util.threads.InlineExecutorService.execute(InlineExecutorService.java:75)
	at java.base/java.util.concurrent.AbstractExecutorService.submit(AbstractExecutorService.java:148)
	at org.apache.catalina.core.ContainerBase.startInternal(ContainerBase.java:749)
	at org.apache.catalina.core.StandardHost.startInternal(StandardHost.java:772)
	at org.apache.catalina.util.LifecycleBase.start(LifecycleBase.java:164)
	at org.apache.catalina.core.ContainerBase$StartChild.call(ContainerBase.java:1203)
	at org.apache.catalina.core.ContainerBase$StartChild.call(ContainerBase.java:1193)
	at java.base/java.util.concurrent.FutureTask.run(FutureTask.java:317)
	at org.apache.tomcat.util.threads.InlineExecutorService.execute(InlineExecutorService.java:75)
	at java.base/java.util.concurrent.AbstractExecutorService.submit(AbstractExecutorService.java:148)
	at org.apache.catalina.core.ContainerBase.startInternal(ContainerBase.java:749)
	at org.apache.catalina.core.StandardEngine.startInternal(StandardEngine.java:203)
	at org.apache.catalina.util.LifecycleBase.start(LifecycleBase.java:164)
	at org.apache.catalina.core.StandardService.startInternal(StandardService.java:415)
	at org.apache.catalina.util.LifecycleBase.start(LifecycleBase.java:164)
	at org.apache.catalina.core.StandardServer.startInternal(StandardServer.java:870)
	at org.apache.catalina.util.LifecycleBase.start(LifecycleBase.java:164)
	at org.apache.catalina.startup.Tomcat.start(Tomcat.java:437)
	at org.springframework.boot.web.embedded.tomcat.TomcatWebServer.initialize(TomcatWebServer.java:128)
	... 13 common frames omitted
Caused by: org.springframework.beans.factory.UnsatisfiedDependencyException: Error creating bean with name 'customUserDetailsService': Unsatisfied dependency expressed through field 'profileRepository': Error creating bean with name 'profileRepository' defined in com.example.repository.ProfileRepository defined in @EnableJpaRepositories declared on JpaRepositoriesRegistrar.EnableJpaRepositoriesConfiguration: Cannot resolve reference to bean 'jpaSharedEM_entityManagerFactory' while setting bean property 'entityManager'
	at org.springframework.beans.factory.annotation.AutowiredAnnotationBeanPostProcessor$AutowiredFieldElement.resolveFieldValue(AutowiredAnnotationBeanPostProcessor.java:788)
	at org.springframework.beans.factory.annotation.AutowiredAnnotationBeanPostProcessor$AutowiredFieldElement.inject(AutowiredAnnotationBeanPostProcessor.java:768)
	at org.springframework.beans.factory.annotation.InjectionMetadata.inject(InjectionMetadata.java:146)
	at org.springframework.beans.factory.annotation.AutowiredAnnotationBeanPostProcessor.postProcessProperties(AutowiredAnnotationBeanPostProcessor.java:509)
	at org.springframework.beans.factory.support.AbstractAutowireCapableBeanFactory.populateBean(AbstractAutowireCapableBeanFactory.java:1445)
	at org.springframework.beans.factory.support.AbstractAutowireCapableBeanFactory.doCreateBean(AbstractAutowireCapableBeanFactory.java:600)
	at org.springframework.beans.factory.support.AbstractAutowireCapableBeanFactory.createBean(AbstractAutowireCapableBeanFactory.java:523)
	at org.springframework.beans.factory.support.AbstractBeanFactory.lambda$doGetBean$0(AbstractBeanFactory.java:336)
	at org.springframework.beans.factory.support.DefaultSingletonBeanRegistry.getSingleton(DefaultSingletonBeanRegistry.java:307)
	at org.springframework.beans.factory.support.AbstractBeanFactory.doGetBean(AbstractBeanFactory.java:334)
	at org.springframework.beans.factory.support.AbstractBeanFactory.getBean(AbstractBeanFactory.java:199)
	at org.springframework.beans.factory.support.DefaultListableBeanFactory.doResolveDependency(DefaultListableBeanFactory.java:1573)
	at org.springframework.beans.factory.support.DefaultListableBeanFactory.resolveDependency(DefaultListableBeanFactory.java:1519)
	at org.springframework.beans.factory.annotation.AutowiredAnnotationBeanPostProcessor$AutowiredFieldElement.resolveFieldValue(AutowiredAnnotationBeanPostProcessor.java:785)
	... 55 common frames omitted
Caused by: org.springframework.beans.factory.BeanCreationException: Error creating bean with name 'profileRepository' defined in com.example.repository.ProfileRepository defined in @EnableJpaRepositories declared on JpaRepositoriesRegistrar.EnableJpaRepositoriesConfiguration: Cannot resolve reference to bean 'jpaSharedEM_entityManagerFactory' while setting bean property 'entityManager'
	at org.springframework.beans.factory.support.BeanDefinitionValueResolver.resolveReference(BeanDefinitionValueResolver.java:377)
	at org.springframework.beans.factory.support.BeanDefinitionValueResolver.resolveValueIfNecessary(BeanDefinitionValueResolver.java:135)
	at org.springframework.beans.factory.support.AbstractAutowireCapableBeanFactory.applyPropertyValues(AbstractAutowireCapableBeanFactory.java:1711)
	at org.springframework.beans.factory.support.AbstractAutowireCapableBeanFactory.populateBean(AbstractAutowireCapableBeanFactory.java:1460)
	at org.springframework.beans.factory.support.AbstractAutowireCapableBeanFactory.doCreateBean(AbstractAutowireCapableBeanFactory.java:600)
	at org.springframework.beans.factory.support.AbstractAutowireCapableBeanFactory.createBean(AbstractAutowireCapableBeanFactory.java:523)
	at org.springframework.beans.factory.support.AbstractBeanFactory.lambda$doGetBean$0(AbstractBeanFactory.java:336)
	at org.springframework.beans.factory.support.DefaultSingletonBeanRegistry.getSingleton(DefaultSingletonBeanRegistry.java:307)
	at org.springframework.beans.factory.support.AbstractBeanFactory.doGetBean(AbstractBeanFactory.java:334)
	at org.springframework.beans.factory.support.AbstractBeanFactory.getBean(AbstractBeanFactory.java:199)
	at org.springframework.beans.factory.support.DefaultListableBeanFactory.doResolveDependency(DefaultListableBeanFactory.java:1573)
	at org.springframework.beans.factory.support.DefaultListableBeanFactory.resolveDependency(DefaultListableBeanFactory.java:1519)
	at org.springframework.beans.factory.annotation.AutowiredAnnotationBeanPostProcessor$AutowiredFieldElement.resolveFieldValue(AutowiredAnnotationBeanPostProcessor.java:785)
	... 68 common frames omitted
Caused by: org.springframework.beans.factory.BeanCreationException: Error creating bean with name 'jpaSharedEM_entityManagerFactory': Cannot resolve reference to bean 'entityManagerFactory' while setting constructor argument
	at org.springframework.beans.factory.support.BeanDefinitionValueResolver.resolveReference(BeanDefinitionValueResolver.java:377)
	at org.springframework.beans.factory.support.BeanDefinitionValueResolver.resolveValueIfNecessary(BeanDefinitionValueResolver.java:135)
	at org.springframework.beans.factory.support.ConstructorResolver.resolveConstructorArguments(ConstructorResolver.java:691)
	at org.springframework.beans.factory.support.ConstructorResolver.instantiateUsingFactoryMethod(ConstructorResolver.java:513)
	at org.springframework.beans.factory.support.AbstractAutowireCapableBeanFactory.instantiateUsingFactoryMethod(AbstractAutowireCapableBeanFactory.java:1361)
	at org.springframework.beans.factory.support.AbstractAutowireCapableBeanFactory.createBeanInstance(AbstractAutowireCapableBeanFactory.java:1191)
	at org.springframework.beans.factory.support.AbstractAutowireCapableBeanFactory.doCreateBean(AbstractAutowireCapableBeanFactory.java:563)
	at org.springframework.beans.factory.support.AbstractAutowireCapableBeanFactory.createBean(AbstractAutowireCapableBeanFactory.java:523)
	at org.springframework.beans.factory.support.AbstractBeanFactory.lambda$doGetBean$0(AbstractBeanFactory.java:336)
	at org.springframework.beans.factory.support.DefaultSingletonBeanRegistry.getSingleton(DefaultSingletonBeanRegistry.java:307)
	at org.springframework.beans.factory.support.AbstractBeanFactory.doGetBean(AbstractBeanFactory.java:334)
	at org.springframework.beans.factory.support.AbstractBeanFactory.getBean(AbstractBeanFactory.java:199)
	at org.springframework.beans.factory.support.BeanDefinitionValueResolver.resolveReference(BeanDefinitionValueResolver.java:365)
	... 80 common frames omitted
Caused by: org.springframework.beans.factory.BeanCreationException: Error creating bean with name 'flywayInitializer' defined in class path resource [org/springframework/boot/autoconfigure/flyway/FlywayAutoConfiguration$FlywayConfiguration.class]: Unsupported Database: PostgreSQL 17.2
	at org.springframework.beans.factory.support.AbstractAutowireCapableBeanFactory.initializeBean(AbstractAutowireCapableBeanFactory.java:1812)
	at org.springframework.beans.factory.support.AbstractAutowireCapableBeanFactory.doCreateBean(AbstractAutowireCapableBeanFactory.java:601)
	at org.springframework.beans.factory.support.AbstractAutowireCapableBeanFactory.createBean(AbstractAutowireCapableBeanFactory.java:523)
	at org.springframework.beans.factory.support.AbstractBeanFactory.lambda$doGetBean$0(AbstractBeanFactory.java:336)
	at org.springframework.beans.factory.support.DefaultSingletonBeanRegistry.getSingleton(DefaultSingletonBeanRegistry.java:307)
	at org.springframework.beans.factory.support.AbstractBeanFactory.doGetBean(AbstractBeanFactory.java:334)
	at org.springframework.beans.factory.support.AbstractBeanFactory.getBean(AbstractBeanFactory.java:199)
	at org.springframework.beans.factory.support.AbstractBeanFactory.doGetBean(AbstractBeanFactory.java:312)
	at org.springframework.beans.factory.support.AbstractBeanFactory.getBean(AbstractBeanFactory.java:199)
	at org.springframework.beans.factory.support.BeanDefinitionValueResolver.resolveReference(BeanDefinitionValueResolver.java:365)
	... 92 common frames omitted
Caused by: org.flywaydb.core.api.FlywayException: Unsupported Database: PostgreSQL 17.2
	at org.flywaydb.core.internal.database.DatabaseTypeRegister.lambda$getDatabaseTypeForConnection$7(DatabaseTypeRegister.java:124)
	at java.base/java.util.Optional.orElseThrow(Optional.java:403)
	at org.flywaydb.core.internal.database.DatabaseTypeRegister.getDatabaseTypeForConnection(DatabaseTypeRegister.java:124)
	at org.flywaydb.core.internal.jdbc.JdbcConnectionFactory.<init>(JdbcConnectionFactory.java:77)
	at org.flywaydb.core.FlywayExecutor.execute(FlywayExecutor.java:137)
	at org.flywaydb.core.Flyway.migrate(Flyway.java:176)
	at org.springframework.boot.autoconfigure.flyway.FlywayMigrationInitializer.afterPropertiesSet(FlywayMigrationInitializer.java:66)
	at org.springframework.beans.factory.support.AbstractAutowireCapableBeanFactory.invokeInitMethods(AbstractAutowireCapableBeanFactory.java:1859)
	at org.springframework.beans.factory.support.AbstractAutowireCapableBeanFactory.initializeBean(AbstractAutowireCapableBeanFactory.java:1808)
	... 101 common frames omitted
19 Feb 2025 - 13:44:16.270 - c.example.KunUzPractiseApplication -  INFO  - Starting KunUzPractiseApplication using Java 23.0.1 with PID 14704 (C:\Users\Sanjar\IdeaProjects\kun_uz_practise\target\classes started by Sanjar in C:\Users\Sanjar\IdeaProjects\kun_uz_practise)
19 Feb 2025 - 13:44:16.280 - c.example.KunUzPractiseApplication -  INFO  - The following 1 profile is active: "local"
19 Feb 2025 - 13:44:16.974 - o.s.d.r.c.RepositoryConfigurationDelegate -  INFO  - Bootstrapping Spring Data JPA repositories in DEFAULT mode.
19 Feb 2025 - 13:44:17.066 - o.s.d.r.c.RepositoryConfigurationDelegate -  INFO  - Finished Spring Data repository scanning in 85 ms. Found 14 JPA repository interfaces.
19 Feb 2025 - 13:44:17.590 - o.s.b.w.e.tomcat.TomcatWebServer -  INFO  - Tomcat initialized with port 8080 (http)
19 Feb 2025 - 13:44:17.610 - o.a.catalina.core.StandardService -  INFO  - Starting service [Tomcat]
19 Feb 2025 - 13:44:17.610 - o.a.catalina.core.StandardEngine -  INFO  - Starting Servlet engine: [Apache Tomcat/10.1.34]
19 Feb 2025 - 13:44:17.653 - o.a.c.c.C.[Tomcat].[localhost].[/] -  INFO  - Initializing Spring embedded WebApplicationContext
19 Feb 2025 - 13:44:17.653 - o.s.b.w.s.c.ServletWebServerApplicationContext -  INFO  - Root WebApplicationContext: initialization completed in 1323 ms
19 Feb 2025 - 13:44:17.719 - com.zaxxer.hikari.HikariDataSource -  INFO  - HikariPool-1 - Starting...
19 Feb 2025 - 13:44:17.983 - com.zaxxer.hikari.pool.HikariPool -  INFO  - HikariPool-1 - Added connection org.postgresql.jdbc.PgConnection@1a14fdf0
19 Feb 2025 - 13:44:17.985 - com.zaxxer.hikari.HikariDataSource -  INFO  - HikariPool-1 - Start completed.
19 Feb 2025 - 13:44:18.068 - o.h.jpa.internal.util.LogHelper -  INFO  - HHH000204: Processing PersistenceUnitInfo [name: default]
19 Feb 2025 - 13:44:18.119 - org.hibernate.Version -  INFO  - HHH000412: Hibernate ORM core version 6.6.5.Final
19 Feb 2025 - 13:44:18.149 - o.h.c.i.RegionFactoryInitiator -  INFO  - HHH000026: Second-level cache disabled
19 Feb 2025 - 13:44:18.404 - o.s.o.j.p.SpringPersistenceUnitInfo -  INFO  - No LoadTimeWeaver setup: ignoring JPA class transformer
19 Feb 2025 - 13:44:18.482 - o.hibernate.orm.connections.pooling -  INFO  - HHH10001005: Database info:
	Database JDBC URL [Connecting through datasource 'HikariDataSource (HikariPool-1)']
	Database driver: undefined/unknown
	Database version: 17.2
	Autocommit mode: undefined/unknown
	Isolation level: undefined/unknown
	Minimum pool size: undefined/unknown
	Maximum pool size: undefined/unknown
19 Feb 2025 - 13:44:19.661 - o.h.e.t.j.p.i.JtaPlatformInitiator -  INFO  - HHH000489: No JTA platform available (set 'hibernate.transaction.jta.platform' to enable JTA platform integration)
19 Feb 2025 - 13:44:20.368 - o.s.o.j.LocalContainerEntityManagerFactoryBean -  INFO  - Initialized JPA EntityManagerFactory for persistence unit 'default'
19 Feb 2025 - 13:44:20.644 - o.s.d.j.r.query.QueryEnhancerFactory -  INFO  - Hibernate is in classpath; If applicable, HQL parser will be used.
19 Feb 2025 - 13:44:22.109 - o.s.b.a.o.j.JpaBaseConfiguration$JpaWebConfiguration -  WARN  - spring.jpa.open-in-view is enabled by default. Therefore, database queries may be performed during view rendering. Explicitly configure spring.jpa.open-in-view to disable this warning
19 Feb 2025 - 13:44:22.141 - o.s.s.c.a.a.c.InitializeAuthenticationProviderBeanManagerConfigurer$InitializeAuthenticationProviderManagerConfigurer -  INFO  - Global AuthenticationManager configured with AuthenticationProvider bean with name authenticationProvider
19 Feb 2025 - 13:44:22.141 - o.s.s.c.a.a.c.InitializeUserDetailsBeanManagerConfigurer$InitializeUserDetailsManagerConfigurer -  WARN  - Global AuthenticationManager configured with an AuthenticationProvider bean. UserDetailsService beans will not be used by Spring Security for automatically configuring username/password login. Consider removing the AuthenticationProvider bean. Alternatively, consider using the UserDetailsService in a manually instantiated DaoAuthenticationProvider. If the current configuration is intentional, to turn off this warning, increase the logging level of 'org.springframework.security.config.annotation.authentication.configuration.InitializeUserDetailsBeanManagerConfigurer' to ERROR
19 Feb 2025 - 13:44:22.754 - o.s.b.w.e.tomcat.TomcatWebServer -  INFO  - Tomcat started on port 8080 (http) with context path '/'
19 Feb 2025 - 13:44:22.760 - c.example.KunUzPractiseApplication -  INFO  - Started KunUzPractiseApplication in 6.902 seconds (process running for 7.572)
19 Feb 2025 - 13:44:47.217 - o.s.b.w.e.tomcat.GracefulShutdown -  INFO  - Commencing graceful shutdown. Waiting for active requests to complete
19 Feb 2025 - 13:44:47.223 - o.s.b.w.e.tomcat.GracefulShutdown -  INFO  - Graceful shutdown complete
19 Feb 2025 - 13:44:47.232 - o.s.o.j.LocalContainerEntityManagerFactoryBean -  INFO  - Closing JPA EntityManagerFactory for persistence unit 'default'
19 Feb 2025 - 13:44:47.235 - com.zaxxer.hikari.HikariDataSource -  INFO  - HikariPool-1 - Shutdown initiated...
19 Feb 2025 - 13:44:47.240 - com.zaxxer.hikari.HikariDataSource -  INFO  - HikariPool-1 - Shutdown completed.
19 Feb 2025 - 13:44:57.248 - c.example.KunUzPractiseApplication -  INFO  - Starting KunUzPractiseApplication using Java 23.0.1 with PID 9488 (C:\Users\Sanjar\IdeaProjects\kun_uz_practise\target\classes started by Sanjar in C:\Users\Sanjar\IdeaProjects\kun_uz_practise)
19 Feb 2025 - 13:44:57.257 - c.example.KunUzPractiseApplication -  INFO  - The following 1 profile is active: "local"
19 Feb 2025 - 13:44:57.993 - o.s.d.r.c.RepositoryConfigurationDelegate -  INFO  - Bootstrapping Spring Data JPA repositories in DEFAULT mode.
19 Feb 2025 - 13:44:58.088 - o.s.d.r.c.RepositoryConfigurationDelegate -  INFO  - Finished Spring Data repository scanning in 86 ms. Found 14 JPA repository interfaces.
19 Feb 2025 - 13:44:58.651 - o.s.b.w.e.tomcat.TomcatWebServer -  INFO  - Tomcat initialized with port 8080 (http)
19 Feb 2025 - 13:44:58.661 - o.a.catalina.core.StandardService -  INFO  - Starting service [Tomcat]
19 Feb 2025 - 13:44:58.662 - o.a.catalina.core.StandardEngine -  INFO  - Starting Servlet engine: [Apache Tomcat/10.1.34]
19 Feb 2025 - 13:44:58.704 - o.a.c.c.C.[Tomcat].[localhost].[/] -  INFO  - Initializing Spring embedded WebApplicationContext
19 Feb 2025 - 13:44:58.704 - o.s.b.w.s.c.ServletWebServerApplicationContext -  INFO  - Root WebApplicationContext: initialization completed in 1398 ms
19 Feb 2025 - 13:44:58.913 - com.zaxxer.hikari.HikariDataSource -  INFO  - HikariPool-1 - Starting...
19 Feb 2025 - 13:44:59.065 - com.zaxxer.hikari.pool.HikariPool -  INFO  - HikariPool-1 - Added connection org.postgresql.jdbc.PgConnection@783b3aa0
19 Feb 2025 - 13:44:59.067 - com.zaxxer.hikari.HikariDataSource -  INFO  - HikariPool-1 - Start completed.
19 Feb 2025 - 13:44:59.080 - o.s.b.w.e.tomcat.TomcatStarter -  ERROR - Error starting Tomcat context. Exception: org.springframework.beans.factory.UnsatisfiedDependencyException. Message: Error creating bean with name 'jwtTokenFilter': Unsatisfied dependency expressed through field 'customUserDetailsService': Error creating bean with name 'customUserDetailsService': Unsatisfied dependency expressed through field 'profileRepository': Error creating bean with name 'profileRepository' defined in com.example.repository.ProfileRepository defined in @EnableJpaRepositories declared on JpaRepositoriesRegistrar.EnableJpaRepositoriesConfiguration: Cannot resolve reference to bean 'jpaSharedEM_entityManagerFactory' while setting bean property 'entityManager'
19 Feb 2025 - 13:44:59.102 - o.a.catalina.core.StandardService -  INFO  - Stopping service [Tomcat]
19 Feb 2025 - 13:44:59.104 - o.a.c.loader.WebappClassLoaderBase -  WARN  - The web application [ROOT] appears to have started a thread named [HikariPool-1 housekeeper] but has failed to stop it. This is very likely to create a memory leak. Stack trace of thread:
 java.base/jdk.internal.misc.Unsafe.park(Native Method)
 java.base/java.util.concurrent.locks.LockSupport.parkNanos(LockSupport.java:269)
 java.base/java.util.concurrent.locks.AbstractQueuedSynchronizer$ConditionObject.awaitNanos(AbstractQueuedSynchronizer.java:1763)
 java.base/java.util.concurrent.ScheduledThreadPoolExecutor$DelayedWorkQueue.take(ScheduledThreadPoolExecutor.java:1182)
 java.base/java.util.concurrent.ScheduledThreadPoolExecutor$DelayedWorkQueue.take(ScheduledThreadPoolExecutor.java:899)
 java.base/java.util.concurrent.ThreadPoolExecutor.getTask(ThreadPoolExecutor.java:1070)
 java.base/java.util.concurrent.ThreadPoolExecutor.runWorker(ThreadPoolExecutor.java:1130)
 java.base/java.util.concurrent.ThreadPoolExecutor$Worker.run(ThreadPoolExecutor.java:642)
 java.base/java.lang.Thread.run(Thread.java:1575)
19 Feb 2025 - 13:44:59.107 - o.s.b.w.s.c.AnnotationConfigServletWebServerApplicationContext -  WARN  - Exception encountered during context initialization - cancelling refresh attempt: org.springframework.context.ApplicationContextException: Unable to start web server
19 Feb 2025 - 13:44:59.107 - com.zaxxer.hikari.HikariDataSource -  INFO  - HikariPool-1 - Shutdown initiated...
19 Feb 2025 - 13:44:59.110 - com.zaxxer.hikari.HikariDataSource -  INFO  - HikariPool-1 - Shutdown completed.
19 Feb 2025 - 13:44:59.119 - o.s.b.a.l.ConditionEvaluationReportLogger -  INFO  - 

Error starting ApplicationContext. To display the condition evaluation report re-run your application with 'debug' enabled.
19 Feb 2025 - 13:44:59.137 - o.s.boot.SpringApplication -  ERROR - Application run failed
org.springframework.context.ApplicationContextException: Unable to start web server
	at org.springframework.boot.web.servlet.context.ServletWebServerApplicationContext.onRefresh(ServletWebServerApplicationContext.java:165)
	at org.springframework.context.support.AbstractApplicationContext.refresh(AbstractApplicationContext.java:621)
	at org.springframework.boot.web.servlet.context.ServletWebServerApplicationContext.refresh(ServletWebServerApplicationContext.java:146)
	at org.springframework.boot.SpringApplication.refresh(SpringApplication.java:752)
	at org.springframework.boot.SpringApplication.refreshContext(SpringApplication.java:439)
	at org.springframework.boot.SpringApplication.run(SpringApplication.java:318)
	at org.springframework.boot.SpringApplication.run(SpringApplication.java:1361)
	at org.springframework.boot.SpringApplication.run(SpringApplication.java:1350)
	at com.example.KunUzPractiseApplication.main(KunUzPractiseApplication.java:10)
Caused by: org.springframework.boot.web.server.WebServerException: Unable to start embedded Tomcat
	at org.springframework.boot.web.embedded.tomcat.TomcatWebServer.initialize(TomcatWebServer.java:147)
	at org.springframework.boot.web.embedded.tomcat.TomcatWebServer.<init>(TomcatWebServer.java:107)
	at org.springframework.boot.web.embedded.tomcat.TomcatServletWebServerFactory.getTomcatWebServer(TomcatServletWebServerFactory.java:516)
	at org.springframework.boot.web.embedded.tomcat.TomcatServletWebServerFactory.getWebServer(TomcatServletWebServerFactory.java:222)
	at org.springframework.boot.web.servlet.context.ServletWebServerApplicationContext.createWebServer(ServletWebServerApplicationContext.java:188)
	at org.springframework.boot.web.servlet.context.ServletWebServerApplicationContext.onRefresh(ServletWebServerApplicationContext.java:162)
	... 8 common frames omitted
Caused by: org.springframework.beans.factory.UnsatisfiedDependencyException: Error creating bean with name 'jwtTokenFilter': Unsatisfied dependency expressed through field 'customUserDetailsService': Error creating bean with name 'customUserDetailsService': Unsatisfied dependency expressed through field 'profileRepository': Error creating bean with name 'profileRepository' defined in com.example.repository.ProfileRepository defined in @EnableJpaRepositories declared on JpaRepositoriesRegistrar.EnableJpaRepositoriesConfiguration: Cannot resolve reference to bean 'jpaSharedEM_entityManagerFactory' while setting bean property 'entityManager'
	at org.springframework.beans.factory.annotation.AutowiredAnnotationBeanPostProcessor$AutowiredFieldElement.resolveFieldValue(AutowiredAnnotationBeanPostProcessor.java:788)
	at org.springframework.beans.factory.annotation.AutowiredAnnotationBeanPostProcessor$AutowiredFieldElement.inject(AutowiredAnnotationBeanPostProcessor.java:768)
	at org.springframework.beans.factory.annotation.InjectionMetadata.inject(InjectionMetadata.java:146)
	at org.springframework.beans.factory.annotation.AutowiredAnnotationBeanPostProcessor.postProcessProperties(AutowiredAnnotationBeanPostProcessor.java:509)
	at org.springframework.beans.factory.support.AbstractAutowireCapableBeanFactory.populateBean(AbstractAutowireCapableBeanFactory.java:1445)
	at org.springframework.beans.factory.support.AbstractAutowireCapableBeanFactory.doCreateBean(AbstractAutowireCapableBeanFactory.java:600)
	at org.springframework.beans.factory.support.AbstractAutowireCapableBeanFactory.createBean(AbstractAutowireCapableBeanFactory.java:523)
	at org.springframework.beans.factory.support.AbstractBeanFactory.lambda$doGetBean$0(AbstractBeanFactory.java:336)
	at org.springframework.beans.factory.support.DefaultSingletonBeanRegistry.getSingleton(DefaultSingletonBeanRegistry.java:307)
	at org.springframework.beans.factory.support.AbstractBeanFactory.doGetBean(AbstractBeanFactory.java:334)
	at org.springframework.beans.factory.support.AbstractBeanFactory.getBean(AbstractBeanFactory.java:204)
	at org.springframework.boot.web.servlet.ServletContextInitializerBeans.getOrderedBeansOfType(ServletContextInitializerBeans.java:211)
	at org.springframework.boot.web.servlet.ServletContextInitializerBeans.addAsRegistrationBean(ServletContextInitializerBeans.java:174)
	at org.springframework.boot.web.servlet.ServletContextInitializerBeans.addAsRegistrationBean(ServletContextInitializerBeans.java:169)
	at org.springframework.boot.web.servlet.ServletContextInitializerBeans.addAdaptableBeans(ServletContextInitializerBeans.java:154)
	at org.springframework.boot.web.servlet.ServletContextInitializerBeans.<init>(ServletContextInitializerBeans.java:87)
	at org.springframework.boot.web.servlet.context.ServletWebServerApplicationContext.getServletContextInitializerBeans(ServletWebServerApplicationContext.java:266)
	at org.springframework.boot.web.servlet.context.ServletWebServerApplicationContext.selfInitialize(ServletWebServerApplicationContext.java:240)
	at org.springframework.boot.web.embedded.tomcat.TomcatStarter.onStartup(TomcatStarter.java:52)
	at org.apache.catalina.core.StandardContext.startInternal(StandardContext.java:4426)
	at org.apache.catalina.util.LifecycleBase.start(LifecycleBase.java:164)
	at org.apache.catalina.core.ContainerBase$StartChild.call(ContainerBase.java:1203)
	at org.apache.catalina.core.ContainerBase$StartChild.call(ContainerBase.java:1193)
	at java.base/java.util.concurrent.FutureTask.run(FutureTask.java:317)
	at org.apache.tomcat.util.threads.InlineExecutorService.execute(InlineExecutorService.java:75)
	at java.base/java.util.concurrent.AbstractExecutorService.submit(AbstractExecutorService.java:148)
	at org.apache.catalina.core.ContainerBase.startInternal(ContainerBase.java:749)
	at org.apache.catalina.core.StandardHost.startInternal(StandardHost.java:772)
	at org.apache.catalina.util.LifecycleBase.start(LifecycleBase.java:164)
	at org.apache.catalina.core.ContainerBase$StartChild.call(ContainerBase.java:1203)
	at org.apache.catalina.core.ContainerBase$StartChild.call(ContainerBase.java:1193)
	at java.base/java.util.concurrent.FutureTask.run(FutureTask.java:317)
	at org.apache.tomcat.util.threads.InlineExecutorService.execute(InlineExecutorService.java:75)
	at java.base/java.util.concurrent.AbstractExecutorService.submit(AbstractExecutorService.java:148)
	at org.apache.catalina.core.ContainerBase.startInternal(ContainerBase.java:749)
	at org.apache.catalina.core.StandardEngine.startInternal(StandardEngine.java:203)
	at org.apache.catalina.util.LifecycleBase.start(LifecycleBase.java:164)
	at org.apache.catalina.core.StandardService.startInternal(StandardService.java:415)
	at org.apache.catalina.util.LifecycleBase.start(LifecycleBase.java:164)
	at org.apache.catalina.core.StandardServer.startInternal(StandardServer.java:870)
	at org.apache.catalina.util.LifecycleBase.start(LifecycleBase.java:164)
	at org.apache.catalina.startup.Tomcat.start(Tomcat.java:437)
	at org.springframework.boot.web.embedded.tomcat.TomcatWebServer.initialize(TomcatWebServer.java:128)
	... 13 common frames omitted
Caused by: org.springframework.beans.factory.UnsatisfiedDependencyException: Error creating bean with name 'customUserDetailsService': Unsatisfied dependency expressed through field 'profileRepository': Error creating bean with name 'profileRepository' defined in com.example.repository.ProfileRepository defined in @EnableJpaRepositories declared on JpaRepositoriesRegistrar.EnableJpaRepositoriesConfiguration: Cannot resolve reference to bean 'jpaSharedEM_entityManagerFactory' while setting bean property 'entityManager'
	at org.springframework.beans.factory.annotation.AutowiredAnnotationBeanPostProcessor$AutowiredFieldElement.resolveFieldValue(AutowiredAnnotationBeanPostProcessor.java:788)
	at org.springframework.beans.factory.annotation.AutowiredAnnotationBeanPostProcessor$AutowiredFieldElement.inject(AutowiredAnnotationBeanPostProcessor.java:768)
	at org.springframework.beans.factory.annotation.InjectionMetadata.inject(InjectionMetadata.java:146)
	at org.springframework.beans.factory.annotation.AutowiredAnnotationBeanPostProcessor.postProcessProperties(AutowiredAnnotationBeanPostProcessor.java:509)
	at org.springframework.beans.factory.support.AbstractAutowireCapableBeanFactory.populateBean(AbstractAutowireCapableBeanFactory.java:1445)
	at org.springframework.beans.factory.support.AbstractAutowireCapableBeanFactory.doCreateBean(AbstractAutowireCapableBeanFactory.java:600)
	at org.springframework.beans.factory.support.AbstractAutowireCapableBeanFactory.createBean(AbstractAutowireCapableBeanFactory.java:523)
	at org.springframework.beans.factory.support.AbstractBeanFactory.lambda$doGetBean$0(AbstractBeanFactory.java:336)
	at org.springframework.beans.factory.support.DefaultSingletonBeanRegistry.getSingleton(DefaultSingletonBeanRegistry.java:307)
	at org.springframework.beans.factory.support.AbstractBeanFactory.doGetBean(AbstractBeanFactory.java:334)
	at org.springframework.beans.factory.support.AbstractBeanFactory.getBean(AbstractBeanFactory.java:199)
	at org.springframework.beans.factory.support.DefaultListableBeanFactory.doResolveDependency(DefaultListableBeanFactory.java:1573)
	at org.springframework.beans.factory.support.DefaultListableBeanFactory.resolveDependency(DefaultListableBeanFactory.java:1519)
	at org.springframework.beans.factory.annotation.AutowiredAnnotationBeanPostProcessor$AutowiredFieldElement.resolveFieldValue(AutowiredAnnotationBeanPostProcessor.java:785)
	... 55 common frames omitted
Caused by: org.springframework.beans.factory.BeanCreationException: Error creating bean with name 'profileRepository' defined in com.example.repository.ProfileRepository defined in @EnableJpaRepositories declared on JpaRepositoriesRegistrar.EnableJpaRepositoriesConfiguration: Cannot resolve reference to bean 'jpaSharedEM_entityManagerFactory' while setting bean property 'entityManager'
	at org.springframework.beans.factory.support.BeanDefinitionValueResolver.resolveReference(BeanDefinitionValueResolver.java:377)
	at org.springframework.beans.factory.support.BeanDefinitionValueResolver.resolveValueIfNecessary(BeanDefinitionValueResolver.java:135)
	at org.springframework.beans.factory.support.AbstractAutowireCapableBeanFactory.applyPropertyValues(AbstractAutowireCapableBeanFactory.java:1711)
	at org.springframework.beans.factory.support.AbstractAutowireCapableBeanFactory.populateBean(AbstractAutowireCapableBeanFactory.java:1460)
	at org.springframework.beans.factory.support.AbstractAutowireCapableBeanFactory.doCreateBean(AbstractAutowireCapableBeanFactory.java:600)
	at org.springframework.beans.factory.support.AbstractAutowireCapableBeanFactory.createBean(AbstractAutowireCapableBeanFactory.java:523)
	at org.springframework.beans.factory.support.AbstractBeanFactory.lambda$doGetBean$0(AbstractBeanFactory.java:336)
	at org.springframework.beans.factory.support.DefaultSingletonBeanRegistry.getSingleton(DefaultSingletonBeanRegistry.java:307)
	at org.springframework.beans.factory.support.AbstractBeanFactory.doGetBean(AbstractBeanFactory.java:334)
	at org.springframework.beans.factory.support.AbstractBeanFactory.getBean(AbstractBeanFactory.java:199)
	at org.springframework.beans.factory.support.DefaultListableBeanFactory.doResolveDependency(DefaultListableBeanFactory.java:1573)
	at org.springframework.beans.factory.support.DefaultListableBeanFactory.resolveDependency(DefaultListableBeanFactory.java:1519)
	at org.springframework.beans.factory.annotation.AutowiredAnnotationBeanPostProcessor$AutowiredFieldElement.resolveFieldValue(AutowiredAnnotationBeanPostProcessor.java:785)
	... 68 common frames omitted
Caused by: org.springframework.beans.factory.BeanCreationException: Error creating bean with name 'jpaSharedEM_entityManagerFactory': Cannot resolve reference to bean 'entityManagerFactory' while setting constructor argument
	at org.springframework.beans.factory.support.BeanDefinitionValueResolver.resolveReference(BeanDefinitionValueResolver.java:377)
	at org.springframework.beans.factory.support.BeanDefinitionValueResolver.resolveValueIfNecessary(BeanDefinitionValueResolver.java:135)
	at org.springframework.beans.factory.support.ConstructorResolver.resolveConstructorArguments(ConstructorResolver.java:691)
	at org.springframework.beans.factory.support.ConstructorResolver.instantiateUsingFactoryMethod(ConstructorResolver.java:513)
	at org.springframework.beans.factory.support.AbstractAutowireCapableBeanFactory.instantiateUsingFactoryMethod(AbstractAutowireCapableBeanFactory.java:1361)
	at org.springframework.beans.factory.support.AbstractAutowireCapableBeanFactory.createBeanInstance(AbstractAutowireCapableBeanFactory.java:1191)
	at org.springframework.beans.factory.support.AbstractAutowireCapableBeanFactory.doCreateBean(AbstractAutowireCapableBeanFactory.java:563)
	at org.springframework.beans.factory.support.AbstractAutowireCapableBeanFactory.createBean(AbstractAutowireCapableBeanFactory.java:523)
	at org.springframework.beans.factory.support.AbstractBeanFactory.lambda$doGetBean$0(AbstractBeanFactory.java:336)
	at org.springframework.beans.factory.support.DefaultSingletonBeanRegistry.getSingleton(DefaultSingletonBeanRegistry.java:307)
	at org.springframework.beans.factory.support.AbstractBeanFactory.doGetBean(AbstractBeanFactory.java:334)
	at org.springframework.beans.factory.support.AbstractBeanFactory.getBean(AbstractBeanFactory.java:199)
	at org.springframework.beans.factory.support.BeanDefinitionValueResolver.resolveReference(BeanDefinitionValueResolver.java:365)
	... 80 common frames omitted
Caused by: org.springframework.beans.factory.BeanCreationException: Error creating bean with name 'flywayInitializer' defined in class path resource [org/springframework/boot/autoconfigure/flyway/FlywayAutoConfiguration$FlywayConfiguration.class]: Unsupported Database: PostgreSQL 17.2
	at org.springframework.beans.factory.support.AbstractAutowireCapableBeanFactory.initializeBean(AbstractAutowireCapableBeanFactory.java:1812)
	at org.springframework.beans.factory.support.AbstractAutowireCapableBeanFactory.doCreateBean(AbstractAutowireCapableBeanFactory.java:601)
	at org.springframework.beans.factory.support.AbstractAutowireCapableBeanFactory.createBean(AbstractAutowireCapableBeanFactory.java:523)
	at org.springframework.beans.factory.support.AbstractBeanFactory.lambda$doGetBean$0(AbstractBeanFactory.java:336)
	at org.springframework.beans.factory.support.DefaultSingletonBeanRegistry.getSingleton(DefaultSingletonBeanRegistry.java:307)
	at org.springframework.beans.factory.support.AbstractBeanFactory.doGetBean(AbstractBeanFactory.java:334)
	at org.springframework.beans.factory.support.AbstractBeanFactory.getBean(AbstractBeanFactory.java:199)
	at org.springframework.beans.factory.support.AbstractBeanFactory.doGetBean(AbstractBeanFactory.java:312)
	at org.springframework.beans.factory.support.AbstractBeanFactory.getBean(AbstractBeanFactory.java:199)
	at org.springframework.beans.factory.support.BeanDefinitionValueResolver.resolveReference(BeanDefinitionValueResolver.java:365)
	... 92 common frames omitted
Caused by: org.flywaydb.core.api.FlywayException: Unsupported Database: PostgreSQL 17.2
	at org.flywaydb.core.internal.database.DatabaseTypeRegister.lambda$getDatabaseTypeForConnection$7(DatabaseTypeRegister.java:124)
	at java.base/java.util.Optional.orElseThrow(Optional.java:403)
	at org.flywaydb.core.internal.database.DatabaseTypeRegister.getDatabaseTypeForConnection(DatabaseTypeRegister.java:124)
	at org.flywaydb.core.internal.jdbc.JdbcConnectionFactory.<init>(JdbcConnectionFactory.java:77)
	at org.flywaydb.core.FlywayExecutor.execute(FlywayExecutor.java:137)
	at org.flywaydb.core.Flyway.migrate(Flyway.java:176)
	at org.springframework.boot.autoconfigure.flyway.FlywayMigrationInitializer.afterPropertiesSet(FlywayMigrationInitializer.java:66)
	at org.springframework.beans.factory.support.AbstractAutowireCapableBeanFactory.invokeInitMethods(AbstractAutowireCapableBeanFactory.java:1859)
	at org.springframework.beans.factory.support.AbstractAutowireCapableBeanFactory.initializeBean(AbstractAutowireCapableBeanFactory.java:1808)
	... 101 common frames omitted
19 Feb 2025 - 13:48:10.279 - c.example.KunUzPractiseApplication -  INFO  - Starting KunUzPractiseApplication using Java 23.0.1 with PID 13480 (C:\Users\Sanjar\IdeaProjects\kun_uz_practise\target\classes started by Sanjar in C:\Users\Sanjar\IdeaProjects\kun_uz_practise)
19 Feb 2025 - 13:48:10.295 - c.example.KunUzPractiseApplication -  INFO  - The following 1 profile is active: "local"
19 Feb 2025 - 13:48:11.097 - o.s.d.r.c.RepositoryConfigurationDelegate -  INFO  - Bootstrapping Spring Data JPA repositories in DEFAULT mode.
19 Feb 2025 - 13:48:11.196 - o.s.d.r.c.RepositoryConfigurationDelegate -  INFO  - Finished Spring Data repository scanning in 91 ms. Found 14 JPA repository interfaces.
19 Feb 2025 - 13:48:11.693 - o.s.b.w.e.tomcat.TomcatWebServer -  INFO  - Tomcat initialized with port 8080 (http)
19 Feb 2025 - 13:48:11.717 - o.a.catalina.core.StandardService -  INFO  - Starting service [Tomcat]
19 Feb 2025 - 13:48:11.717 - o.a.catalina.core.StandardEngine -  INFO  - Starting Servlet engine: [Apache Tomcat/10.1.34]
19 Feb 2025 - 13:48:11.772 - o.a.c.c.C.[Tomcat].[localhost].[/] -  INFO  - Initializing Spring embedded WebApplicationContext
19 Feb 2025 - 13:48:11.773 - o.s.b.w.s.c.ServletWebServerApplicationContext -  INFO  - Root WebApplicationContext: initialization completed in 1403 ms
19 Feb 2025 - 13:48:11.855 - com.zaxxer.hikari.HikariDataSource -  INFO  - HikariPool-1 - Starting...
19 Feb 2025 - 13:48:12.037 - com.zaxxer.hikari.pool.HikariPool -  INFO  - HikariPool-1 - Added connection org.postgresql.jdbc.PgConnection@58b311ba
19 Feb 2025 - 13:48:12.040 - com.zaxxer.hikari.HikariDataSource -  INFO  - HikariPool-1 - Start completed.
19 Feb 2025 - 13:48:12.132 - o.h.jpa.internal.util.LogHelper -  INFO  - HHH000204: Processing PersistenceUnitInfo [name: default]
19 Feb 2025 - 13:48:12.180 - org.hibernate.Version -  INFO  - HHH000412: Hibernate ORM core version 6.6.5.Final
19 Feb 2025 - 13:48:12.209 - o.h.c.i.RegionFactoryInitiator -  INFO  - HHH000026: Second-level cache disabled
19 Feb 2025 - 13:48:12.466 - o.s.o.j.p.SpringPersistenceUnitInfo -  INFO  - No LoadTimeWeaver setup: ignoring JPA class transformer
19 Feb 2025 - 13:48:12.544 - o.hibernate.orm.connections.pooling -  INFO  - HHH10001005: Database info:
	Database JDBC URL [Connecting through datasource 'HikariDataSource (HikariPool-1)']
	Database driver: undefined/unknown
	Database version: 17.2
	Autocommit mode: undefined/unknown
	Isolation level: undefined/unknown
	Minimum pool size: undefined/unknown
	Maximum pool size: undefined/unknown
19 Feb 2025 - 13:48:13.735 - o.h.e.t.j.p.i.JtaPlatformInitiator -  INFO  - HHH000489: No JTA platform available (set 'hibernate.transaction.jta.platform' to enable JTA platform integration)
19 Feb 2025 - 13:48:14.384 - o.s.o.j.LocalContainerEntityManagerFactoryBean -  INFO  - Initialized JPA EntityManagerFactory for persistence unit 'default'
19 Feb 2025 - 13:48:14.642 - o.s.d.j.r.query.QueryEnhancerFactory -  INFO  - Hibernate is in classpath; If applicable, HQL parser will be used.
19 Feb 2025 - 13:48:16.024 - o.s.b.a.o.j.JpaBaseConfiguration$JpaWebConfiguration -  WARN  - spring.jpa.open-in-view is enabled by default. Therefore, database queries may be performed during view rendering. Explicitly configure spring.jpa.open-in-view to disable this warning
19 Feb 2025 - 13:48:16.055 - o.s.s.c.a.a.c.InitializeAuthenticationProviderBeanManagerConfigurer$InitializeAuthenticationProviderManagerConfigurer -  INFO  - Global AuthenticationManager configured with AuthenticationProvider bean with name authenticationProvider
19 Feb 2025 - 13:48:16.056 - o.s.s.c.a.a.c.InitializeUserDetailsBeanManagerConfigurer$InitializeUserDetailsManagerConfigurer -  WARN  - Global AuthenticationManager configured with an AuthenticationProvider bean. UserDetailsService beans will not be used by Spring Security for automatically configuring username/password login. Consider removing the AuthenticationProvider bean. Alternatively, consider using the UserDetailsService in a manually instantiated DaoAuthenticationProvider. If the current configuration is intentional, to turn off this warning, increase the logging level of 'org.springframework.security.config.annotation.authentication.configuration.InitializeUserDetailsBeanManagerConfigurer' to ERROR
19 Feb 2025 - 13:48:16.610 - o.s.b.w.e.tomcat.TomcatWebServer -  INFO  - Tomcat started on port 8080 (http) with context path '/'
19 Feb 2025 - 13:48:16.617 - c.example.KunUzPractiseApplication -  INFO  - Started KunUzPractiseApplication in 6.82 seconds (process running for 7.487)
19 Feb 2025 - 13:54:35.647 - o.s.b.w.e.tomcat.GracefulShutdown -  INFO  - Commencing graceful shutdown. Waiting for active requests to complete
19 Feb 2025 - 13:54:35.653 - o.s.b.w.e.tomcat.GracefulShutdown -  INFO  - Graceful shutdown complete
19 Feb 2025 - 13:54:35.661 - o.s.o.j.LocalContainerEntityManagerFactoryBean -  INFO  - Closing JPA EntityManagerFactory for persistence unit 'default'
19 Feb 2025 - 13:54:35.663 - com.zaxxer.hikari.HikariDataSource -  INFO  - HikariPool-1 - Shutdown initiated...
19 Feb 2025 - 13:54:35.668 - com.zaxxer.hikari.HikariDataSource -  INFO  - HikariPool-1 - Shutdown completed.
19 Feb 2025 - 13:54:44.129 - c.example.KunUzPractiseApplication -  INFO  - Starting KunUzPractiseApplication using Java 23.0.1 with PID 17040 (C:\Users\Sanjar\IdeaProjects\kun_uz_practise\target\classes started by Sanjar in C:\Users\Sanjar\IdeaProjects\kun_uz_practise)
19 Feb 2025 - 13:54:44.141 - c.example.KunUzPractiseApplication -  INFO  - The following 1 profile is active: "local"
19 Feb 2025 - 13:54:45.006 - o.s.d.r.c.RepositoryConfigurationDelegate -  INFO  - Bootstrapping Spring Data JPA repositories in DEFAULT mode.
19 Feb 2025 - 13:54:45.109 - o.s.d.r.c.RepositoryConfigurationDelegate -  INFO  - Finished Spring Data repository scanning in 93 ms. Found 14 JPA repository interfaces.
19 Feb 2025 - 13:54:45.713 - o.s.b.w.e.tomcat.TomcatWebServer -  INFO  - Tomcat initialized with port 8080 (http)
19 Feb 2025 - 13:54:45.724 - o.a.catalina.core.StandardService -  INFO  - Starting service [Tomcat]
19 Feb 2025 - 13:54:45.725 - o.a.catalina.core.StandardEngine -  INFO  - Starting Servlet engine: [Apache Tomcat/10.1.34]
19 Feb 2025 - 13:54:45.770 - o.a.c.c.C.[Tomcat].[localhost].[/] -  INFO  - Initializing Spring embedded WebApplicationContext
19 Feb 2025 - 13:54:45.771 - o.s.b.w.s.c.ServletWebServerApplicationContext -  INFO  - Root WebApplicationContext: initialization completed in 1566 ms
19 Feb 2025 - 13:54:45.862 - com.zaxxer.hikari.HikariDataSource -  INFO  - HikariPool-1 - Starting...
19 Feb 2025 - 13:54:46.042 - com.zaxxer.hikari.pool.HikariPool -  INFO  - HikariPool-1 - Added connection org.postgresql.jdbc.PgConnection@2589d787
19 Feb 2025 - 13:54:46.044 - com.zaxxer.hikari.HikariDataSource -  INFO  - HikariPool-1 - Start completed.
19 Feb 2025 - 13:54:46.132 - o.f.c.i.license.VersionPrinter -  INFO  - Flyway Community Edition 9.22.3 by Redgate
19 Feb 2025 - 13:54:46.132 - o.f.c.i.license.VersionPrinter -  INFO  - See release notes here: https://rd.gt/416ObMi
19 Feb 2025 - 13:54:46.132 - o.f.c.i.license.VersionPrinter -  INFO  - 
19 Feb 2025 - 13:54:46.147 - org.flywaydb.core.FlywayExecutor -  INFO  - Database: jdbc:postgresql://localhost:5432/kun_uz_practise (PostgreSQL 17.2)
19 Feb 2025 - 13:54:46.152 - o.f.c.i.database.base.Database -  WARN  - Flyway upgrade recommended: PostgreSQL 17.2 is newer than this version of Flyway and support has not been tested. The latest supported version of PostgreSQL is 15.
19 Feb 2025 - 13:54:46.177 - o.f.c.i.s.JdbcTableSchemaHistory -  INFO  - Schema history table "public"."flyway_schema_history" does not exist yet
19 Feb 2025 - 13:54:46.180 - o.f.core.internal.command.DbValidate -  INFO  - Successfully validated 2 migrations (execution time 00:00.016s)
19 Feb 2025 - 13:54:46.191 - o.f.c.i.s.JdbcTableSchemaHistory -  INFO  - Creating Schema History table "public"."flyway_schema_history" with baseline ...
19 Feb 2025 - 13:54:46.219 - o.f.core.internal.command.DbBaseline -  INFO  - Successfully baselined schema with version: 1
19 Feb 2025 - 13:54:46.229 - o.f.core.internal.command.DbMigrate -  INFO  - Current version of schema "public": 1
19 Feb 2025 - 13:54:46.235 - o.f.core.internal.command.DbMigrate -  INFO  - Migrating schema "public" to version "1.1 - insert book"
19 Feb 2025 - 13:54:46.245 - o.f.core.internal.command.DbMigrate -  ERROR - Migration of schema "public" to version "1.1 - insert book" failed! Changes successfully rolled back.
19 Feb 2025 - 13:54:46.249 - o.s.b.w.e.tomcat.TomcatStarter -  ERROR - Error starting Tomcat context. Exception: org.springframework.beans.factory.UnsatisfiedDependencyException. Message: Error creating bean with name 'jwtTokenFilter': Unsatisfied dependency expressed through field 'customUserDetailsService': Error creating bean with name 'customUserDetailsService': Unsatisfied dependency expressed through field 'profileRepository': Error creating bean with name 'profileRepository' defined in com.example.repository.ProfileRepository defined in @EnableJpaRepositories declared on JpaRepositoriesRegistrar.EnableJpaRepositoriesConfiguration: Cannot resolve reference to bean 'jpaSharedEM_entityManagerFactory' while setting bean property 'entityManager'
19 Feb 2025 - 13:54:46.278 - o.a.catalina.core.StandardService -  INFO  - Stopping service [Tomcat]
19 Feb 2025 - 13:54:46.281 - o.a.c.loader.WebappClassLoaderBase -  WARN  - The web application [ROOT] appears to have started a thread named [HikariPool-1 housekeeper] but has failed to stop it. This is very likely to create a memory leak. Stack trace of thread:
 java.base/jdk.internal.misc.Unsafe.park(Native Method)
 java.base/java.util.concurrent.locks.LockSupport.parkNanos(LockSupport.java:269)
 java.base/java.util.concurrent.locks.AbstractQueuedSynchronizer$ConditionObject.awaitNanos(AbstractQueuedSynchronizer.java:1763)
 java.base/java.util.concurrent.ScheduledThreadPoolExecutor$DelayedWorkQueue.take(ScheduledThreadPoolExecutor.java:1182)
 java.base/java.util.concurrent.ScheduledThreadPoolExecutor$DelayedWorkQueue.take(ScheduledThreadPoolExecutor.java:899)
 java.base/java.util.concurrent.ThreadPoolExecutor.getTask(ThreadPoolExecutor.java:1070)
 java.base/java.util.concurrent.ThreadPoolExecutor.runWorker(ThreadPoolExecutor.java:1130)
 java.base/java.util.concurrent.ThreadPoolExecutor$Worker.run(ThreadPoolExecutor.java:642)
 java.base/java.lang.Thread.run(Thread.java:1575)
19 Feb 2025 - 13:54:46.282 - o.a.c.loader.WebappClassLoaderBase -  WARN  - The web application [ROOT] appears to have started a thread named [HikariPool-1 connection adder] but has failed to stop it. This is very likely to create a memory leak. Stack trace of thread:
 java.base/sun.nio.ch.Net.poll(Native Method)
 java.base/sun.nio.ch.NioSocketImpl.park(NioSocketImpl.java:191)
 java.base/sun.nio.ch.NioSocketImpl.timedRead(NioSocketImpl.java:280)
 java.base/sun.nio.ch.NioSocketImpl.implRead(NioSocketImpl.java:304)
 java.base/sun.nio.ch.NioSocketImpl.read(NioSocketImpl.java:346)
 java.base/sun.nio.ch.NioSocketImpl$1.read(NioSocketImpl.java:796)
 java.base/java.net.Socket$SocketInputStream.implRead(Socket.java:1116)
 java.base/java.net.Socket$SocketInputStream.read(Socket.java:1103)
 org.postgresql.core.VisibleBufferedInputStream.readMore(VisibleBufferedInputStream.java:192)
 org.postgresql.core.VisibleBufferedInputStream.ensureBytes(VisibleBufferedInputStream.java:159)
 org.postgresql.core.VisibleBufferedInputStream.ensureBytes(VisibleBufferedInputStream.java:144)
 org.postgresql.core.VisibleBufferedInputStream.read(VisibleBufferedInputStream.java:76)
 org.postgresql.core.PGStream.receiveChar(PGStream.java:476)
 org.postgresql.core.v3.ConnectionFactoryImpl.enableSSL(ConnectionFactoryImpl.java:600)
 org.postgresql.core.v3.ConnectionFactoryImpl.tryConnect(ConnectionFactoryImpl.java:201)
 org.postgresql.core.v3.ConnectionFactoryImpl.openConnectionImpl(ConnectionFactoryImpl.java:268)
 org.postgresql.core.ConnectionFactory.openConnection(ConnectionFactory.java:54)
 org.postgresql.jdbc.PgConnection.<init>(PgConnection.java:273)
 org.postgresql.Driver.makeConnection(Driver.java:446)
 org.postgresql.Driver.connect(Driver.java:298)
 com.zaxxer.hikari.util.DriverDataSource.getConnection(DriverDataSource.java:137)
 com.zaxxer.hikari.pool.PoolBase.newConnection(PoolBase.java:360)
 com.zaxxer.hikari.pool.PoolBase.newPoolEntry(PoolBase.java:202)
 com.zaxxer.hikari.pool.HikariPool.createPoolEntry(HikariPool.java:461)
 com.zaxxer.hikari.pool.HikariPool$PoolEntryCreator.call(HikariPool.java:724)
 com.zaxxer.hikari.pool.HikariPool$PoolEntryCreator.call(HikariPool.java:703)
 java.base/java.util.concurrent.FutureTask.run(FutureTask.java:317)
 java.base/java.util.concurrent.ThreadPoolExecutor.runWorker(ThreadPoolExecutor.java:1144)
 java.base/java.util.concurrent.ThreadPoolExecutor$Worker.run(ThreadPoolExecutor.java:642)
 java.base/java.lang.Thread.run(Thread.java:1575)
19 Feb 2025 - 13:54:46.285 - o.s.b.w.s.c.AnnotationConfigServletWebServerApplicationContext -  WARN  - Exception encountered during context initialization - cancelling refresh attempt: org.springframework.context.ApplicationContextException: Unable to start web server
19 Feb 2025 - 13:54:46.286 - com.zaxxer.hikari.HikariDataSource -  INFO  - HikariPool-1 - Shutdown initiated...
19 Feb 2025 - 13:54:46.418 - com.zaxxer.hikari.HikariDataSource -  INFO  - HikariPool-1 - Shutdown completed.
19 Feb 2025 - 13:54:46.429 - o.s.b.a.l.ConditionEvaluationReportLogger -  INFO  - 

Error starting ApplicationContext. To display the condition evaluation report re-run your application with 'debug' enabled.
19 Feb 2025 - 13:54:46.447 - o.s.boot.SpringApplication -  ERROR - Application run failed
org.springframework.context.ApplicationContextException: Unable to start web server
	at org.springframework.boot.web.servlet.context.ServletWebServerApplicationContext.onRefresh(ServletWebServerApplicationContext.java:165)
	at org.springframework.context.support.AbstractApplicationContext.refresh(AbstractApplicationContext.java:621)
	at org.springframework.boot.web.servlet.context.ServletWebServerApplicationContext.refresh(ServletWebServerApplicationContext.java:146)
	at org.springframework.boot.SpringApplication.refresh(SpringApplication.java:752)
	at org.springframework.boot.SpringApplication.refreshContext(SpringApplication.java:439)
	at org.springframework.boot.SpringApplication.run(SpringApplication.java:318)
	at org.springframework.boot.SpringApplication.run(SpringApplication.java:1361)
	at org.springframework.boot.SpringApplication.run(SpringApplication.java:1350)
	at com.example.KunUzPractiseApplication.main(KunUzPractiseApplication.java:10)
Caused by: org.springframework.boot.web.server.WebServerException: Unable to start embedded Tomcat
	at org.springframework.boot.web.embedded.tomcat.TomcatWebServer.initialize(TomcatWebServer.java:147)
	at org.springframework.boot.web.embedded.tomcat.TomcatWebServer.<init>(TomcatWebServer.java:107)
	at org.springframework.boot.web.embedded.tomcat.TomcatServletWebServerFactory.getTomcatWebServer(TomcatServletWebServerFactory.java:516)
	at org.springframework.boot.web.embedded.tomcat.TomcatServletWebServerFactory.getWebServer(TomcatServletWebServerFactory.java:222)
	at org.springframework.boot.web.servlet.context.ServletWebServerApplicationContext.createWebServer(ServletWebServerApplicationContext.java:188)
	at org.springframework.boot.web.servlet.context.ServletWebServerApplicationContext.onRefresh(ServletWebServerApplicationContext.java:162)
	... 8 common frames omitted
Caused by: org.springframework.beans.factory.UnsatisfiedDependencyException: Error creating bean with name 'jwtTokenFilter': Unsatisfied dependency expressed through field 'customUserDetailsService': Error creating bean with name 'customUserDetailsService': Unsatisfied dependency expressed through field 'profileRepository': Error creating bean with name 'profileRepository' defined in com.example.repository.ProfileRepository defined in @EnableJpaRepositories declared on JpaRepositoriesRegistrar.EnableJpaRepositoriesConfiguration: Cannot resolve reference to bean 'jpaSharedEM_entityManagerFactory' while setting bean property 'entityManager'
	at org.springframework.beans.factory.annotation.AutowiredAnnotationBeanPostProcessor$AutowiredFieldElement.resolveFieldValue(AutowiredAnnotationBeanPostProcessor.java:788)
	at org.springframework.beans.factory.annotation.AutowiredAnnotationBeanPostProcessor$AutowiredFieldElement.inject(AutowiredAnnotationBeanPostProcessor.java:768)
	at org.springframework.beans.factory.annotation.InjectionMetadata.inject(InjectionMetadata.java:146)
	at org.springframework.beans.factory.annotation.AutowiredAnnotationBeanPostProcessor.postProcessProperties(AutowiredAnnotationBeanPostProcessor.java:509)
	at org.springframework.beans.factory.support.AbstractAutowireCapableBeanFactory.populateBean(AbstractAutowireCapableBeanFactory.java:1445)
	at org.springframework.beans.factory.support.AbstractAutowireCapableBeanFactory.doCreateBean(AbstractAutowireCapableBeanFactory.java:600)
	at org.springframework.beans.factory.support.AbstractAutowireCapableBeanFactory.createBean(AbstractAutowireCapableBeanFactory.java:523)
	at org.springframework.beans.factory.support.AbstractBeanFactory.lambda$doGetBean$0(AbstractBeanFactory.java:336)
	at org.springframework.beans.factory.support.DefaultSingletonBeanRegistry.getSingleton(DefaultSingletonBeanRegistry.java:307)
	at org.springframework.beans.factory.support.AbstractBeanFactory.doGetBean(AbstractBeanFactory.java:334)
	at org.springframework.beans.factory.support.AbstractBeanFactory.getBean(AbstractBeanFactory.java:204)
	at org.springframework.boot.web.servlet.ServletContextInitializerBeans.getOrderedBeansOfType(ServletContextInitializerBeans.java:211)
	at org.springframework.boot.web.servlet.ServletContextInitializerBeans.addAsRegistrationBean(ServletContextInitializerBeans.java:174)
	at org.springframework.boot.web.servlet.ServletContextInitializerBeans.addAsRegistrationBean(ServletContextInitializerBeans.java:169)
	at org.springframework.boot.web.servlet.ServletContextInitializerBeans.addAdaptableBeans(ServletContextInitializerBeans.java:154)
	at org.springframework.boot.web.servlet.ServletContextInitializerBeans.<init>(ServletContextInitializerBeans.java:87)
	at org.springframework.boot.web.servlet.context.ServletWebServerApplicationContext.getServletContextInitializerBeans(ServletWebServerApplicationContext.java:266)
	at org.springframework.boot.web.servlet.context.ServletWebServerApplicationContext.selfInitialize(ServletWebServerApplicationContext.java:240)
	at org.springframework.boot.web.embedded.tomcat.TomcatStarter.onStartup(TomcatStarter.java:52)
	at org.apache.catalina.core.StandardContext.startInternal(StandardContext.java:4426)
	at org.apache.catalina.util.LifecycleBase.start(LifecycleBase.java:164)
	at org.apache.catalina.core.ContainerBase$StartChild.call(ContainerBase.java:1203)
	at org.apache.catalina.core.ContainerBase$StartChild.call(ContainerBase.java:1193)
	at java.base/java.util.concurrent.FutureTask.run(FutureTask.java:317)
	at org.apache.tomcat.util.threads.InlineExecutorService.execute(InlineExecutorService.java:75)
	at java.base/java.util.concurrent.AbstractExecutorService.submit(AbstractExecutorService.java:148)
	at org.apache.catalina.core.ContainerBase.startInternal(ContainerBase.java:749)
	at org.apache.catalina.core.StandardHost.startInternal(StandardHost.java:772)
	at org.apache.catalina.util.LifecycleBase.start(LifecycleBase.java:164)
	at org.apache.catalina.core.ContainerBase$StartChild.call(ContainerBase.java:1203)
	at org.apache.catalina.core.ContainerBase$StartChild.call(ContainerBase.java:1193)
	at java.base/java.util.concurrent.FutureTask.run(FutureTask.java:317)
	at org.apache.tomcat.util.threads.InlineExecutorService.execute(InlineExecutorService.java:75)
	at java.base/java.util.concurrent.AbstractExecutorService.submit(AbstractExecutorService.java:148)
	at org.apache.catalina.core.ContainerBase.startInternal(ContainerBase.java:749)
	at org.apache.catalina.core.StandardEngine.startInternal(StandardEngine.java:203)
	at org.apache.catalina.util.LifecycleBase.start(LifecycleBase.java:164)
	at org.apache.catalina.core.StandardService.startInternal(StandardService.java:415)
	at org.apache.catalina.util.LifecycleBase.start(LifecycleBase.java:164)
	at org.apache.catalina.core.StandardServer.startInternal(StandardServer.java:870)
	at org.apache.catalina.util.LifecycleBase.start(LifecycleBase.java:164)
	at org.apache.catalina.startup.Tomcat.start(Tomcat.java:437)
	at org.springframework.boot.web.embedded.tomcat.TomcatWebServer.initialize(TomcatWebServer.java:128)
	... 13 common frames omitted
Caused by: org.springframework.beans.factory.UnsatisfiedDependencyException: Error creating bean with name 'customUserDetailsService': Unsatisfied dependency expressed through field 'profileRepository': Error creating bean with name 'profileRepository' defined in com.example.repository.ProfileRepository defined in @EnableJpaRepositories declared on JpaRepositoriesRegistrar.EnableJpaRepositoriesConfiguration: Cannot resolve reference to bean 'jpaSharedEM_entityManagerFactory' while setting bean property 'entityManager'
	at org.springframework.beans.factory.annotation.AutowiredAnnotationBeanPostProcessor$AutowiredFieldElement.resolveFieldValue(AutowiredAnnotationBeanPostProcessor.java:788)
	at org.springframework.beans.factory.annotation.AutowiredAnnotationBeanPostProcessor$AutowiredFieldElement.inject(AutowiredAnnotationBeanPostProcessor.java:768)
	at org.springframework.beans.factory.annotation.InjectionMetadata.inject(InjectionMetadata.java:146)
	at org.springframework.beans.factory.annotation.AutowiredAnnotationBeanPostProcessor.postProcessProperties(AutowiredAnnotationBeanPostProcessor.java:509)
	at org.springframework.beans.factory.support.AbstractAutowireCapableBeanFactory.populateBean(AbstractAutowireCapableBeanFactory.java:1445)
	at org.springframework.beans.factory.support.AbstractAutowireCapableBeanFactory.doCreateBean(AbstractAutowireCapableBeanFactory.java:600)
	at org.springframework.beans.factory.support.AbstractAutowireCapableBeanFactory.createBean(AbstractAutowireCapableBeanFactory.java:523)
	at org.springframework.beans.factory.support.AbstractBeanFactory.lambda$doGetBean$0(AbstractBeanFactory.java:336)
	at org.springframework.beans.factory.support.DefaultSingletonBeanRegistry.getSingleton(DefaultSingletonBeanRegistry.java:307)
	at org.springframework.beans.factory.support.AbstractBeanFactory.doGetBean(AbstractBeanFactory.java:334)
	at org.springframework.beans.factory.support.AbstractBeanFactory.getBean(AbstractBeanFactory.java:199)
	at org.springframework.beans.factory.support.DefaultListableBeanFactory.doResolveDependency(DefaultListableBeanFactory.java:1573)
	at org.springframework.beans.factory.support.DefaultListableBeanFactory.resolveDependency(DefaultListableBeanFactory.java:1519)
	at org.springframework.beans.factory.annotation.AutowiredAnnotationBeanPostProcessor$AutowiredFieldElement.resolveFieldValue(AutowiredAnnotationBeanPostProcessor.java:785)
	... 55 common frames omitted
Caused by: org.springframework.beans.factory.BeanCreationException: Error creating bean with name 'profileRepository' defined in com.example.repository.ProfileRepository defined in @EnableJpaRepositories declared on JpaRepositoriesRegistrar.EnableJpaRepositoriesConfiguration: Cannot resolve reference to bean 'jpaSharedEM_entityManagerFactory' while setting bean property 'entityManager'
	at org.springframework.beans.factory.support.BeanDefinitionValueResolver.resolveReference(BeanDefinitionValueResolver.java:377)
	at org.springframework.beans.factory.support.BeanDefinitionValueResolver.resolveValueIfNecessary(BeanDefinitionValueResolver.java:135)
	at org.springframework.beans.factory.support.AbstractAutowireCapableBeanFactory.applyPropertyValues(AbstractAutowireCapableBeanFactory.java:1711)
	at org.springframework.beans.factory.support.AbstractAutowireCapableBeanFactory.populateBean(AbstractAutowireCapableBeanFactory.java:1460)
	at org.springframework.beans.factory.support.AbstractAutowireCapableBeanFactory.doCreateBean(AbstractAutowireCapableBeanFactory.java:600)
	at org.springframework.beans.factory.support.AbstractAutowireCapableBeanFactory.createBean(AbstractAutowireCapableBeanFactory.java:523)
	at org.springframework.beans.factory.support.AbstractBeanFactory.lambda$doGetBean$0(AbstractBeanFactory.java:336)
	at org.springframework.beans.factory.support.DefaultSingletonBeanRegistry.getSingleton(DefaultSingletonBeanRegistry.java:307)
	at org.springframework.beans.factory.support.AbstractBeanFactory.doGetBean(AbstractBeanFactory.java:334)
	at org.springframework.beans.factory.support.AbstractBeanFactory.getBean(AbstractBeanFactory.java:199)
	at org.springframework.beans.factory.support.DefaultListableBeanFactory.doResolveDependency(DefaultListableBeanFactory.java:1573)
	at org.springframework.beans.factory.support.DefaultListableBeanFactory.resolveDependency(DefaultListableBeanFactory.java:1519)
	at org.springframework.beans.factory.annotation.AutowiredAnnotationBeanPostProcessor$AutowiredFieldElement.resolveFieldValue(AutowiredAnnotationBeanPostProcessor.java:785)
	... 68 common frames omitted
Caused by: org.springframework.beans.factory.BeanCreationException: Error creating bean with name 'jpaSharedEM_entityManagerFactory': Cannot resolve reference to bean 'entityManagerFactory' while setting constructor argument
	at org.springframework.beans.factory.support.BeanDefinitionValueResolver.resolveReference(BeanDefinitionValueResolver.java:377)
	at org.springframework.beans.factory.support.BeanDefinitionValueResolver.resolveValueIfNecessary(BeanDefinitionValueResolver.java:135)
	at org.springframework.beans.factory.support.ConstructorResolver.resolveConstructorArguments(ConstructorResolver.java:691)
	at org.springframework.beans.factory.support.ConstructorResolver.instantiateUsingFactoryMethod(ConstructorResolver.java:513)
	at org.springframework.beans.factory.support.AbstractAutowireCapableBeanFactory.instantiateUsingFactoryMethod(AbstractAutowireCapableBeanFactory.java:1361)
	at org.springframework.beans.factory.support.AbstractAutowireCapableBeanFactory.createBeanInstance(AbstractAutowireCapableBeanFactory.java:1191)
	at org.springframework.beans.factory.support.AbstractAutowireCapableBeanFactory.doCreateBean(AbstractAutowireCapableBeanFactory.java:563)
	at org.springframework.beans.factory.support.AbstractAutowireCapableBeanFactory.createBean(AbstractAutowireCapableBeanFactory.java:523)
	at org.springframework.beans.factory.support.AbstractBeanFactory.lambda$doGetBean$0(AbstractBeanFactory.java:336)
	at org.springframework.beans.factory.support.DefaultSingletonBeanRegistry.getSingleton(DefaultSingletonBeanRegistry.java:307)
	at org.springframework.beans.factory.support.AbstractBeanFactory.doGetBean(AbstractBeanFactory.java:334)
	at org.springframework.beans.factory.support.AbstractBeanFactory.getBean(AbstractBeanFactory.java:199)
	at org.springframework.beans.factory.support.BeanDefinitionValueResolver.resolveReference(BeanDefinitionValueResolver.java:365)
	... 80 common frames omitted
Caused by: org.springframework.beans.factory.BeanCreationException: Error creating bean with name 'flywayInitializer' defined in class path resource [org/springframework/boot/autoconfigure/flyway/FlywayAutoConfiguration$FlywayConfiguration.class]: Migration V1.1__insert_book.sql failed
--------------------------------------
SQL State  : 42P01
Error Code : 0
Message    : ERROR: relation "book" does not exist
  Position: 13
Location   : db/migration/V1.1__insert_book.sql (C:\Users\Sanjar\IdeaProjects\kun_uz_practise\target\classes\db\migration\V1.1__insert_book.sql)
Line       : 1
Statement  : insert into book(description,title)values ("test description","test title")

	at org.springframework.beans.factory.support.AbstractAutowireCapableBeanFactory.initializeBean(AbstractAutowireCapableBeanFactory.java:1812)
	at org.springframework.beans.factory.support.AbstractAutowireCapableBeanFactory.doCreateBean(AbstractAutowireCapableBeanFactory.java:601)
	at org.springframework.beans.factory.support.AbstractAutowireCapableBeanFactory.createBean(AbstractAutowireCapableBeanFactory.java:523)
	at org.springframework.beans.factory.support.AbstractBeanFactory.lambda$doGetBean$0(AbstractBeanFactory.java:336)
	at org.springframework.beans.factory.support.DefaultSingletonBeanRegistry.getSingleton(DefaultSingletonBeanRegistry.java:307)
	at org.springframework.beans.factory.support.AbstractBeanFactory.doGetBean(AbstractBeanFactory.java:334)
	at org.springframework.beans.factory.support.AbstractBeanFactory.getBean(AbstractBeanFactory.java:199)
	at org.springframework.beans.factory.support.AbstractBeanFactory.doGetBean(AbstractBeanFactory.java:312)
	at org.springframework.beans.factory.support.AbstractBeanFactory.getBean(AbstractBeanFactory.java:199)
	at org.springframework.beans.factory.support.BeanDefinitionValueResolver.resolveReference(BeanDefinitionValueResolver.java:365)
	... 92 common frames omitted
Caused by: org.flywaydb.core.internal.command.DbMigrate$FlywayMigrateException: Migration V1.1__insert_book.sql failed
--------------------------------------
SQL State  : 42P01
Error Code : 0
Message    : ERROR: relation "book" does not exist
  Position: 13
Location   : db/migration/V1.1__insert_book.sql (C:\Users\Sanjar\IdeaProjects\kun_uz_practise\target\classes\db\migration\V1.1__insert_book.sql)
Line       : 1
Statement  : insert into book(description,title)values ("test description","test title")

	at org.flywaydb.core.internal.command.DbMigrate.doMigrateGroup(DbMigrate.java:382)
	at org.flywaydb.core.internal.command.DbMigrate.lambda$applyMigrations$1(DbMigrate.java:272)
	at org.flywaydb.core.internal.jdbc.TransactionalExecutionTemplate.execute(TransactionalExecutionTemplate.java:55)
	at org.flywaydb.core.internal.command.DbMigrate.applyMigrations(DbMigrate.java:271)
	at org.flywaydb.core.internal.command.DbMigrate.migrateGroup(DbMigrate.java:244)
	at org.flywaydb.core.internal.command.DbMigrate.lambda$migrateAll$0(DbMigrate.java:139)
	at org.flywaydb.core.internal.database.postgresql.PostgreSQLAdvisoryLockTemplate.execute(PostgreSQLAdvisoryLockTemplate.java:73)
	at org.flywaydb.core.internal.database.postgresql.PostgreSQLAdvisoryLockTemplate.lambda$execute$0(PostgreSQLAdvisoryLockTemplate.java:56)
	at org.flywaydb.core.internal.jdbc.TransactionalExecutionTemplate.execute(TransactionalExecutionTemplate.java:55)
	at org.flywaydb.core.internal.database.postgresql.PostgreSQLAdvisoryLockTemplate.execute(PostgreSQLAdvisoryLockTemplate.java:56)
	at org.flywaydb.core.internal.database.postgresql.PostgreSQLConnection.lock(PostgreSQLConnection.java:96)
	at org.flywaydb.core.internal.schemahistory.JdbcTableSchemaHistory.lock(JdbcTableSchemaHistory.java:144)
	at org.flywaydb.core.internal.command.DbMigrate.migrateAll(DbMigrate.java:139)
	at org.flywaydb.core.internal.command.DbMigrate.migrate(DbMigrate.java:97)
	at org.flywaydb.core.Flyway.lambda$migrate$0(Flyway.java:188)
	at org.flywaydb.core.FlywayExecutor.execute(FlywayExecutor.java:213)
	at org.flywaydb.core.Flyway.migrate(Flyway.java:140)
	at org.springframework.boot.autoconfigure.flyway.FlywayMigrationInitializer.afterPropertiesSet(FlywayMigrationInitializer.java:66)
	at org.springframework.beans.factory.support.AbstractAutowireCapableBeanFactory.invokeInitMethods(AbstractAutowireCapableBeanFactory.java:1859)
	at org.springframework.beans.factory.support.AbstractAutowireCapableBeanFactory.initializeBean(AbstractAutowireCapableBeanFactory.java:1808)
	... 101 common frames omitted
Caused by: org.flywaydb.core.internal.sqlscript.FlywaySqlScriptException: Migration V1.1__insert_book.sql failed
--------------------------------------
SQL State  : 42P01
Error Code : 0
Message    : ERROR: relation "book" does not exist
  Position: 13
Location   : db/migration/V1.1__insert_book.sql (C:\Users\Sanjar\IdeaProjects\kun_uz_practise\target\classes\db\migration\V1.1__insert_book.sql)
Line       : 1
Statement  : insert into book(description,title)values ("test description","test title")

	at org.flywaydb.core.internal.sqlscript.DefaultSqlScriptExecutor.handleException(DefaultSqlScriptExecutor.java:267)
	at org.flywaydb.core.internal.sqlscript.DefaultSqlScriptExecutor.executeStatement(DefaultSqlScriptExecutor.java:222)
	at org.flywaydb.core.internal.sqlscript.DefaultSqlScriptExecutor.execute(DefaultSqlScriptExecutor.java:126)
	at org.flywaydb.core.internal.resolver.sql.SqlMigrationExecutor.executeOnce(SqlMigrationExecutor.java:68)
	at org.flywaydb.core.internal.resolver.sql.SqlMigrationExecutor.lambda$execute$0(SqlMigrationExecutor.java:57)
	at org.flywaydb.core.internal.database.DefaultExecutionStrategy.execute(DefaultExecutionStrategy.java:27)
	at org.flywaydb.core.internal.resolver.sql.SqlMigrationExecutor.execute(SqlMigrationExecutor.java:56)
	at org.flywaydb.core.internal.command.DbMigrate.doMigrateGroup(DbMigrate.java:374)
	... 120 common frames omitted
Caused by: org.postgresql.util.PSQLException: ERROR: relation "book" does not exist
  Position: 13
	at org.postgresql.core.v3.QueryExecutorImpl.receiveErrorResponse(QueryExecutorImpl.java:2733)
	at org.postgresql.core.v3.QueryExecutorImpl.processResults(QueryExecutorImpl.java:2420)
	at org.postgresql.core.v3.QueryExecutorImpl.execute(QueryExecutorImpl.java:372)
	at org.postgresql.jdbc.PgStatement.executeInternal(PgStatement.java:517)
	at org.postgresql.jdbc.PgStatement.execute(PgStatement.java:434)
	at org.postgresql.jdbc.PgStatement.executeWithFlags(PgStatement.java:356)
	at org.postgresql.jdbc.PgStatement.executeCachedSql(PgStatement.java:341)
	at org.postgresql.jdbc.PgStatement.executeWithFlags(PgStatement.java:317)
	at org.postgresql.jdbc.PgStatement.execute(PgStatement.java:312)
	at com.zaxxer.hikari.pool.ProxyStatement.execute(ProxyStatement.java:94)
	at com.zaxxer.hikari.pool.HikariProxyStatement.execute(HikariProxyStatement.java)
	at org.flywaydb.core.internal.jdbc.JdbcTemplate.executeStatement(JdbcTemplate.java:201)
	at org.flywaydb.core.internal.sqlscript.ParsedSqlStatement.execute(ParsedSqlStatement.java:95)
	at org.flywaydb.core.internal.sqlscript.DefaultSqlScriptExecutor.executeStatement(DefaultSqlScriptExecutor.java:210)
	... 126 common frames omitted
19 Feb 2025 - 13:58:24.233 - c.example.KunUzPractiseApplication -  INFO  - Starting KunUzPractiseApplication using Java 23.0.1 with PID 11756 (C:\Users\Sanjar\IdeaProjects\kun_uz_practise\target\classes started by Sanjar in C:\Users\Sanjar\IdeaProjects\kun_uz_practise)
19 Feb 2025 - 13:58:24.243 - c.example.KunUzPractiseApplication -  INFO  - The following 1 profile is active: "local"
19 Feb 2025 - 13:58:24.955 - o.s.d.r.c.RepositoryConfigurationDelegate -  INFO  - Bootstrapping Spring Data JPA repositories in DEFAULT mode.
19 Feb 2025 - 13:58:25.040 - o.s.d.r.c.RepositoryConfigurationDelegate -  INFO  - Finished Spring Data repository scanning in 77 ms. Found 14 JPA repository interfaces.
19 Feb 2025 - 13:58:25.556 - o.s.b.w.e.tomcat.TomcatWebServer -  INFO  - Tomcat initialized with port 8080 (http)
19 Feb 2025 - 13:58:25.568 - o.a.catalina.core.StandardService -  INFO  - Starting service [Tomcat]
19 Feb 2025 - 13:58:25.568 - o.a.catalina.core.StandardEngine -  INFO  - Starting Servlet engine: [Apache Tomcat/10.1.34]
19 Feb 2025 - 13:58:25.610 - o.a.c.c.C.[Tomcat].[localhost].[/] -  INFO  - Initializing Spring embedded WebApplicationContext
19 Feb 2025 - 13:58:25.611 - o.s.b.w.s.c.ServletWebServerApplicationContext -  INFO  - Root WebApplicationContext: initialization completed in 1316 ms
19 Feb 2025 - 13:58:25.823 - com.zaxxer.hikari.HikariDataSource -  INFO  - HikariPool-1 - Starting...
19 Feb 2025 - 13:58:25.961 - com.zaxxer.hikari.pool.HikariPool -  INFO  - HikariPool-1 - Added connection org.postgresql.jdbc.PgConnection@27c53c32
19 Feb 2025 - 13:58:25.963 - com.zaxxer.hikari.HikariDataSource -  INFO  - HikariPool-1 - Start completed.
19 Feb 2025 - 13:58:25.974 - o.s.b.w.e.tomcat.TomcatStarter -  ERROR - Error starting Tomcat context. Exception: org.springframework.beans.factory.UnsatisfiedDependencyException. Message: Error creating bean with name 'jwtTokenFilter': Unsatisfied dependency expressed through field 'customUserDetailsService': Error creating bean with name 'customUserDetailsService': Unsatisfied dependency expressed through field 'profileRepository': Error creating bean with name 'profileRepository' defined in com.example.repository.ProfileRepository defined in @EnableJpaRepositories declared on JpaRepositoriesRegistrar.EnableJpaRepositoriesConfiguration: Cannot resolve reference to bean 'jpaSharedEM_entityManagerFactory' while setting bean property 'entityManager'
19 Feb 2025 - 13:58:25.993 - o.a.catalina.core.StandardService -  INFO  - Stopping service [Tomcat]
19 Feb 2025 - 13:58:25.996 - o.a.c.loader.WebappClassLoaderBase -  WARN  - The web application [ROOT] appears to have started a thread named [HikariPool-1 housekeeper] but has failed to stop it. This is very likely to create a memory leak. Stack trace of thread:
 java.base/jdk.internal.misc.Unsafe.park(Native Method)
 java.base/java.util.concurrent.locks.LockSupport.parkNanos(LockSupport.java:269)
 java.base/java.util.concurrent.locks.AbstractQueuedSynchronizer$ConditionObject.awaitNanos(AbstractQueuedSynchronizer.java:1763)
 java.base/java.util.concurrent.ScheduledThreadPoolExecutor$DelayedWorkQueue.take(ScheduledThreadPoolExecutor.java:1182)
 java.base/java.util.concurrent.ScheduledThreadPoolExecutor$DelayedWorkQueue.take(ScheduledThreadPoolExecutor.java:899)
 java.base/java.util.concurrent.ThreadPoolExecutor.getTask(ThreadPoolExecutor.java:1070)
 java.base/java.util.concurrent.ThreadPoolExecutor.runWorker(ThreadPoolExecutor.java:1130)
 java.base/java.util.concurrent.ThreadPoolExecutor$Worker.run(ThreadPoolExecutor.java:642)
 java.base/java.lang.Thread.run(Thread.java:1575)
19 Feb 2025 - 13:58:25.998 - o.s.b.w.s.c.AnnotationConfigServletWebServerApplicationContext -  WARN  - Exception encountered during context initialization - cancelling refresh attempt: org.springframework.context.ApplicationContextException: Unable to start web server
19 Feb 2025 - 13:58:25.998 - com.zaxxer.hikari.HikariDataSource -  INFO  - HikariPool-1 - Shutdown initiated...
19 Feb 2025 - 13:58:26.000 - com.zaxxer.hikari.HikariDataSource -  INFO  - HikariPool-1 - Shutdown completed.
19 Feb 2025 - 13:58:26.008 - o.s.b.a.l.ConditionEvaluationReportLogger -  INFO  - 

Error starting ApplicationContext. To display the condition evaluation report re-run your application with 'debug' enabled.
19 Feb 2025 - 13:58:26.023 - o.s.boot.SpringApplication -  ERROR - Application run failed
org.springframework.context.ApplicationContextException: Unable to start web server
	at org.springframework.boot.web.servlet.context.ServletWebServerApplicationContext.onRefresh(ServletWebServerApplicationContext.java:165)
	at org.springframework.context.support.AbstractApplicationContext.refresh(AbstractApplicationContext.java:621)
	at org.springframework.boot.web.servlet.context.ServletWebServerApplicationContext.refresh(ServletWebServerApplicationContext.java:146)
	at org.springframework.boot.SpringApplication.refresh(SpringApplication.java:752)
	at org.springframework.boot.SpringApplication.refreshContext(SpringApplication.java:439)
	at org.springframework.boot.SpringApplication.run(SpringApplication.java:318)
	at org.springframework.boot.SpringApplication.run(SpringApplication.java:1361)
	at org.springframework.boot.SpringApplication.run(SpringApplication.java:1350)
	at com.example.KunUzPractiseApplication.main(KunUzPractiseApplication.java:10)
Caused by: org.springframework.boot.web.server.WebServerException: Unable to start embedded Tomcat
	at org.springframework.boot.web.embedded.tomcat.TomcatWebServer.initialize(TomcatWebServer.java:147)
	at org.springframework.boot.web.embedded.tomcat.TomcatWebServer.<init>(TomcatWebServer.java:107)
	at org.springframework.boot.web.embedded.tomcat.TomcatServletWebServerFactory.getTomcatWebServer(TomcatServletWebServerFactory.java:516)
	at org.springframework.boot.web.embedded.tomcat.TomcatServletWebServerFactory.getWebServer(TomcatServletWebServerFactory.java:222)
	at org.springframework.boot.web.servlet.context.ServletWebServerApplicationContext.createWebServer(ServletWebServerApplicationContext.java:188)
	at org.springframework.boot.web.servlet.context.ServletWebServerApplicationContext.onRefresh(ServletWebServerApplicationContext.java:162)
	... 8 common frames omitted
Caused by: org.springframework.beans.factory.UnsatisfiedDependencyException: Error creating bean with name 'jwtTokenFilter': Unsatisfied dependency expressed through field 'customUserDetailsService': Error creating bean with name 'customUserDetailsService': Unsatisfied dependency expressed through field 'profileRepository': Error creating bean with name 'profileRepository' defined in com.example.repository.ProfileRepository defined in @EnableJpaRepositories declared on JpaRepositoriesRegistrar.EnableJpaRepositoriesConfiguration: Cannot resolve reference to bean 'jpaSharedEM_entityManagerFactory' while setting bean property 'entityManager'
	at org.springframework.beans.factory.annotation.AutowiredAnnotationBeanPostProcessor$AutowiredFieldElement.resolveFieldValue(AutowiredAnnotationBeanPostProcessor.java:788)
	at org.springframework.beans.factory.annotation.AutowiredAnnotationBeanPostProcessor$AutowiredFieldElement.inject(AutowiredAnnotationBeanPostProcessor.java:768)
	at org.springframework.beans.factory.annotation.InjectionMetadata.inject(InjectionMetadata.java:146)
	at org.springframework.beans.factory.annotation.AutowiredAnnotationBeanPostProcessor.postProcessProperties(AutowiredAnnotationBeanPostProcessor.java:509)
	at org.springframework.beans.factory.support.AbstractAutowireCapableBeanFactory.populateBean(AbstractAutowireCapableBeanFactory.java:1445)
	at org.springframework.beans.factory.support.AbstractAutowireCapableBeanFactory.doCreateBean(AbstractAutowireCapableBeanFactory.java:600)
	at org.springframework.beans.factory.support.AbstractAutowireCapableBeanFactory.createBean(AbstractAutowireCapableBeanFactory.java:523)
	at org.springframework.beans.factory.support.AbstractBeanFactory.lambda$doGetBean$0(AbstractBeanFactory.java:336)
	at org.springframework.beans.factory.support.DefaultSingletonBeanRegistry.getSingleton(DefaultSingletonBeanRegistry.java:307)
	at org.springframework.beans.factory.support.AbstractBeanFactory.doGetBean(AbstractBeanFactory.java:334)
	at org.springframework.beans.factory.support.AbstractBeanFactory.getBean(AbstractBeanFactory.java:204)
	at org.springframework.boot.web.servlet.ServletContextInitializerBeans.getOrderedBeansOfType(ServletContextInitializerBeans.java:211)
	at org.springframework.boot.web.servlet.ServletContextInitializerBeans.addAsRegistrationBean(ServletContextInitializerBeans.java:174)
	at org.springframework.boot.web.servlet.ServletContextInitializerBeans.addAsRegistrationBean(ServletContextInitializerBeans.java:169)
	at org.springframework.boot.web.servlet.ServletContextInitializerBeans.addAdaptableBeans(ServletContextInitializerBeans.java:154)
	at org.springframework.boot.web.servlet.ServletContextInitializerBeans.<init>(ServletContextInitializerBeans.java:87)
	at org.springframework.boot.web.servlet.context.ServletWebServerApplicationContext.getServletContextInitializerBeans(ServletWebServerApplicationContext.java:266)
	at org.springframework.boot.web.servlet.context.ServletWebServerApplicationContext.selfInitialize(ServletWebServerApplicationContext.java:240)
	at org.springframework.boot.web.embedded.tomcat.TomcatStarter.onStartup(TomcatStarter.java:52)
	at org.apache.catalina.core.StandardContext.startInternal(StandardContext.java:4426)
	at org.apache.catalina.util.LifecycleBase.start(LifecycleBase.java:164)
	at org.apache.catalina.core.ContainerBase$StartChild.call(ContainerBase.java:1203)
	at org.apache.catalina.core.ContainerBase$StartChild.call(ContainerBase.java:1193)
	at java.base/java.util.concurrent.FutureTask.run(FutureTask.java:317)
	at org.apache.tomcat.util.threads.InlineExecutorService.execute(InlineExecutorService.java:75)
	at java.base/java.util.concurrent.AbstractExecutorService.submit(AbstractExecutorService.java:148)
	at org.apache.catalina.core.ContainerBase.startInternal(ContainerBase.java:749)
	at org.apache.catalina.core.StandardHost.startInternal(StandardHost.java:772)
	at org.apache.catalina.util.LifecycleBase.start(LifecycleBase.java:164)
	at org.apache.catalina.core.ContainerBase$StartChild.call(ContainerBase.java:1203)
	at org.apache.catalina.core.ContainerBase$StartChild.call(ContainerBase.java:1193)
	at java.base/java.util.concurrent.FutureTask.run(FutureTask.java:317)
	at org.apache.tomcat.util.threads.InlineExecutorService.execute(InlineExecutorService.java:75)
	at java.base/java.util.concurrent.AbstractExecutorService.submit(AbstractExecutorService.java:148)
	at org.apache.catalina.core.ContainerBase.startInternal(ContainerBase.java:749)
	at org.apache.catalina.core.StandardEngine.startInternal(StandardEngine.java:203)
	at org.apache.catalina.util.LifecycleBase.start(LifecycleBase.java:164)
	at org.apache.catalina.core.StandardService.startInternal(StandardService.java:415)
	at org.apache.catalina.util.LifecycleBase.start(LifecycleBase.java:164)
	at org.apache.catalina.core.StandardServer.startInternal(StandardServer.java:870)
	at org.apache.catalina.util.LifecycleBase.start(LifecycleBase.java:164)
	at org.apache.catalina.startup.Tomcat.start(Tomcat.java:437)
	at org.springframework.boot.web.embedded.tomcat.TomcatWebServer.initialize(TomcatWebServer.java:128)
	... 13 common frames omitted
Caused by: org.springframework.beans.factory.UnsatisfiedDependencyException: Error creating bean with name 'customUserDetailsService': Unsatisfied dependency expressed through field 'profileRepository': Error creating bean with name 'profileRepository' defined in com.example.repository.ProfileRepository defined in @EnableJpaRepositories declared on JpaRepositoriesRegistrar.EnableJpaRepositoriesConfiguration: Cannot resolve reference to bean 'jpaSharedEM_entityManagerFactory' while setting bean property 'entityManager'
	at org.springframework.beans.factory.annotation.AutowiredAnnotationBeanPostProcessor$AutowiredFieldElement.resolveFieldValue(AutowiredAnnotationBeanPostProcessor.java:788)
	at org.springframework.beans.factory.annotation.AutowiredAnnotationBeanPostProcessor$AutowiredFieldElement.inject(AutowiredAnnotationBeanPostProcessor.java:768)
	at org.springframework.beans.factory.annotation.InjectionMetadata.inject(InjectionMetadata.java:146)
	at org.springframework.beans.factory.annotation.AutowiredAnnotationBeanPostProcessor.postProcessProperties(AutowiredAnnotationBeanPostProcessor.java:509)
	at org.springframework.beans.factory.support.AbstractAutowireCapableBeanFactory.populateBean(AbstractAutowireCapableBeanFactory.java:1445)
	at org.springframework.beans.factory.support.AbstractAutowireCapableBeanFactory.doCreateBean(AbstractAutowireCapableBeanFactory.java:600)
	at org.springframework.beans.factory.support.AbstractAutowireCapableBeanFactory.createBean(AbstractAutowireCapableBeanFactory.java:523)
	at org.springframework.beans.factory.support.AbstractBeanFactory.lambda$doGetBean$0(AbstractBeanFactory.java:336)
	at org.springframework.beans.factory.support.DefaultSingletonBeanRegistry.getSingleton(DefaultSingletonBeanRegistry.java:307)
	at org.springframework.beans.factory.support.AbstractBeanFactory.doGetBean(AbstractBeanFactory.java:334)
	at org.springframework.beans.factory.support.AbstractBeanFactory.getBean(AbstractBeanFactory.java:199)
	at org.springframework.beans.factory.support.DefaultListableBeanFactory.doResolveDependency(DefaultListableBeanFactory.java:1573)
	at org.springframework.beans.factory.support.DefaultListableBeanFactory.resolveDependency(DefaultListableBeanFactory.java:1519)
	at org.springframework.beans.factory.annotation.AutowiredAnnotationBeanPostProcessor$AutowiredFieldElement.resolveFieldValue(AutowiredAnnotationBeanPostProcessor.java:785)
	... 55 common frames omitted
Caused by: org.springframework.beans.factory.BeanCreationException: Error creating bean with name 'profileRepository' defined in com.example.repository.ProfileRepository defined in @EnableJpaRepositories declared on JpaRepositoriesRegistrar.EnableJpaRepositoriesConfiguration: Cannot resolve reference to bean 'jpaSharedEM_entityManagerFactory' while setting bean property 'entityManager'
	at org.springframework.beans.factory.support.BeanDefinitionValueResolver.resolveReference(BeanDefinitionValueResolver.java:377)
	at org.springframework.beans.factory.support.BeanDefinitionValueResolver.resolveValueIfNecessary(BeanDefinitionValueResolver.java:135)
	at org.springframework.beans.factory.support.AbstractAutowireCapableBeanFactory.applyPropertyValues(AbstractAutowireCapableBeanFactory.java:1711)
	at org.springframework.beans.factory.support.AbstractAutowireCapableBeanFactory.populateBean(AbstractAutowireCapableBeanFactory.java:1460)
	at org.springframework.beans.factory.support.AbstractAutowireCapableBeanFactory.doCreateBean(AbstractAutowireCapableBeanFactory.java:600)
	at org.springframework.beans.factory.support.AbstractAutowireCapableBeanFactory.createBean(AbstractAutowireCapableBeanFactory.java:523)
	at org.springframework.beans.factory.support.AbstractBeanFactory.lambda$doGetBean$0(AbstractBeanFactory.java:336)
	at org.springframework.beans.factory.support.DefaultSingletonBeanRegistry.getSingleton(DefaultSingletonBeanRegistry.java:307)
	at org.springframework.beans.factory.support.AbstractBeanFactory.doGetBean(AbstractBeanFactory.java:334)
	at org.springframework.beans.factory.support.AbstractBeanFactory.getBean(AbstractBeanFactory.java:199)
	at org.springframework.beans.factory.support.DefaultListableBeanFactory.doResolveDependency(DefaultListableBeanFactory.java:1573)
	at org.springframework.beans.factory.support.DefaultListableBeanFactory.resolveDependency(DefaultListableBeanFactory.java:1519)
	at org.springframework.beans.factory.annotation.AutowiredAnnotationBeanPostProcessor$AutowiredFieldElement.resolveFieldValue(AutowiredAnnotationBeanPostProcessor.java:785)
	... 68 common frames omitted
Caused by: org.springframework.beans.factory.BeanCreationException: Error creating bean with name 'jpaSharedEM_entityManagerFactory': Cannot resolve reference to bean 'entityManagerFactory' while setting constructor argument
	at org.springframework.beans.factory.support.BeanDefinitionValueResolver.resolveReference(BeanDefinitionValueResolver.java:377)
	at org.springframework.beans.factory.support.BeanDefinitionValueResolver.resolveValueIfNecessary(BeanDefinitionValueResolver.java:135)
	at org.springframework.beans.factory.support.ConstructorResolver.resolveConstructorArguments(ConstructorResolver.java:691)
	at org.springframework.beans.factory.support.ConstructorResolver.instantiateUsingFactoryMethod(ConstructorResolver.java:513)
	at org.springframework.beans.factory.support.AbstractAutowireCapableBeanFactory.instantiateUsingFactoryMethod(AbstractAutowireCapableBeanFactory.java:1361)
	at org.springframework.beans.factory.support.AbstractAutowireCapableBeanFactory.createBeanInstance(AbstractAutowireCapableBeanFactory.java:1191)
	at org.springframework.beans.factory.support.AbstractAutowireCapableBeanFactory.doCreateBean(AbstractAutowireCapableBeanFactory.java:563)
	at org.springframework.beans.factory.support.AbstractAutowireCapableBeanFactory.createBean(AbstractAutowireCapableBeanFactory.java:523)
	at org.springframework.beans.factory.support.AbstractBeanFactory.lambda$doGetBean$0(AbstractBeanFactory.java:336)
	at org.springframework.beans.factory.support.DefaultSingletonBeanRegistry.getSingleton(DefaultSingletonBeanRegistry.java:307)
	at org.springframework.beans.factory.support.AbstractBeanFactory.doGetBean(AbstractBeanFactory.java:334)
	at org.springframework.beans.factory.support.AbstractBeanFactory.getBean(AbstractBeanFactory.java:199)
	at org.springframework.beans.factory.support.BeanDefinitionValueResolver.resolveReference(BeanDefinitionValueResolver.java:365)
	... 80 common frames omitted
Caused by: org.springframework.beans.factory.BeanCreationException: Error creating bean with name 'flywayInitializer' defined in class path resource [org/springframework/boot/autoconfigure/flyway/FlywayAutoConfiguration$FlywayConfiguration.class]: Unsupported Database: PostgreSQL 17.2
	at org.springframework.beans.factory.support.AbstractAutowireCapableBeanFactory.initializeBean(AbstractAutowireCapableBeanFactory.java:1812)
	at org.springframework.beans.factory.support.AbstractAutowireCapableBeanFactory.doCreateBean(AbstractAutowireCapableBeanFactory.java:601)
	at org.springframework.beans.factory.support.AbstractAutowireCapableBeanFactory.createBean(AbstractAutowireCapableBeanFactory.java:523)
	at org.springframework.beans.factory.support.AbstractBeanFactory.lambda$doGetBean$0(AbstractBeanFactory.java:336)
	at org.springframework.beans.factory.support.DefaultSingletonBeanRegistry.getSingleton(DefaultSingletonBeanRegistry.java:307)
	at org.springframework.beans.factory.support.AbstractBeanFactory.doGetBean(AbstractBeanFactory.java:334)
	at org.springframework.beans.factory.support.AbstractBeanFactory.getBean(AbstractBeanFactory.java:199)
	at org.springframework.beans.factory.support.AbstractBeanFactory.doGetBean(AbstractBeanFactory.java:312)
	at org.springframework.beans.factory.support.AbstractBeanFactory.getBean(AbstractBeanFactory.java:199)
	at org.springframework.beans.factory.support.BeanDefinitionValueResolver.resolveReference(BeanDefinitionValueResolver.java:365)
	... 92 common frames omitted
Caused by: org.flywaydb.core.api.FlywayException: Unsupported Database: PostgreSQL 17.2
	at org.flywaydb.core.internal.database.DatabaseTypeRegister.lambda$getDatabaseTypeForConnection$7(DatabaseTypeRegister.java:124)
	at java.base/java.util.Optional.orElseThrow(Optional.java:403)
	at org.flywaydb.core.internal.database.DatabaseTypeRegister.getDatabaseTypeForConnection(DatabaseTypeRegister.java:124)
	at org.flywaydb.core.internal.jdbc.JdbcConnectionFactory.<init>(JdbcConnectionFactory.java:77)
	at org.flywaydb.core.FlywayExecutor.execute(FlywayExecutor.java:137)
	at org.flywaydb.core.Flyway.migrate(Flyway.java:176)
	at org.springframework.boot.autoconfigure.flyway.FlywayMigrationInitializer.afterPropertiesSet(FlywayMigrationInitializer.java:66)
	at org.springframework.beans.factory.support.AbstractAutowireCapableBeanFactory.invokeInitMethods(AbstractAutowireCapableBeanFactory.java:1859)
	at org.springframework.beans.factory.support.AbstractAutowireCapableBeanFactory.initializeBean(AbstractAutowireCapableBeanFactory.java:1808)
	... 101 common frames omitted
19 Feb 2025 - 13:59:47.254 - c.example.KunUzPractiseApplication -  INFO  - Starting KunUzPractiseApplication using Java 23.0.1 with PID 12748 (C:\Users\Sanjar\IdeaProjects\kun_uz_practise\target\classes started by Sanjar in C:\Users\Sanjar\IdeaProjects\kun_uz_practise)
19 Feb 2025 - 13:59:47.265 - c.example.KunUzPractiseApplication -  INFO  - The following 1 profile is active: "local"
19 Feb 2025 - 13:59:47.961 - o.s.d.r.c.RepositoryConfigurationDelegate -  INFO  - Bootstrapping Spring Data JPA repositories in DEFAULT mode.
19 Feb 2025 - 13:59:48.045 - o.s.d.r.c.RepositoryConfigurationDelegate -  INFO  - Finished Spring Data repository scanning in 77 ms. Found 14 JPA repository interfaces.
19 Feb 2025 - 13:59:48.546 - o.s.b.w.e.tomcat.TomcatWebServer -  INFO  - Tomcat initialized with port 8080 (http)
19 Feb 2025 - 13:59:48.559 - o.a.catalina.core.StandardService -  INFO  - Starting service [Tomcat]
19 Feb 2025 - 13:59:48.559 - o.a.catalina.core.StandardEngine -  INFO  - Starting Servlet engine: [Apache Tomcat/10.1.34]
19 Feb 2025 - 13:59:48.599 - o.a.c.c.C.[Tomcat].[localhost].[/] -  INFO  - Initializing Spring embedded WebApplicationContext
19 Feb 2025 - 13:59:48.600 - o.s.b.w.s.c.ServletWebServerApplicationContext -  INFO  - Root WebApplicationContext: initialization completed in 1282 ms
19 Feb 2025 - 13:59:48.663 - com.zaxxer.hikari.HikariDataSource -  INFO  - HikariPool-1 - Starting...
19 Feb 2025 - 13:59:48.926 - com.zaxxer.hikari.pool.HikariPool -  INFO  - HikariPool-1 - Added connection org.postgresql.jdbc.PgConnection@75eaba95
19 Feb 2025 - 13:59:48.928 - com.zaxxer.hikari.HikariDataSource -  INFO  - HikariPool-1 - Start completed.
19 Feb 2025 - 13:59:49.005 - o.h.jpa.internal.util.LogHelper -  INFO  - HHH000204: Processing PersistenceUnitInfo [name: default]
19 Feb 2025 - 13:59:49.052 - org.hibernate.Version -  INFO  - HHH000412: Hibernate ORM core version 6.6.5.Final
19 Feb 2025 - 13:59:49.080 - o.h.c.i.RegionFactoryInitiator -  INFO  - HHH000026: Second-level cache disabled
19 Feb 2025 - 13:59:49.325 - o.s.o.j.p.SpringPersistenceUnitInfo -  INFO  - No LoadTimeWeaver setup: ignoring JPA class transformer
19 Feb 2025 - 13:59:49.402 - o.hibernate.orm.connections.pooling -  INFO  - HHH10001005: Database info:
	Database JDBC URL [Connecting through datasource 'HikariDataSource (HikariPool-1)']
	Database driver: undefined/unknown
	Database version: 17.2
	Autocommit mode: undefined/unknown
	Isolation level: undefined/unknown
	Minimum pool size: undefined/unknown
	Maximum pool size: undefined/unknown
19 Feb 2025 - 13:59:50.497 - o.h.e.t.j.p.i.JtaPlatformInitiator -  INFO  - HHH000489: No JTA platform available (set 'hibernate.transaction.jta.platform' to enable JTA platform integration)
19 Feb 2025 - 13:59:51.152 - o.s.o.j.LocalContainerEntityManagerFactoryBean -  INFO  - Initialized JPA EntityManagerFactory for persistence unit 'default'
19 Feb 2025 - 13:59:51.408 - o.s.d.j.r.query.QueryEnhancerFactory -  INFO  - Hibernate is in classpath; If applicable, HQL parser will be used.
19 Feb 2025 - 13:59:52.754 - o.s.b.a.o.j.JpaBaseConfiguration$JpaWebConfiguration -  WARN  - spring.jpa.open-in-view is enabled by default. Therefore, database queries may be performed during view rendering. Explicitly configure spring.jpa.open-in-view to disable this warning
19 Feb 2025 - 13:59:52.781 - o.s.s.c.a.a.c.InitializeAuthenticationProviderBeanManagerConfigurer$InitializeAuthenticationProviderManagerConfigurer -  INFO  - Global AuthenticationManager configured with AuthenticationProvider bean with name authenticationProvider
19 Feb 2025 - 13:59:52.782 - o.s.s.c.a.a.c.InitializeUserDetailsBeanManagerConfigurer$InitializeUserDetailsManagerConfigurer -  WARN  - Global AuthenticationManager configured with an AuthenticationProvider bean. UserDetailsService beans will not be used by Spring Security for automatically configuring username/password login. Consider removing the AuthenticationProvider bean. Alternatively, consider using the UserDetailsService in a manually instantiated DaoAuthenticationProvider. If the current configuration is intentional, to turn off this warning, increase the logging level of 'org.springframework.security.config.annotation.authentication.configuration.InitializeUserDetailsBeanManagerConfigurer' to ERROR
19 Feb 2025 - 13:59:53.358 - o.s.b.w.e.tomcat.TomcatWebServer -  INFO  - Tomcat started on port 8080 (http) with context path '/'
19 Feb 2025 - 13:59:53.365 - c.example.KunUzPractiseApplication -  INFO  - Started KunUzPractiseApplication in 6.599 seconds (process running for 7.261)
19 Feb 2025 - 14:01:41.238 - o.s.b.w.e.tomcat.GracefulShutdown -  INFO  - Commencing graceful shutdown. Waiting for active requests to complete
19 Feb 2025 - 14:01:41.243 - o.s.b.w.e.tomcat.GracefulShutdown -  INFO  - Graceful shutdown complete
19 Feb 2025 - 14:01:41.250 - o.s.o.j.LocalContainerEntityManagerFactoryBean -  INFO  - Closing JPA EntityManagerFactory for persistence unit 'default'
19 Feb 2025 - 14:01:41.251 - com.zaxxer.hikari.HikariDataSource -  INFO  - HikariPool-1 - Shutdown initiated...
19 Feb 2025 - 14:01:41.255 - com.zaxxer.hikari.HikariDataSource -  INFO  - HikariPool-1 - Shutdown completed.
19 Feb 2025 - 14:01:49.050 - c.example.KunUzPractiseApplication -  INFO  - Starting KunUzPractiseApplication using Java 23.0.1 with PID 2500 (C:\Users\Sanjar\IdeaProjects\kun_uz_practise\target\classes started by Sanjar in C:\Users\Sanjar\IdeaProjects\kun_uz_practise)
19 Feb 2025 - 14:01:49.058 - c.example.KunUzPractiseApplication -  INFO  - The following 1 profile is active: "local"
19 Feb 2025 - 14:01:49.742 - o.s.d.r.c.RepositoryConfigurationDelegate -  INFO  - Bootstrapping Spring Data JPA repositories in DEFAULT mode.
19 Feb 2025 - 14:01:49.828 - o.s.d.r.c.RepositoryConfigurationDelegate -  INFO  - Finished Spring Data repository scanning in 78 ms. Found 14 JPA repository interfaces.
19 Feb 2025 - 14:01:50.343 - o.s.b.w.e.tomcat.TomcatWebServer -  INFO  - Tomcat initialized with port 8080 (http)
19 Feb 2025 - 14:01:50.355 - o.a.catalina.core.StandardService -  INFO  - Starting service [Tomcat]
19 Feb 2025 - 14:01:50.355 - o.a.catalina.core.StandardEngine -  INFO  - Starting Servlet engine: [Apache Tomcat/10.1.34]
19 Feb 2025 - 14:01:50.397 - o.a.c.c.C.[Tomcat].[localhost].[/] -  INFO  - Initializing Spring embedded WebApplicationContext
19 Feb 2025 - 14:01:50.397 - o.s.b.w.s.c.ServletWebServerApplicationContext -  INFO  - Root WebApplicationContext: initialization completed in 1289 ms
19 Feb 2025 - 14:01:50.476 - com.zaxxer.hikari.HikariDataSource -  INFO  - HikariPool-1 - Starting...
19 Feb 2025 - 14:01:50.640 - com.zaxxer.hikari.pool.HikariPool -  INFO  - HikariPool-1 - Added connection org.postgresql.jdbc.PgConnection@1788cb61
19 Feb 2025 - 14:01:50.642 - com.zaxxer.hikari.HikariDataSource -  INFO  - HikariPool-1 - Start completed.
19 Feb 2025 - 14:01:50.703 - o.f.c.i.license.VersionPrinter -  INFO  - Flyway Community Edition 9.22.3 by Redgate
19 Feb 2025 - 14:01:50.703 - o.f.c.i.license.VersionPrinter -  INFO  - See release notes here: https://rd.gt/416ObMi
19 Feb 2025 - 14:01:50.703 - o.f.c.i.license.VersionPrinter -  INFO  - 
19 Feb 2025 - 14:01:50.715 - org.flywaydb.core.FlywayExecutor -  INFO  - Database: jdbc:postgresql://localhost:5432/kun_uz_practise (PostgreSQL 17.2)
19 Feb 2025 - 14:01:50.720 - o.f.c.i.database.base.Database -  WARN  - Flyway upgrade recommended: PostgreSQL 17.2 is newer than this version of Flyway and support has not been tested. The latest supported version of PostgreSQL is 15.
19 Feb 2025 - 14:01:50.746 - o.f.core.internal.command.DbValidate -  INFO  - Successfully validated 3 migrations (execution time 00:00.017s)
19 Feb 2025 - 14:01:50.787 - o.f.core.internal.command.DbMigrate -  INFO  - Current version of schema "public": 1
19 Feb 2025 - 14:01:50.795 - o.f.core.internal.command.DbMigrate -  INFO  - Migrating schema "public" to version "1.1 - insert book"
19 Feb 2025 - 14:01:50.804 - o.f.core.internal.command.DbMigrate -  ERROR - Migration of schema "public" to version "1.1 - insert book" failed! Changes successfully rolled back.
19 Feb 2025 - 14:01:50.808 - o.s.b.w.e.tomcat.TomcatStarter -  ERROR - Error starting Tomcat context. Exception: org.springframework.beans.factory.UnsatisfiedDependencyException. Message: Error creating bean with name 'jwtTokenFilter': Unsatisfied dependency expressed through field 'customUserDetailsService': Error creating bean with name 'customUserDetailsService': Unsatisfied dependency expressed through field 'profileRepository': Error creating bean with name 'profileRepository' defined in com.example.repository.ProfileRepository defined in @EnableJpaRepositories declared on JpaRepositoriesRegistrar.EnableJpaRepositoriesConfiguration: Cannot resolve reference to bean 'jpaSharedEM_entityManagerFactory' while setting bean property 'entityManager'
19 Feb 2025 - 14:01:50.828 - o.a.catalina.core.StandardService -  INFO  - Stopping service [Tomcat]
19 Feb 2025 - 14:01:50.831 - o.a.c.loader.WebappClassLoaderBase -  WARN  - The web application [ROOT] appears to have started a thread named [HikariPool-1 housekeeper] but has failed to stop it. This is very likely to create a memory leak. Stack trace of thread:
 java.base/jdk.internal.misc.Unsafe.park(Native Method)
 java.base/java.util.concurrent.locks.LockSupport.parkNanos(LockSupport.java:269)
 java.base/java.util.concurrent.locks.AbstractQueuedSynchronizer$ConditionObject.awaitNanos(AbstractQueuedSynchronizer.java:1763)
 java.base/java.util.concurrent.ScheduledThreadPoolExecutor$DelayedWorkQueue.take(ScheduledThreadPoolExecutor.java:1182)
 java.base/java.util.concurrent.ScheduledThreadPoolExecutor$DelayedWorkQueue.take(ScheduledThreadPoolExecutor.java:899)
 java.base/java.util.concurrent.ThreadPoolExecutor.getTask(ThreadPoolExecutor.java:1070)
 java.base/java.util.concurrent.ThreadPoolExecutor.runWorker(ThreadPoolExecutor.java:1130)
 java.base/java.util.concurrent.ThreadPoolExecutor$Worker.run(ThreadPoolExecutor.java:642)
 java.base/java.lang.Thread.run(Thread.java:1575)
19 Feb 2025 - 14:01:50.832 - o.a.c.loader.WebappClassLoaderBase -  WARN  - The web application [ROOT] appears to have started a thread named [HikariPool-1 connection adder] but has failed to stop it. This is very likely to create a memory leak. Stack trace of thread:
 java.base/sun.nio.ch.Net.poll(Native Method)
 java.base/sun.nio.ch.NioSocketImpl.park(NioSocketImpl.java:191)
 java.base/sun.nio.ch.NioSocketImpl.timedRead(NioSocketImpl.java:280)
 java.base/sun.nio.ch.NioSocketImpl.implRead(NioSocketImpl.java:304)
 java.base/sun.nio.ch.NioSocketImpl.read(NioSocketImpl.java:346)
 java.base/sun.nio.ch.NioSocketImpl$1.read(NioSocketImpl.java:796)
 java.base/java.net.Socket$SocketInputStream.implRead(Socket.java:1116)
 java.base/java.net.Socket$SocketInputStream.read(Socket.java:1103)
 org.postgresql.core.VisibleBufferedInputStream.readMore(VisibleBufferedInputStream.java:192)
 org.postgresql.core.VisibleBufferedInputStream.ensureBytes(VisibleBufferedInputStream.java:159)
 org.postgresql.core.VisibleBufferedInputStream.ensureBytes(VisibleBufferedInputStream.java:144)
 org.postgresql.core.VisibleBufferedInputStream.read(VisibleBufferedInputStream.java:76)
 org.postgresql.core.PGStream.receiveChar(PGStream.java:476)
 org.postgresql.core.v3.ConnectionFactoryImpl.enableSSL(ConnectionFactoryImpl.java:600)
 org.postgresql.core.v3.ConnectionFactoryImpl.tryConnect(ConnectionFactoryImpl.java:201)
 org.postgresql.core.v3.ConnectionFactoryImpl.openConnectionImpl(ConnectionFactoryImpl.java:268)
 org.postgresql.core.ConnectionFactory.openConnection(ConnectionFactory.java:54)
 org.postgresql.jdbc.PgConnection.<init>(PgConnection.java:273)
 org.postgresql.Driver.makeConnection(Driver.java:446)
 org.postgresql.Driver.connect(Driver.java:298)
 com.zaxxer.hikari.util.DriverDataSource.getConnection(DriverDataSource.java:137)
 com.zaxxer.hikari.pool.PoolBase.newConnection(PoolBase.java:360)
 com.zaxxer.hikari.pool.PoolBase.newPoolEntry(PoolBase.java:202)
 com.zaxxer.hikari.pool.HikariPool.createPoolEntry(HikariPool.java:461)
 com.zaxxer.hikari.pool.HikariPool$PoolEntryCreator.call(HikariPool.java:724)
 com.zaxxer.hikari.pool.HikariPool$PoolEntryCreator.call(HikariPool.java:703)
 java.base/java.util.concurrent.FutureTask.run(FutureTask.java:317)
 java.base/java.util.concurrent.ThreadPoolExecutor.runWorker(ThreadPoolExecutor.java:1144)
 java.base/java.util.concurrent.ThreadPoolExecutor$Worker.run(ThreadPoolExecutor.java:642)
 java.base/java.lang.Thread.run(Thread.java:1575)
19 Feb 2025 - 14:01:50.834 - o.s.b.w.s.c.AnnotationConfigServletWebServerApplicationContext -  WARN  - Exception encountered during context initialization - cancelling refresh attempt: org.springframework.context.ApplicationContextException: Unable to start web server
19 Feb 2025 - 14:01:50.834 - com.zaxxer.hikari.HikariDataSource -  INFO  - HikariPool-1 - Shutdown initiated...
19 Feb 2025 - 14:01:50.900 - com.zaxxer.hikari.HikariDataSource -  INFO  - HikariPool-1 - Shutdown completed.
19 Feb 2025 - 14:01:50.910 - o.s.b.a.l.ConditionEvaluationReportLogger -  INFO  - 

Error starting ApplicationContext. To display the condition evaluation report re-run your application with 'debug' enabled.
19 Feb 2025 - 14:01:50.937 - o.s.boot.SpringApplication -  ERROR - Application run failed
org.springframework.context.ApplicationContextException: Unable to start web server
	at org.springframework.boot.web.servlet.context.ServletWebServerApplicationContext.onRefresh(ServletWebServerApplicationContext.java:165)
	at org.springframework.context.support.AbstractApplicationContext.refresh(AbstractApplicationContext.java:621)
	at org.springframework.boot.web.servlet.context.ServletWebServerApplicationContext.refresh(ServletWebServerApplicationContext.java:146)
	at org.springframework.boot.SpringApplication.refresh(SpringApplication.java:752)
	at org.springframework.boot.SpringApplication.refreshContext(SpringApplication.java:439)
	at org.springframework.boot.SpringApplication.run(SpringApplication.java:318)
	at org.springframework.boot.SpringApplication.run(SpringApplication.java:1361)
	at org.springframework.boot.SpringApplication.run(SpringApplication.java:1350)
	at com.example.KunUzPractiseApplication.main(KunUzPractiseApplication.java:10)
Caused by: org.springframework.boot.web.server.WebServerException: Unable to start embedded Tomcat
	at org.springframework.boot.web.embedded.tomcat.TomcatWebServer.initialize(TomcatWebServer.java:147)
	at org.springframework.boot.web.embedded.tomcat.TomcatWebServer.<init>(TomcatWebServer.java:107)
	at org.springframework.boot.web.embedded.tomcat.TomcatServletWebServerFactory.getTomcatWebServer(TomcatServletWebServerFactory.java:516)
	at org.springframework.boot.web.embedded.tomcat.TomcatServletWebServerFactory.getWebServer(TomcatServletWebServerFactory.java:222)
	at org.springframework.boot.web.servlet.context.ServletWebServerApplicationContext.createWebServer(ServletWebServerApplicationContext.java:188)
	at org.springframework.boot.web.servlet.context.ServletWebServerApplicationContext.onRefresh(ServletWebServerApplicationContext.java:162)
	... 8 common frames omitted
Caused by: org.springframework.beans.factory.UnsatisfiedDependencyException: Error creating bean with name 'jwtTokenFilter': Unsatisfied dependency expressed through field 'customUserDetailsService': Error creating bean with name 'customUserDetailsService': Unsatisfied dependency expressed through field 'profileRepository': Error creating bean with name 'profileRepository' defined in com.example.repository.ProfileRepository defined in @EnableJpaRepositories declared on JpaRepositoriesRegistrar.EnableJpaRepositoriesConfiguration: Cannot resolve reference to bean 'jpaSharedEM_entityManagerFactory' while setting bean property 'entityManager'
	at org.springframework.beans.factory.annotation.AutowiredAnnotationBeanPostProcessor$AutowiredFieldElement.resolveFieldValue(AutowiredAnnotationBeanPostProcessor.java:788)
	at org.springframework.beans.factory.annotation.AutowiredAnnotationBeanPostProcessor$AutowiredFieldElement.inject(AutowiredAnnotationBeanPostProcessor.java:768)
	at org.springframework.beans.factory.annotation.InjectionMetadata.inject(InjectionMetadata.java:146)
	at org.springframework.beans.factory.annotation.AutowiredAnnotationBeanPostProcessor.postProcessProperties(AutowiredAnnotationBeanPostProcessor.java:509)
	at org.springframework.beans.factory.support.AbstractAutowireCapableBeanFactory.populateBean(AbstractAutowireCapableBeanFactory.java:1445)
	at org.springframework.beans.factory.support.AbstractAutowireCapableBeanFactory.doCreateBean(AbstractAutowireCapableBeanFactory.java:600)
	at org.springframework.beans.factory.support.AbstractAutowireCapableBeanFactory.createBean(AbstractAutowireCapableBeanFactory.java:523)
	at org.springframework.beans.factory.support.AbstractBeanFactory.lambda$doGetBean$0(AbstractBeanFactory.java:336)
	at org.springframework.beans.factory.support.DefaultSingletonBeanRegistry.getSingleton(DefaultSingletonBeanRegistry.java:307)
	at org.springframework.beans.factory.support.AbstractBeanFactory.doGetBean(AbstractBeanFactory.java:334)
	at org.springframework.beans.factory.support.AbstractBeanFactory.getBean(AbstractBeanFactory.java:204)
	at org.springframework.boot.web.servlet.ServletContextInitializerBeans.getOrderedBeansOfType(ServletContextInitializerBeans.java:211)
	at org.springframework.boot.web.servlet.ServletContextInitializerBeans.addAsRegistrationBean(ServletContextInitializerBeans.java:174)
	at org.springframework.boot.web.servlet.ServletContextInitializerBeans.addAsRegistrationBean(ServletContextInitializerBeans.java:169)
	at org.springframework.boot.web.servlet.ServletContextInitializerBeans.addAdaptableBeans(ServletContextInitializerBeans.java:154)
	at org.springframework.boot.web.servlet.ServletContextInitializerBeans.<init>(ServletContextInitializerBeans.java:87)
	at org.springframework.boot.web.servlet.context.ServletWebServerApplicationContext.getServletContextInitializerBeans(ServletWebServerApplicationContext.java:266)
	at org.springframework.boot.web.servlet.context.ServletWebServerApplicationContext.selfInitialize(ServletWebServerApplicationContext.java:240)
	at org.springframework.boot.web.embedded.tomcat.TomcatStarter.onStartup(TomcatStarter.java:52)
	at org.apache.catalina.core.StandardContext.startInternal(StandardContext.java:4426)
	at org.apache.catalina.util.LifecycleBase.start(LifecycleBase.java:164)
	at org.apache.catalina.core.ContainerBase$StartChild.call(ContainerBase.java:1203)
	at org.apache.catalina.core.ContainerBase$StartChild.call(ContainerBase.java:1193)
	at java.base/java.util.concurrent.FutureTask.run(FutureTask.java:317)
	at org.apache.tomcat.util.threads.InlineExecutorService.execute(InlineExecutorService.java:75)
	at java.base/java.util.concurrent.AbstractExecutorService.submit(AbstractExecutorService.java:148)
	at org.apache.catalina.core.ContainerBase.startInternal(ContainerBase.java:749)
	at org.apache.catalina.core.StandardHost.startInternal(StandardHost.java:772)
	at org.apache.catalina.util.LifecycleBase.start(LifecycleBase.java:164)
	at org.apache.catalina.core.ContainerBase$StartChild.call(ContainerBase.java:1203)
	at org.apache.catalina.core.ContainerBase$StartChild.call(ContainerBase.java:1193)
	at java.base/java.util.concurrent.FutureTask.run(FutureTask.java:317)
	at org.apache.tomcat.util.threads.InlineExecutorService.execute(InlineExecutorService.java:75)
	at java.base/java.util.concurrent.AbstractExecutorService.submit(AbstractExecutorService.java:148)
	at org.apache.catalina.core.ContainerBase.startInternal(ContainerBase.java:749)
	at org.apache.catalina.core.StandardEngine.startInternal(StandardEngine.java:203)
	at org.apache.catalina.util.LifecycleBase.start(LifecycleBase.java:164)
	at org.apache.catalina.core.StandardService.startInternal(StandardService.java:415)
	at org.apache.catalina.util.LifecycleBase.start(LifecycleBase.java:164)
	at org.apache.catalina.core.StandardServer.startInternal(StandardServer.java:870)
	at org.apache.catalina.util.LifecycleBase.start(LifecycleBase.java:164)
	at org.apache.catalina.startup.Tomcat.start(Tomcat.java:437)
	at org.springframework.boot.web.embedded.tomcat.TomcatWebServer.initialize(TomcatWebServer.java:128)
	... 13 common frames omitted
Caused by: org.springframework.beans.factory.UnsatisfiedDependencyException: Error creating bean with name 'customUserDetailsService': Unsatisfied dependency expressed through field 'profileRepository': Error creating bean with name 'profileRepository' defined in com.example.repository.ProfileRepository defined in @EnableJpaRepositories declared on JpaRepositoriesRegistrar.EnableJpaRepositoriesConfiguration: Cannot resolve reference to bean 'jpaSharedEM_entityManagerFactory' while setting bean property 'entityManager'
	at org.springframework.beans.factory.annotation.AutowiredAnnotationBeanPostProcessor$AutowiredFieldElement.resolveFieldValue(AutowiredAnnotationBeanPostProcessor.java:788)
	at org.springframework.beans.factory.annotation.AutowiredAnnotationBeanPostProcessor$AutowiredFieldElement.inject(AutowiredAnnotationBeanPostProcessor.java:768)
	at org.springframework.beans.factory.annotation.InjectionMetadata.inject(InjectionMetadata.java:146)
	at org.springframework.beans.factory.annotation.AutowiredAnnotationBeanPostProcessor.postProcessProperties(AutowiredAnnotationBeanPostProcessor.java:509)
	at org.springframework.beans.factory.support.AbstractAutowireCapableBeanFactory.populateBean(AbstractAutowireCapableBeanFactory.java:1445)
	at org.springframework.beans.factory.support.AbstractAutowireCapableBeanFactory.doCreateBean(AbstractAutowireCapableBeanFactory.java:600)
	at org.springframework.beans.factory.support.AbstractAutowireCapableBeanFactory.createBean(AbstractAutowireCapableBeanFactory.java:523)
	at org.springframework.beans.factory.support.AbstractBeanFactory.lambda$doGetBean$0(AbstractBeanFactory.java:336)
	at org.springframework.beans.factory.support.DefaultSingletonBeanRegistry.getSingleton(DefaultSingletonBeanRegistry.java:307)
	at org.springframework.beans.factory.support.AbstractBeanFactory.doGetBean(AbstractBeanFactory.java:334)
	at org.springframework.beans.factory.support.AbstractBeanFactory.getBean(AbstractBeanFactory.java:199)
	at org.springframework.beans.factory.support.DefaultListableBeanFactory.doResolveDependency(DefaultListableBeanFactory.java:1573)
	at org.springframework.beans.factory.support.DefaultListableBeanFactory.resolveDependency(DefaultListableBeanFactory.java:1519)
	at org.springframework.beans.factory.annotation.AutowiredAnnotationBeanPostProcessor$AutowiredFieldElement.resolveFieldValue(AutowiredAnnotationBeanPostProcessor.java:785)
	... 55 common frames omitted
Caused by: org.springframework.beans.factory.BeanCreationException: Error creating bean with name 'profileRepository' defined in com.example.repository.ProfileRepository defined in @EnableJpaRepositories declared on JpaRepositoriesRegistrar.EnableJpaRepositoriesConfiguration: Cannot resolve reference to bean 'jpaSharedEM_entityManagerFactory' while setting bean property 'entityManager'
	at org.springframework.beans.factory.support.BeanDefinitionValueResolver.resolveReference(BeanDefinitionValueResolver.java:377)
	at org.springframework.beans.factory.support.BeanDefinitionValueResolver.resolveValueIfNecessary(BeanDefinitionValueResolver.java:135)
	at org.springframework.beans.factory.support.AbstractAutowireCapableBeanFactory.applyPropertyValues(AbstractAutowireCapableBeanFactory.java:1711)
	at org.springframework.beans.factory.support.AbstractAutowireCapableBeanFactory.populateBean(AbstractAutowireCapableBeanFactory.java:1460)
	at org.springframework.beans.factory.support.AbstractAutowireCapableBeanFactory.doCreateBean(AbstractAutowireCapableBeanFactory.java:600)
	at org.springframework.beans.factory.support.AbstractAutowireCapableBeanFactory.createBean(AbstractAutowireCapableBeanFactory.java:523)
	at org.springframework.beans.factory.support.AbstractBeanFactory.lambda$doGetBean$0(AbstractBeanFactory.java:336)
	at org.springframework.beans.factory.support.DefaultSingletonBeanRegistry.getSingleton(DefaultSingletonBeanRegistry.java:307)
	at org.springframework.beans.factory.support.AbstractBeanFactory.doGetBean(AbstractBeanFactory.java:334)
	at org.springframework.beans.factory.support.AbstractBeanFactory.getBean(AbstractBeanFactory.java:199)
	at org.springframework.beans.factory.support.DefaultListableBeanFactory.doResolveDependency(DefaultListableBeanFactory.java:1573)
	at org.springframework.beans.factory.support.DefaultListableBeanFactory.resolveDependency(DefaultListableBeanFactory.java:1519)
	at org.springframework.beans.factory.annotation.AutowiredAnnotationBeanPostProcessor$AutowiredFieldElement.resolveFieldValue(AutowiredAnnotationBeanPostProcessor.java:785)
	... 68 common frames omitted
Caused by: org.springframework.beans.factory.BeanCreationException: Error creating bean with name 'jpaSharedEM_entityManagerFactory': Cannot resolve reference to bean 'entityManagerFactory' while setting constructor argument
	at org.springframework.beans.factory.support.BeanDefinitionValueResolver.resolveReference(BeanDefinitionValueResolver.java:377)
	at org.springframework.beans.factory.support.BeanDefinitionValueResolver.resolveValueIfNecessary(BeanDefinitionValueResolver.java:135)
	at org.springframework.beans.factory.support.ConstructorResolver.resolveConstructorArguments(ConstructorResolver.java:691)
	at org.springframework.beans.factory.support.ConstructorResolver.instantiateUsingFactoryMethod(ConstructorResolver.java:513)
	at org.springframework.beans.factory.support.AbstractAutowireCapableBeanFactory.instantiateUsingFactoryMethod(AbstractAutowireCapableBeanFactory.java:1361)
	at org.springframework.beans.factory.support.AbstractAutowireCapableBeanFactory.createBeanInstance(AbstractAutowireCapableBeanFactory.java:1191)
	at org.springframework.beans.factory.support.AbstractAutowireCapableBeanFactory.doCreateBean(AbstractAutowireCapableBeanFactory.java:563)
	at org.springframework.beans.factory.support.AbstractAutowireCapableBeanFactory.createBean(AbstractAutowireCapableBeanFactory.java:523)
	at org.springframework.beans.factory.support.AbstractBeanFactory.lambda$doGetBean$0(AbstractBeanFactory.java:336)
	at org.springframework.beans.factory.support.DefaultSingletonBeanRegistry.getSingleton(DefaultSingletonBeanRegistry.java:307)
	at org.springframework.beans.factory.support.AbstractBeanFactory.doGetBean(AbstractBeanFactory.java:334)
	at org.springframework.beans.factory.support.AbstractBeanFactory.getBean(AbstractBeanFactory.java:199)
	at org.springframework.beans.factory.support.BeanDefinitionValueResolver.resolveReference(BeanDefinitionValueResolver.java:365)
	... 80 common frames omitted
Caused by: org.springframework.beans.factory.BeanCreationException: Error creating bean with name 'flywayInitializer' defined in class path resource [org/springframework/boot/autoconfigure/flyway/FlywayAutoConfiguration$FlywayConfiguration.class]: Migration V1.1__insert_book.sql failed
--------------------------------------
SQL State  : 42P01
Error Code : 0
Message    : ERROR: relation "book" does not exist
  Position: 13
Location   : db/migration/V1.1__insert_book.sql (C:\Users\Sanjar\IdeaProjects\kun_uz_practise\target\classes\db\migration\V1.1__insert_book.sql)
Line       : 1
Statement  : insert into book(description,title)values ("test description","test title")

	at org.springframework.beans.factory.support.AbstractAutowireCapableBeanFactory.initializeBean(AbstractAutowireCapableBeanFactory.java:1812)
	at org.springframework.beans.factory.support.AbstractAutowireCapableBeanFactory.doCreateBean(AbstractAutowireCapableBeanFactory.java:601)
	at org.springframework.beans.factory.support.AbstractAutowireCapableBeanFactory.createBean(AbstractAutowireCapableBeanFactory.java:523)
	at org.springframework.beans.factory.support.AbstractBeanFactory.lambda$doGetBean$0(AbstractBeanFactory.java:336)
	at org.springframework.beans.factory.support.DefaultSingletonBeanRegistry.getSingleton(DefaultSingletonBeanRegistry.java:307)
	at org.springframework.beans.factory.support.AbstractBeanFactory.doGetBean(AbstractBeanFactory.java:334)
	at org.springframework.beans.factory.support.AbstractBeanFactory.getBean(AbstractBeanFactory.java:199)
	at org.springframework.beans.factory.support.AbstractBeanFactory.doGetBean(AbstractBeanFactory.java:312)
	at org.springframework.beans.factory.support.AbstractBeanFactory.getBean(AbstractBeanFactory.java:199)
	at org.springframework.beans.factory.support.BeanDefinitionValueResolver.resolveReference(BeanDefinitionValueResolver.java:365)
	... 92 common frames omitted
Caused by: org.flywaydb.core.internal.command.DbMigrate$FlywayMigrateException: Migration V1.1__insert_book.sql failed
--------------------------------------
SQL State  : 42P01
Error Code : 0
Message    : ERROR: relation "book" does not exist
  Position: 13
Location   : db/migration/V1.1__insert_book.sql (C:\Users\Sanjar\IdeaProjects\kun_uz_practise\target\classes\db\migration\V1.1__insert_book.sql)
Line       : 1
Statement  : insert into book(description,title)values ("test description","test title")

	at org.flywaydb.core.internal.command.DbMigrate.doMigrateGroup(DbMigrate.java:382)
	at org.flywaydb.core.internal.command.DbMigrate.lambda$applyMigrations$1(DbMigrate.java:272)
	at org.flywaydb.core.internal.jdbc.TransactionalExecutionTemplate.execute(TransactionalExecutionTemplate.java:55)
	at org.flywaydb.core.internal.command.DbMigrate.applyMigrations(DbMigrate.java:271)
	at org.flywaydb.core.internal.command.DbMigrate.migrateGroup(DbMigrate.java:244)
	at org.flywaydb.core.internal.command.DbMigrate.lambda$migrateAll$0(DbMigrate.java:139)
	at org.flywaydb.core.internal.database.postgresql.PostgreSQLAdvisoryLockTemplate.execute(PostgreSQLAdvisoryLockTemplate.java:73)
	at org.flywaydb.core.internal.database.postgresql.PostgreSQLAdvisoryLockTemplate.lambda$execute$0(PostgreSQLAdvisoryLockTemplate.java:56)
	at org.flywaydb.core.internal.jdbc.TransactionalExecutionTemplate.execute(TransactionalExecutionTemplate.java:55)
	at org.flywaydb.core.internal.database.postgresql.PostgreSQLAdvisoryLockTemplate.execute(PostgreSQLAdvisoryLockTemplate.java:56)
	at org.flywaydb.core.internal.database.postgresql.PostgreSQLConnection.lock(PostgreSQLConnection.java:96)
	at org.flywaydb.core.internal.schemahistory.JdbcTableSchemaHistory.lock(JdbcTableSchemaHistory.java:144)
	at org.flywaydb.core.internal.command.DbMigrate.migrateAll(DbMigrate.java:139)
	at org.flywaydb.core.internal.command.DbMigrate.migrate(DbMigrate.java:97)
	at org.flywaydb.core.Flyway.lambda$migrate$0(Flyway.java:188)
	at org.flywaydb.core.FlywayExecutor.execute(FlywayExecutor.java:213)
	at org.flywaydb.core.Flyway.migrate(Flyway.java:140)
	at org.springframework.boot.autoconfigure.flyway.FlywayMigrationInitializer.afterPropertiesSet(FlywayMigrationInitializer.java:66)
	at org.springframework.beans.factory.support.AbstractAutowireCapableBeanFactory.invokeInitMethods(AbstractAutowireCapableBeanFactory.java:1859)
	at org.springframework.beans.factory.support.AbstractAutowireCapableBeanFactory.initializeBean(AbstractAutowireCapableBeanFactory.java:1808)
	... 101 common frames omitted
Caused by: org.flywaydb.core.internal.sqlscript.FlywaySqlScriptException: Migration V1.1__insert_book.sql failed
--------------------------------------
SQL State  : 42P01
Error Code : 0
Message    : ERROR: relation "book" does not exist
  Position: 13
Location   : db/migration/V1.1__insert_book.sql (C:\Users\Sanjar\IdeaProjects\kun_uz_practise\target\classes\db\migration\V1.1__insert_book.sql)
Line       : 1
Statement  : insert into book(description,title)values ("test description","test title")

	at org.flywaydb.core.internal.sqlscript.DefaultSqlScriptExecutor.handleException(DefaultSqlScriptExecutor.java:267)
	at org.flywaydb.core.internal.sqlscript.DefaultSqlScriptExecutor.executeStatement(DefaultSqlScriptExecutor.java:222)
	at org.flywaydb.core.internal.sqlscript.DefaultSqlScriptExecutor.execute(DefaultSqlScriptExecutor.java:126)
	at org.flywaydb.core.internal.resolver.sql.SqlMigrationExecutor.executeOnce(SqlMigrationExecutor.java:68)
	at org.flywaydb.core.internal.resolver.sql.SqlMigrationExecutor.lambda$execute$0(SqlMigrationExecutor.java:57)
	at org.flywaydb.core.internal.database.DefaultExecutionStrategy.execute(DefaultExecutionStrategy.java:27)
	at org.flywaydb.core.internal.resolver.sql.SqlMigrationExecutor.execute(SqlMigrationExecutor.java:56)
	at org.flywaydb.core.internal.command.DbMigrate.doMigrateGroup(DbMigrate.java:374)
	... 120 common frames omitted
Caused by: org.postgresql.util.PSQLException: ERROR: relation "book" does not exist
  Position: 13
	at org.postgresql.core.v3.QueryExecutorImpl.receiveErrorResponse(QueryExecutorImpl.java:2733)
	at org.postgresql.core.v3.QueryExecutorImpl.processResults(QueryExecutorImpl.java:2420)
	at org.postgresql.core.v3.QueryExecutorImpl.execute(QueryExecutorImpl.java:372)
	at org.postgresql.jdbc.PgStatement.executeInternal(PgStatement.java:517)
	at org.postgresql.jdbc.PgStatement.execute(PgStatement.java:434)
	at org.postgresql.jdbc.PgStatement.executeWithFlags(PgStatement.java:356)
	at org.postgresql.jdbc.PgStatement.executeCachedSql(PgStatement.java:341)
	at org.postgresql.jdbc.PgStatement.executeWithFlags(PgStatement.java:317)
	at org.postgresql.jdbc.PgStatement.execute(PgStatement.java:312)
	at com.zaxxer.hikari.pool.ProxyStatement.execute(ProxyStatement.java:94)
	at com.zaxxer.hikari.pool.HikariProxyStatement.execute(HikariProxyStatement.java)
	at org.flywaydb.core.internal.jdbc.JdbcTemplate.executeStatement(JdbcTemplate.java:201)
	at org.flywaydb.core.internal.sqlscript.ParsedSqlStatement.execute(ParsedSqlStatement.java:95)
	at org.flywaydb.core.internal.sqlscript.DefaultSqlScriptExecutor.executeStatement(DefaultSqlScriptExecutor.java:210)
	... 126 common frames omitted
19 Feb 2025 - 14:02:40.054 - c.example.KunUzPractiseApplication -  INFO  - Starting KunUzPractiseApplication using Java 23.0.1 with PID 11456 (C:\Users\Sanjar\IdeaProjects\kun_uz_practise\target\classes started by Sanjar in C:\Users\Sanjar\IdeaProjects\kun_uz_practise)
19 Feb 2025 - 14:02:40.066 - c.example.KunUzPractiseApplication -  INFO  - The following 1 profile is active: "local"
19 Feb 2025 - 14:02:40.769 - o.s.d.r.c.RepositoryConfigurationDelegate -  INFO  - Bootstrapping Spring Data JPA repositories in DEFAULT mode.
19 Feb 2025 - 14:02:40.854 - o.s.d.r.c.RepositoryConfigurationDelegate -  INFO  - Finished Spring Data repository scanning in 77 ms. Found 14 JPA repository interfaces.
19 Feb 2025 - 14:02:41.388 - o.s.b.w.e.tomcat.TomcatWebServer -  INFO  - Tomcat initialized with port 8080 (http)
19 Feb 2025 - 14:02:41.400 - o.a.catalina.core.StandardService -  INFO  - Starting service [Tomcat]
19 Feb 2025 - 14:02:41.400 - o.a.catalina.core.StandardEngine -  INFO  - Starting Servlet engine: [Apache Tomcat/10.1.34]
19 Feb 2025 - 14:02:41.443 - o.a.c.c.C.[Tomcat].[localhost].[/] -  INFO  - Initializing Spring embedded WebApplicationContext
19 Feb 2025 - 14:02:41.443 - o.s.b.w.s.c.ServletWebServerApplicationContext -  INFO  - Root WebApplicationContext: initialization completed in 1323 ms
19 Feb 2025 - 14:02:41.523 - com.zaxxer.hikari.HikariDataSource -  INFO  - HikariPool-1 - Starting...
19 Feb 2025 - 14:02:41.688 - com.zaxxer.hikari.pool.HikariPool -  INFO  - HikariPool-1 - Added connection org.postgresql.jdbc.PgConnection@5c8d58ed
19 Feb 2025 - 14:02:41.689 - com.zaxxer.hikari.HikariDataSource -  INFO  - HikariPool-1 - Start completed.
19 Feb 2025 - 14:02:41.754 - o.f.c.i.license.VersionPrinter -  INFO  - Flyway Community Edition 9.22.3 by Redgate
19 Feb 2025 - 14:02:41.754 - o.f.c.i.license.VersionPrinter -  INFO  - See release notes here: https://rd.gt/416ObMi
19 Feb 2025 - 14:02:41.754 - o.f.c.i.license.VersionPrinter -  INFO  - 
19 Feb 2025 - 14:02:41.768 - org.flywaydb.core.FlywayExecutor -  INFO  - Database: jdbc:postgresql://localhost:5432/kun_uz_practise (PostgreSQL 17.2)
19 Feb 2025 - 14:02:41.773 - o.f.c.i.database.base.Database -  WARN  - Flyway upgrade recommended: PostgreSQL 17.2 is newer than this version of Flyway and support has not been tested. The latest supported version of PostgreSQL is 15.
19 Feb 2025 - 14:02:41.801 - o.f.core.internal.command.DbValidate -  INFO  - Successfully validated 3 migrations (execution time 00:00.019s)
19 Feb 2025 - 14:02:41.838 - o.f.core.internal.command.DbMigrate -  INFO  - Current version of schema "public": 1
19 Feb 2025 - 14:02:41.847 - o.f.core.internal.command.DbMigrate -  INFO  - Migrating schema "public" to version "1.1 - insert book"
19 Feb 2025 - 14:02:41.857 - o.f.core.internal.command.DbMigrate -  ERROR - Migration of schema "public" to version "1.1 - insert book" failed! Changes successfully rolled back.
19 Feb 2025 - 14:02:41.861 - o.s.b.w.e.tomcat.TomcatStarter -  ERROR - Error starting Tomcat context. Exception: org.springframework.beans.factory.UnsatisfiedDependencyException. Message: Error creating bean with name 'jwtTokenFilter': Unsatisfied dependency expressed through field 'customUserDetailsService': Error creating bean with name 'customUserDetailsService': Unsatisfied dependency expressed through field 'profileRepository': Error creating bean with name 'profileRepository' defined in com.example.repository.ProfileRepository defined in @EnableJpaRepositories declared on JpaRepositoriesRegistrar.EnableJpaRepositoriesConfiguration: Cannot resolve reference to bean 'jpaSharedEM_entityManagerFactory' while setting bean property 'entityManager'
19 Feb 2025 - 14:02:41.882 - o.a.catalina.core.StandardService -  INFO  - Stopping service [Tomcat]
19 Feb 2025 - 14:02:41.884 - o.a.c.loader.WebappClassLoaderBase -  WARN  - The web application [ROOT] appears to have started a thread named [HikariPool-1 housekeeper] but has failed to stop it. This is very likely to create a memory leak. Stack trace of thread:
 java.base/jdk.internal.misc.Unsafe.park(Native Method)
 java.base/java.util.concurrent.locks.LockSupport.parkNanos(LockSupport.java:269)
 java.base/java.util.concurrent.locks.AbstractQueuedSynchronizer$ConditionObject.awaitNanos(AbstractQueuedSynchronizer.java:1763)
 java.base/java.util.concurrent.ScheduledThreadPoolExecutor$DelayedWorkQueue.take(ScheduledThreadPoolExecutor.java:1182)
 java.base/java.util.concurrent.ScheduledThreadPoolExecutor$DelayedWorkQueue.take(ScheduledThreadPoolExecutor.java:899)
 java.base/java.util.concurrent.ThreadPoolExecutor.getTask(ThreadPoolExecutor.java:1070)
 java.base/java.util.concurrent.ThreadPoolExecutor.runWorker(ThreadPoolExecutor.java:1130)
 java.base/java.util.concurrent.ThreadPoolExecutor$Worker.run(ThreadPoolExecutor.java:642)
 java.base/java.lang.Thread.run(Thread.java:1575)
19 Feb 2025 - 14:02:41.885 - o.a.c.loader.WebappClassLoaderBase -  WARN  - The web application [ROOT] appears to have started a thread named [HikariPool-1 connection adder] but has failed to stop it. This is very likely to create a memory leak. Stack trace of thread:
 java.base/sun.nio.ch.Net.poll(Native Method)
 java.base/sun.nio.ch.NioSocketImpl.park(NioSocketImpl.java:191)
 java.base/sun.nio.ch.NioSocketImpl.timedRead(NioSocketImpl.java:280)
 java.base/sun.nio.ch.NioSocketImpl.implRead(NioSocketImpl.java:304)
 java.base/sun.nio.ch.NioSocketImpl.read(NioSocketImpl.java:346)
 java.base/sun.nio.ch.NioSocketImpl$1.read(NioSocketImpl.java:796)
 java.base/java.net.Socket$SocketInputStream.implRead(Socket.java:1116)
 java.base/java.net.Socket$SocketInputStream.read(Socket.java:1103)
 org.postgresql.core.VisibleBufferedInputStream.readMore(VisibleBufferedInputStream.java:192)
 org.postgresql.core.VisibleBufferedInputStream.ensureBytes(VisibleBufferedInputStream.java:159)
 org.postgresql.core.VisibleBufferedInputStream.ensureBytes(VisibleBufferedInputStream.java:144)
 org.postgresql.core.VisibleBufferedInputStream.read(VisibleBufferedInputStream.java:76)
 org.postgresql.core.PGStream.receiveChar(PGStream.java:476)
 org.postgresql.core.v3.ConnectionFactoryImpl.enableSSL(ConnectionFactoryImpl.java:600)
 org.postgresql.core.v3.ConnectionFactoryImpl.tryConnect(ConnectionFactoryImpl.java:201)
 org.postgresql.core.v3.ConnectionFactoryImpl.openConnectionImpl(ConnectionFactoryImpl.java:268)
 org.postgresql.core.ConnectionFactory.openConnection(ConnectionFactory.java:54)
 org.postgresql.jdbc.PgConnection.<init>(PgConnection.java:273)
 org.postgresql.Driver.makeConnection(Driver.java:446)
 org.postgresql.Driver.connect(Driver.java:298)
 com.zaxxer.hikari.util.DriverDataSource.getConnection(DriverDataSource.java:137)
 com.zaxxer.hikari.pool.PoolBase.newConnection(PoolBase.java:360)
 com.zaxxer.hikari.pool.PoolBase.newPoolEntry(PoolBase.java:202)
 com.zaxxer.hikari.pool.HikariPool.createPoolEntry(HikariPool.java:461)
 com.zaxxer.hikari.pool.HikariPool$PoolEntryCreator.call(HikariPool.java:724)
 com.zaxxer.hikari.pool.HikariPool$PoolEntryCreator.call(HikariPool.java:703)
 java.base/java.util.concurrent.FutureTask.run(FutureTask.java:317)
 java.base/java.util.concurrent.ThreadPoolExecutor.runWorker(ThreadPoolExecutor.java:1144)
 java.base/java.util.concurrent.ThreadPoolExecutor$Worker.run(ThreadPoolExecutor.java:642)
 java.base/java.lang.Thread.run(Thread.java:1575)
19 Feb 2025 - 14:02:41.887 - o.s.b.w.s.c.AnnotationConfigServletWebServerApplicationContext -  WARN  - Exception encountered during context initialization - cancelling refresh attempt: org.springframework.context.ApplicationContextException: Unable to start web server
19 Feb 2025 - 14:02:41.887 - com.zaxxer.hikari.HikariDataSource -  INFO  - HikariPool-1 - Shutdown initiated...
19 Feb 2025 - 14:02:41.955 - com.zaxxer.hikari.HikariDataSource -  INFO  - HikariPool-1 - Shutdown completed.
19 Feb 2025 - 14:02:41.967 - o.s.b.a.l.ConditionEvaluationReportLogger -  INFO  - 

Error starting ApplicationContext. To display the condition evaluation report re-run your application with 'debug' enabled.
19 Feb 2025 - 14:02:41.992 - o.s.boot.SpringApplication -  ERROR - Application run failed
org.springframework.context.ApplicationContextException: Unable to start web server
	at org.springframework.boot.web.servlet.context.ServletWebServerApplicationContext.onRefresh(ServletWebServerApplicationContext.java:165)
	at org.springframework.context.support.AbstractApplicationContext.refresh(AbstractApplicationContext.java:621)
	at org.springframework.boot.web.servlet.context.ServletWebServerApplicationContext.refresh(ServletWebServerApplicationContext.java:146)
	at org.springframework.boot.SpringApplication.refresh(SpringApplication.java:752)
	at org.springframework.boot.SpringApplication.refreshContext(SpringApplication.java:439)
	at org.springframework.boot.SpringApplication.run(SpringApplication.java:318)
	at org.springframework.boot.SpringApplication.run(SpringApplication.java:1361)
	at org.springframework.boot.SpringApplication.run(SpringApplication.java:1350)
	at com.example.KunUzPractiseApplication.main(KunUzPractiseApplication.java:10)
Caused by: org.springframework.boot.web.server.WebServerException: Unable to start embedded Tomcat
	at org.springframework.boot.web.embedded.tomcat.TomcatWebServer.initialize(TomcatWebServer.java:147)
	at org.springframework.boot.web.embedded.tomcat.TomcatWebServer.<init>(TomcatWebServer.java:107)
	at org.springframework.boot.web.embedded.tomcat.TomcatServletWebServerFactory.getTomcatWebServer(TomcatServletWebServerFactory.java:516)
	at org.springframework.boot.web.embedded.tomcat.TomcatServletWebServerFactory.getWebServer(TomcatServletWebServerFactory.java:222)
	at org.springframework.boot.web.servlet.context.ServletWebServerApplicationContext.createWebServer(ServletWebServerApplicationContext.java:188)
	at org.springframework.boot.web.servlet.context.ServletWebServerApplicationContext.onRefresh(ServletWebServerApplicationContext.java:162)
	... 8 common frames omitted
Caused by: org.springframework.beans.factory.UnsatisfiedDependencyException: Error creating bean with name 'jwtTokenFilter': Unsatisfied dependency expressed through field 'customUserDetailsService': Error creating bean with name 'customUserDetailsService': Unsatisfied dependency expressed through field 'profileRepository': Error creating bean with name 'profileRepository' defined in com.example.repository.ProfileRepository defined in @EnableJpaRepositories declared on JpaRepositoriesRegistrar.EnableJpaRepositoriesConfiguration: Cannot resolve reference to bean 'jpaSharedEM_entityManagerFactory' while setting bean property 'entityManager'
	at org.springframework.beans.factory.annotation.AutowiredAnnotationBeanPostProcessor$AutowiredFieldElement.resolveFieldValue(AutowiredAnnotationBeanPostProcessor.java:788)
	at org.springframework.beans.factory.annotation.AutowiredAnnotationBeanPostProcessor$AutowiredFieldElement.inject(AutowiredAnnotationBeanPostProcessor.java:768)
	at org.springframework.beans.factory.annotation.InjectionMetadata.inject(InjectionMetadata.java:146)
	at org.springframework.beans.factory.annotation.AutowiredAnnotationBeanPostProcessor.postProcessProperties(AutowiredAnnotationBeanPostProcessor.java:509)
	at org.springframework.beans.factory.support.AbstractAutowireCapableBeanFactory.populateBean(AbstractAutowireCapableBeanFactory.java:1445)
	at org.springframework.beans.factory.support.AbstractAutowireCapableBeanFactory.doCreateBean(AbstractAutowireCapableBeanFactory.java:600)
	at org.springframework.beans.factory.support.AbstractAutowireCapableBeanFactory.createBean(AbstractAutowireCapableBeanFactory.java:523)
	at org.springframework.beans.factory.support.AbstractBeanFactory.lambda$doGetBean$0(AbstractBeanFactory.java:336)
	at org.springframework.beans.factory.support.DefaultSingletonBeanRegistry.getSingleton(DefaultSingletonBeanRegistry.java:307)
	at org.springframework.beans.factory.support.AbstractBeanFactory.doGetBean(AbstractBeanFactory.java:334)
	at org.springframework.beans.factory.support.AbstractBeanFactory.getBean(AbstractBeanFactory.java:204)
	at org.springframework.boot.web.servlet.ServletContextInitializerBeans.getOrderedBeansOfType(ServletContextInitializerBeans.java:211)
	at org.springframework.boot.web.servlet.ServletContextInitializerBeans.addAsRegistrationBean(ServletContextInitializerBeans.java:174)
	at org.springframework.boot.web.servlet.ServletContextInitializerBeans.addAsRegistrationBean(ServletContextInitializerBeans.java:169)
	at org.springframework.boot.web.servlet.ServletContextInitializerBeans.addAdaptableBeans(ServletContextInitializerBeans.java:154)
	at org.springframework.boot.web.servlet.ServletContextInitializerBeans.<init>(ServletContextInitializerBeans.java:87)
	at org.springframework.boot.web.servlet.context.ServletWebServerApplicationContext.getServletContextInitializerBeans(ServletWebServerApplicationContext.java:266)
	at org.springframework.boot.web.servlet.context.ServletWebServerApplicationContext.selfInitialize(ServletWebServerApplicationContext.java:240)
	at org.springframework.boot.web.embedded.tomcat.TomcatStarter.onStartup(TomcatStarter.java:52)
	at org.apache.catalina.core.StandardContext.startInternal(StandardContext.java:4426)
	at org.apache.catalina.util.LifecycleBase.start(LifecycleBase.java:164)
	at org.apache.catalina.core.ContainerBase$StartChild.call(ContainerBase.java:1203)
	at org.apache.catalina.core.ContainerBase$StartChild.call(ContainerBase.java:1193)
	at java.base/java.util.concurrent.FutureTask.run(FutureTask.java:317)
	at org.apache.tomcat.util.threads.InlineExecutorService.execute(InlineExecutorService.java:75)
	at java.base/java.util.concurrent.AbstractExecutorService.submit(AbstractExecutorService.java:148)
	at org.apache.catalina.core.ContainerBase.startInternal(ContainerBase.java:749)
	at org.apache.catalina.core.StandardHost.startInternal(StandardHost.java:772)
	at org.apache.catalina.util.LifecycleBase.start(LifecycleBase.java:164)
	at org.apache.catalina.core.ContainerBase$StartChild.call(ContainerBase.java:1203)
	at org.apache.catalina.core.ContainerBase$StartChild.call(ContainerBase.java:1193)
	at java.base/java.util.concurrent.FutureTask.run(FutureTask.java:317)
	at org.apache.tomcat.util.threads.InlineExecutorService.execute(InlineExecutorService.java:75)
	at java.base/java.util.concurrent.AbstractExecutorService.submit(AbstractExecutorService.java:148)
	at org.apache.catalina.core.ContainerBase.startInternal(ContainerBase.java:749)
	at org.apache.catalina.core.StandardEngine.startInternal(StandardEngine.java:203)
	at org.apache.catalina.util.LifecycleBase.start(LifecycleBase.java:164)
	at org.apache.catalina.core.StandardService.startInternal(StandardService.java:415)
	at org.apache.catalina.util.LifecycleBase.start(LifecycleBase.java:164)
	at org.apache.catalina.core.StandardServer.startInternal(StandardServer.java:870)
	at org.apache.catalina.util.LifecycleBase.start(LifecycleBase.java:164)
	at org.apache.catalina.startup.Tomcat.start(Tomcat.java:437)
	at org.springframework.boot.web.embedded.tomcat.TomcatWebServer.initialize(TomcatWebServer.java:128)
	... 13 common frames omitted
Caused by: org.springframework.beans.factory.UnsatisfiedDependencyException: Error creating bean with name 'customUserDetailsService': Unsatisfied dependency expressed through field 'profileRepository': Error creating bean with name 'profileRepository' defined in com.example.repository.ProfileRepository defined in @EnableJpaRepositories declared on JpaRepositoriesRegistrar.EnableJpaRepositoriesConfiguration: Cannot resolve reference to bean 'jpaSharedEM_entityManagerFactory' while setting bean property 'entityManager'
	at org.springframework.beans.factory.annotation.AutowiredAnnotationBeanPostProcessor$AutowiredFieldElement.resolveFieldValue(AutowiredAnnotationBeanPostProcessor.java:788)
	at org.springframework.beans.factory.annotation.AutowiredAnnotationBeanPostProcessor$AutowiredFieldElement.inject(AutowiredAnnotationBeanPostProcessor.java:768)
	at org.springframework.beans.factory.annotation.InjectionMetadata.inject(InjectionMetadata.java:146)
	at org.springframework.beans.factory.annotation.AutowiredAnnotationBeanPostProcessor.postProcessProperties(AutowiredAnnotationBeanPostProcessor.java:509)
	at org.springframework.beans.factory.support.AbstractAutowireCapableBeanFactory.populateBean(AbstractAutowireCapableBeanFactory.java:1445)
	at org.springframework.beans.factory.support.AbstractAutowireCapableBeanFactory.doCreateBean(AbstractAutowireCapableBeanFactory.java:600)
	at org.springframework.beans.factory.support.AbstractAutowireCapableBeanFactory.createBean(AbstractAutowireCapableBeanFactory.java:523)
	at org.springframework.beans.factory.support.AbstractBeanFactory.lambda$doGetBean$0(AbstractBeanFactory.java:336)
	at org.springframework.beans.factory.support.DefaultSingletonBeanRegistry.getSingleton(DefaultSingletonBeanRegistry.java:307)
	at org.springframework.beans.factory.support.AbstractBeanFactory.doGetBean(AbstractBeanFactory.java:334)
	at org.springframework.beans.factory.support.AbstractBeanFactory.getBean(AbstractBeanFactory.java:199)
	at org.springframework.beans.factory.support.DefaultListableBeanFactory.doResolveDependency(DefaultListableBeanFactory.java:1573)
	at org.springframework.beans.factory.support.DefaultListableBeanFactory.resolveDependency(DefaultListableBeanFactory.java:1519)
	at org.springframework.beans.factory.annotation.AutowiredAnnotationBeanPostProcessor$AutowiredFieldElement.resolveFieldValue(AutowiredAnnotationBeanPostProcessor.java:785)
	... 55 common frames omitted
Caused by: org.springframework.beans.factory.BeanCreationException: Error creating bean with name 'profileRepository' defined in com.example.repository.ProfileRepository defined in @EnableJpaRepositories declared on JpaRepositoriesRegistrar.EnableJpaRepositoriesConfiguration: Cannot resolve reference to bean 'jpaSharedEM_entityManagerFactory' while setting bean property 'entityManager'
	at org.springframework.beans.factory.support.BeanDefinitionValueResolver.resolveReference(BeanDefinitionValueResolver.java:377)
	at org.springframework.beans.factory.support.BeanDefinitionValueResolver.resolveValueIfNecessary(BeanDefinitionValueResolver.java:135)
	at org.springframework.beans.factory.support.AbstractAutowireCapableBeanFactory.applyPropertyValues(AbstractAutowireCapableBeanFactory.java:1711)
	at org.springframework.beans.factory.support.AbstractAutowireCapableBeanFactory.populateBean(AbstractAutowireCapableBeanFactory.java:1460)
	at org.springframework.beans.factory.support.AbstractAutowireCapableBeanFactory.doCreateBean(AbstractAutowireCapableBeanFactory.java:600)
	at org.springframework.beans.factory.support.AbstractAutowireCapableBeanFactory.createBean(AbstractAutowireCapableBeanFactory.java:523)
	at org.springframework.beans.factory.support.AbstractBeanFactory.lambda$doGetBean$0(AbstractBeanFactory.java:336)
	at org.springframework.beans.factory.support.DefaultSingletonBeanRegistry.getSingleton(DefaultSingletonBeanRegistry.java:307)
	at org.springframework.beans.factory.support.AbstractBeanFactory.doGetBean(AbstractBeanFactory.java:334)
	at org.springframework.beans.factory.support.AbstractBeanFactory.getBean(AbstractBeanFactory.java:199)
	at org.springframework.beans.factory.support.DefaultListableBeanFactory.doResolveDependency(DefaultListableBeanFactory.java:1573)
	at org.springframework.beans.factory.support.DefaultListableBeanFactory.resolveDependency(DefaultListableBeanFactory.java:1519)
	at org.springframework.beans.factory.annotation.AutowiredAnnotationBeanPostProcessor$AutowiredFieldElement.resolveFieldValue(AutowiredAnnotationBeanPostProcessor.java:785)
	... 68 common frames omitted
Caused by: org.springframework.beans.factory.BeanCreationException: Error creating bean with name 'jpaSharedEM_entityManagerFactory': Cannot resolve reference to bean 'entityManagerFactory' while setting constructor argument
	at org.springframework.beans.factory.support.BeanDefinitionValueResolver.resolveReference(BeanDefinitionValueResolver.java:377)
	at org.springframework.beans.factory.support.BeanDefinitionValueResolver.resolveValueIfNecessary(BeanDefinitionValueResolver.java:135)
	at org.springframework.beans.factory.support.ConstructorResolver.resolveConstructorArguments(ConstructorResolver.java:691)
	at org.springframework.beans.factory.support.ConstructorResolver.instantiateUsingFactoryMethod(ConstructorResolver.java:513)
	at org.springframework.beans.factory.support.AbstractAutowireCapableBeanFactory.instantiateUsingFactoryMethod(AbstractAutowireCapableBeanFactory.java:1361)
	at org.springframework.beans.factory.support.AbstractAutowireCapableBeanFactory.createBeanInstance(AbstractAutowireCapableBeanFactory.java:1191)
	at org.springframework.beans.factory.support.AbstractAutowireCapableBeanFactory.doCreateBean(AbstractAutowireCapableBeanFactory.java:563)
	at org.springframework.beans.factory.support.AbstractAutowireCapableBeanFactory.createBean(AbstractAutowireCapableBeanFactory.java:523)
	at org.springframework.beans.factory.support.AbstractBeanFactory.lambda$doGetBean$0(AbstractBeanFactory.java:336)
	at org.springframework.beans.factory.support.DefaultSingletonBeanRegistry.getSingleton(DefaultSingletonBeanRegistry.java:307)
	at org.springframework.beans.factory.support.AbstractBeanFactory.doGetBean(AbstractBeanFactory.java:334)
	at org.springframework.beans.factory.support.AbstractBeanFactory.getBean(AbstractBeanFactory.java:199)
	at org.springframework.beans.factory.support.BeanDefinitionValueResolver.resolveReference(BeanDefinitionValueResolver.java:365)
	... 80 common frames omitted
Caused by: org.springframework.beans.factory.BeanCreationException: Error creating bean with name 'flywayInitializer' defined in class path resource [org/springframework/boot/autoconfigure/flyway/FlywayAutoConfiguration$FlywayConfiguration.class]: Migration V1.1__insert_book.sql failed
--------------------------------------
SQL State  : 42P01
Error Code : 0
Message    : ERROR: relation "book" does not exist
  Position: 13
Location   : db/migration/V1.1__insert_book.sql (C:\Users\Sanjar\IdeaProjects\kun_uz_practise\target\classes\db\migration\V1.1__insert_book.sql)
Line       : 1
Statement  : insert into book(description,title)values ("test description","test title")

	at org.springframework.beans.factory.support.AbstractAutowireCapableBeanFactory.initializeBean(AbstractAutowireCapableBeanFactory.java:1812)
	at org.springframework.beans.factory.support.AbstractAutowireCapableBeanFactory.doCreateBean(AbstractAutowireCapableBeanFactory.java:601)
	at org.springframework.beans.factory.support.AbstractAutowireCapableBeanFactory.createBean(AbstractAutowireCapableBeanFactory.java:523)
	at org.springframework.beans.factory.support.AbstractBeanFactory.lambda$doGetBean$0(AbstractBeanFactory.java:336)
	at org.springframework.beans.factory.support.DefaultSingletonBeanRegistry.getSingleton(DefaultSingletonBeanRegistry.java:307)
	at org.springframework.beans.factory.support.AbstractBeanFactory.doGetBean(AbstractBeanFactory.java:334)
	at org.springframework.beans.factory.support.AbstractBeanFactory.getBean(AbstractBeanFactory.java:199)
	at org.springframework.beans.factory.support.AbstractBeanFactory.doGetBean(AbstractBeanFactory.java:312)
	at org.springframework.beans.factory.support.AbstractBeanFactory.getBean(AbstractBeanFactory.java:199)
	at org.springframework.beans.factory.support.BeanDefinitionValueResolver.resolveReference(BeanDefinitionValueResolver.java:365)
	... 92 common frames omitted
Caused by: org.flywaydb.core.internal.command.DbMigrate$FlywayMigrateException: Migration V1.1__insert_book.sql failed
--------------------------------------
SQL State  : 42P01
Error Code : 0
Message    : ERROR: relation "book" does not exist
  Position: 13
Location   : db/migration/V1.1__insert_book.sql (C:\Users\Sanjar\IdeaProjects\kun_uz_practise\target\classes\db\migration\V1.1__insert_book.sql)
Line       : 1
Statement  : insert into book(description,title)values ("test description","test title")

	at org.flywaydb.core.internal.command.DbMigrate.doMigrateGroup(DbMigrate.java:382)
	at org.flywaydb.core.internal.command.DbMigrate.lambda$applyMigrations$1(DbMigrate.java:272)
	at org.flywaydb.core.internal.jdbc.TransactionalExecutionTemplate.execute(TransactionalExecutionTemplate.java:55)
	at org.flywaydb.core.internal.command.DbMigrate.applyMigrations(DbMigrate.java:271)
	at org.flywaydb.core.internal.command.DbMigrate.migrateGroup(DbMigrate.java:244)
	at org.flywaydb.core.internal.command.DbMigrate.lambda$migrateAll$0(DbMigrate.java:139)
	at org.flywaydb.core.internal.database.postgresql.PostgreSQLAdvisoryLockTemplate.execute(PostgreSQLAdvisoryLockTemplate.java:73)
	at org.flywaydb.core.internal.database.postgresql.PostgreSQLAdvisoryLockTemplate.lambda$execute$0(PostgreSQLAdvisoryLockTemplate.java:56)
	at org.flywaydb.core.internal.jdbc.TransactionalExecutionTemplate.execute(TransactionalExecutionTemplate.java:55)
	at org.flywaydb.core.internal.database.postgresql.PostgreSQLAdvisoryLockTemplate.execute(PostgreSQLAdvisoryLockTemplate.java:56)
	at org.flywaydb.core.internal.database.postgresql.PostgreSQLConnection.lock(PostgreSQLConnection.java:96)
	at org.flywaydb.core.internal.schemahistory.JdbcTableSchemaHistory.lock(JdbcTableSchemaHistory.java:144)
	at org.flywaydb.core.internal.command.DbMigrate.migrateAll(DbMigrate.java:139)
	at org.flywaydb.core.internal.command.DbMigrate.migrate(DbMigrate.java:97)
	at org.flywaydb.core.Flyway.lambda$migrate$0(Flyway.java:188)
	at org.flywaydb.core.FlywayExecutor.execute(FlywayExecutor.java:213)
	at org.flywaydb.core.Flyway.migrate(Flyway.java:140)
	at org.springframework.boot.autoconfigure.flyway.FlywayMigrationInitializer.afterPropertiesSet(FlywayMigrationInitializer.java:66)
	at org.springframework.beans.factory.support.AbstractAutowireCapableBeanFactory.invokeInitMethods(AbstractAutowireCapableBeanFactory.java:1859)
	at org.springframework.beans.factory.support.AbstractAutowireCapableBeanFactory.initializeBean(AbstractAutowireCapableBeanFactory.java:1808)
	... 101 common frames omitted
Caused by: org.flywaydb.core.internal.sqlscript.FlywaySqlScriptException: Migration V1.1__insert_book.sql failed
--------------------------------------
SQL State  : 42P01
Error Code : 0
Message    : ERROR: relation "book" does not exist
  Position: 13
Location   : db/migration/V1.1__insert_book.sql (C:\Users\Sanjar\IdeaProjects\kun_uz_practise\target\classes\db\migration\V1.1__insert_book.sql)
Line       : 1
Statement  : insert into book(description,title)values ("test description","test title")

	at org.flywaydb.core.internal.sqlscript.DefaultSqlScriptExecutor.handleException(DefaultSqlScriptExecutor.java:267)
	at org.flywaydb.core.internal.sqlscript.DefaultSqlScriptExecutor.executeStatement(DefaultSqlScriptExecutor.java:222)
	at org.flywaydb.core.internal.sqlscript.DefaultSqlScriptExecutor.execute(DefaultSqlScriptExecutor.java:126)
	at org.flywaydb.core.internal.resolver.sql.SqlMigrationExecutor.executeOnce(SqlMigrationExecutor.java:68)
	at org.flywaydb.core.internal.resolver.sql.SqlMigrationExecutor.lambda$execute$0(SqlMigrationExecutor.java:57)
	at org.flywaydb.core.internal.database.DefaultExecutionStrategy.execute(DefaultExecutionStrategy.java:27)
	at org.flywaydb.core.internal.resolver.sql.SqlMigrationExecutor.execute(SqlMigrationExecutor.java:56)
	at org.flywaydb.core.internal.command.DbMigrate.doMigrateGroup(DbMigrate.java:374)
	... 120 common frames omitted
Caused by: org.postgresql.util.PSQLException: ERROR: relation "book" does not exist
  Position: 13
	at org.postgresql.core.v3.QueryExecutorImpl.receiveErrorResponse(QueryExecutorImpl.java:2733)
	at org.postgresql.core.v3.QueryExecutorImpl.processResults(QueryExecutorImpl.java:2420)
	at org.postgresql.core.v3.QueryExecutorImpl.execute(QueryExecutorImpl.java:372)
	at org.postgresql.jdbc.PgStatement.executeInternal(PgStatement.java:517)
	at org.postgresql.jdbc.PgStatement.execute(PgStatement.java:434)
	at org.postgresql.jdbc.PgStatement.executeWithFlags(PgStatement.java:356)
	at org.postgresql.jdbc.PgStatement.executeCachedSql(PgStatement.java:341)
	at org.postgresql.jdbc.PgStatement.executeWithFlags(PgStatement.java:317)
	at org.postgresql.jdbc.PgStatement.execute(PgStatement.java:312)
	at com.zaxxer.hikari.pool.ProxyStatement.execute(ProxyStatement.java:94)
	at com.zaxxer.hikari.pool.HikariProxyStatement.execute(HikariProxyStatement.java)
	at org.flywaydb.core.internal.jdbc.JdbcTemplate.executeStatement(JdbcTemplate.java:201)
	at org.flywaydb.core.internal.sqlscript.ParsedSqlStatement.execute(ParsedSqlStatement.java:95)
	at org.flywaydb.core.internal.sqlscript.DefaultSqlScriptExecutor.executeStatement(DefaultSqlScriptExecutor.java:210)
	... 126 common frames omitted
19 Feb 2025 - 14:04:50.101 - c.example.KunUzPractiseApplication -  INFO  - Starting KunUzPractiseApplication using Java 23.0.1 with PID 17712 (C:\Users\Sanjar\IdeaProjects\kun_uz_practise\target\classes started by Sanjar in C:\Users\Sanjar\IdeaProjects\kun_uz_practise)
19 Feb 2025 - 14:04:50.111 - c.example.KunUzPractiseApplication -  INFO  - The following 1 profile is active: "local"
19 Feb 2025 - 14:04:50.838 - o.s.d.r.c.RepositoryConfigurationDelegate -  INFO  - Bootstrapping Spring Data JPA repositories in DEFAULT mode.
19 Feb 2025 - 14:04:50.920 - o.s.d.r.c.RepositoryConfigurationDelegate -  INFO  - Finished Spring Data repository scanning in 75 ms. Found 14 JPA repository interfaces.
19 Feb 2025 - 14:04:51.433 - o.s.b.w.e.tomcat.TomcatWebServer -  INFO  - Tomcat initialized with port 8080 (http)
19 Feb 2025 - 14:04:51.445 - o.a.catalina.core.StandardService -  INFO  - Starting service [Tomcat]
19 Feb 2025 - 14:04:51.445 - o.a.catalina.core.StandardEngine -  INFO  - Starting Servlet engine: [Apache Tomcat/10.1.34]
19 Feb 2025 - 14:04:51.486 - o.a.c.c.C.[Tomcat].[localhost].[/] -  INFO  - Initializing Spring embedded WebApplicationContext
19 Feb 2025 - 14:04:51.486 - o.s.b.w.s.c.ServletWebServerApplicationContext -  INFO  - Root WebApplicationContext: initialization completed in 1326 ms
19 Feb 2025 - 14:04:51.563 - com.zaxxer.hikari.HikariDataSource -  INFO  - HikariPool-1 - Starting...
19 Feb 2025 - 14:04:51.724 - com.zaxxer.hikari.pool.HikariPool -  INFO  - HikariPool-1 - Added connection org.postgresql.jdbc.PgConnection@350da119
19 Feb 2025 - 14:04:51.726 - com.zaxxer.hikari.HikariDataSource -  INFO  - HikariPool-1 - Start completed.
19 Feb 2025 - 14:04:51.788 - o.f.c.i.license.VersionPrinter -  INFO  - Flyway Community Edition 9.22.3 by Redgate
19 Feb 2025 - 14:04:51.788 - o.f.c.i.license.VersionPrinter -  INFO  - See release notes here: https://rd.gt/416ObMi
19 Feb 2025 - 14:04:51.788 - o.f.c.i.license.VersionPrinter -  INFO  - 
19 Feb 2025 - 14:04:51.800 - org.flywaydb.core.FlywayExecutor -  INFO  - Database: jdbc:postgresql://localhost:5432/kun_uz_practise (PostgreSQL 17.2)
19 Feb 2025 - 14:04:51.805 - o.f.c.i.database.base.Database -  WARN  - Flyway upgrade recommended: PostgreSQL 17.2 is newer than this version of Flyway and support has not been tested. The latest supported version of PostgreSQL is 15.
19 Feb 2025 - 14:04:51.831 - o.f.core.internal.command.DbValidate -  INFO  - Successfully validated 3 migrations (execution time 00:00.018s)
19 Feb 2025 - 14:04:51.876 - o.f.core.internal.command.DbMigrate -  INFO  - Current version of schema "public": 1
19 Feb 2025 - 14:04:51.885 - o.f.core.internal.command.DbMigrate -  INFO  - Migrating schema "public" to version "1.1 - insert book"
19 Feb 2025 - 14:04:51.910 - o.f.core.internal.command.DbMigrate -  INFO  - Successfully applied 1 migration to schema "public", now at version v1.1 (execution time 00:00.005s)
19 Feb 2025 - 14:04:52.008 - o.h.jpa.internal.util.LogHelper -  INFO  - HHH000204: Processing PersistenceUnitInfo [name: default]
19 Feb 2025 - 14:04:52.063 - org.hibernate.Version -  INFO  - HHH000412: Hibernate ORM core version 6.6.5.Final
19 Feb 2025 - 14:04:52.094 - o.h.c.i.RegionFactoryInitiator -  INFO  - HHH000026: Second-level cache disabled
19 Feb 2025 - 14:04:52.336 - o.s.o.j.p.SpringPersistenceUnitInfo -  INFO  - No LoadTimeWeaver setup: ignoring JPA class transformer
19 Feb 2025 - 14:04:52.405 - o.hibernate.orm.connections.pooling -  INFO  - HHH10001005: Database info:
	Database JDBC URL [Connecting through datasource 'HikariDataSource (HikariPool-1)']
	Database driver: undefined/unknown
	Database version: 17.2
	Autocommit mode: undefined/unknown
	Isolation level: undefined/unknown
	Minimum pool size: undefined/unknown
	Maximum pool size: undefined/unknown
19 Feb 2025 - 14:04:53.519 - o.h.e.t.j.p.i.JtaPlatformInitiator -  INFO  - HHH000489: No JTA platform available (set 'hibernate.transaction.jta.platform' to enable JTA platform integration)
19 Feb 2025 - 14:04:54.144 - o.s.o.j.LocalContainerEntityManagerFactoryBean -  INFO  - Initialized JPA EntityManagerFactory for persistence unit 'default'
19 Feb 2025 - 14:04:54.377 - o.s.d.j.r.query.QueryEnhancerFactory -  INFO  - Hibernate is in classpath; If applicable, HQL parser will be used.
19 Feb 2025 - 14:04:55.728 - o.s.b.a.o.j.JpaBaseConfiguration$JpaWebConfiguration -  WARN  - spring.jpa.open-in-view is enabled by default. Therefore, database queries may be performed during view rendering. Explicitly configure spring.jpa.open-in-view to disable this warning
19 Feb 2025 - 14:04:55.759 - o.s.s.c.a.a.c.InitializeAuthenticationProviderBeanManagerConfigurer$InitializeAuthenticationProviderManagerConfigurer -  INFO  - Global AuthenticationManager configured with AuthenticationProvider bean with name authenticationProvider
19 Feb 2025 - 14:04:55.760 - o.s.s.c.a.a.c.InitializeUserDetailsBeanManagerConfigurer$InitializeUserDetailsManagerConfigurer -  WARN  - Global AuthenticationManager configured with an AuthenticationProvider bean. UserDetailsService beans will not be used by Spring Security for automatically configuring username/password login. Consider removing the AuthenticationProvider bean. Alternatively, consider using the UserDetailsService in a manually instantiated DaoAuthenticationProvider. If the current configuration is intentional, to turn off this warning, increase the logging level of 'org.springframework.security.config.annotation.authentication.configuration.InitializeUserDetailsBeanManagerConfigurer' to ERROR
19 Feb 2025 - 14:04:56.350 - o.s.b.w.e.tomcat.TomcatWebServer -  INFO  - Tomcat started on port 8080 (http) with context path '/'
19 Feb 2025 - 14:04:56.357 - c.example.KunUzPractiseApplication -  INFO  - Started KunUzPractiseApplication in 6.655 seconds (process running for 7.317)
19 Feb 2025 - 14:05:52.349 - o.s.b.w.e.tomcat.GracefulShutdown -  INFO  - Commencing graceful shutdown. Waiting for active requests to complete
19 Feb 2025 - 14:05:52.353 - o.s.b.w.e.tomcat.GracefulShutdown -  INFO  - Graceful shutdown complete
19 Feb 2025 - 14:05:52.362 - o.s.o.j.LocalContainerEntityManagerFactoryBean -  INFO  - Closing JPA EntityManagerFactory for persistence unit 'default'
19 Feb 2025 - 14:05:52.365 - com.zaxxer.hikari.HikariDataSource -  INFO  - HikariPool-1 - Shutdown initiated...
19 Feb 2025 - 14:05:52.369 - com.zaxxer.hikari.HikariDataSource -  INFO  - HikariPool-1 - Shutdown completed.
19 Feb 2025 - 14:05:54.698 - c.example.KunUzPractiseApplication -  INFO  - Starting KunUzPractiseApplication using Java 23.0.1 with PID 7916 (C:\Users\Sanjar\IdeaProjects\kun_uz_practise\target\classes started by Sanjar in C:\Users\Sanjar\IdeaProjects\kun_uz_practise)
19 Feb 2025 - 14:05:54.708 - c.example.KunUzPractiseApplication -  INFO  - The following 1 profile is active: "local"
19 Feb 2025 - 14:05:55.404 - o.s.d.r.c.RepositoryConfigurationDelegate -  INFO  - Bootstrapping Spring Data JPA repositories in DEFAULT mode.
19 Feb 2025 - 14:05:55.486 - o.s.d.r.c.RepositoryConfigurationDelegate -  INFO  - Finished Spring Data repository scanning in 75 ms. Found 14 JPA repository interfaces.
19 Feb 2025 - 14:05:56.008 - o.s.b.w.e.tomcat.TomcatWebServer -  INFO  - Tomcat initialized with port 8080 (http)
19 Feb 2025 - 14:05:56.020 - o.a.catalina.core.StandardService -  INFO  - Starting service [Tomcat]
19 Feb 2025 - 14:05:56.020 - o.a.catalina.core.StandardEngine -  INFO  - Starting Servlet engine: [Apache Tomcat/10.1.34]
19 Feb 2025 - 14:05:56.062 - o.a.c.c.C.[Tomcat].[localhost].[/] -  INFO  - Initializing Spring embedded WebApplicationContext
19 Feb 2025 - 14:05:56.063 - o.s.b.w.s.c.ServletWebServerApplicationContext -  INFO  - Root WebApplicationContext: initialization completed in 1306 ms
19 Feb 2025 - 14:05:56.144 - com.zaxxer.hikari.HikariDataSource -  INFO  - HikariPool-1 - Starting...
19 Feb 2025 - 14:05:56.298 - com.zaxxer.hikari.pool.HikariPool -  INFO  - HikariPool-1 - Added connection org.postgresql.jdbc.PgConnection@8b13d91
19 Feb 2025 - 14:05:56.299 - com.zaxxer.hikari.HikariDataSource -  INFO  - HikariPool-1 - Start completed.
19 Feb 2025 - 14:05:56.363 - o.f.c.i.license.VersionPrinter -  INFO  - Flyway Community Edition 9.22.3 by Redgate
19 Feb 2025 - 14:05:56.363 - o.f.c.i.license.VersionPrinter -  INFO  - See release notes here: https://rd.gt/416ObMi
19 Feb 2025 - 14:05:56.363 - o.f.c.i.license.VersionPrinter -  INFO  - 
19 Feb 2025 - 14:05:56.376 - org.flywaydb.core.FlywayExecutor -  INFO  - Database: jdbc:postgresql://localhost:5432/kun_uz_practise (PostgreSQL 17.2)
19 Feb 2025 - 14:05:56.382 - o.f.c.i.database.base.Database -  WARN  - Flyway upgrade recommended: PostgreSQL 17.2 is newer than this version of Flyway and support has not been tested. The latest supported version of PostgreSQL is 15.
19 Feb 2025 - 14:05:56.402 - o.f.c.i.s.JdbcTableSchemaHistory -  INFO  - Schema history table "public"."flyway_schema_history" does not exist yet
19 Feb 2025 - 14:05:56.405 - o.f.core.internal.command.DbValidate -  INFO  - Successfully validated 2 migrations (execution time 00:00.015s)
19 Feb 2025 - 14:05:56.419 - o.f.c.i.s.JdbcTableSchemaHistory -  INFO  - Creating Schema History table "public"."flyway_schema_history" with baseline ...
19 Feb 2025 - 14:05:56.437 - o.f.core.internal.command.DbBaseline -  INFO  - Successfully baselined schema with version: 1
19 Feb 2025 - 14:05:56.568 - o.f.core.internal.command.DbMigrate -  INFO  - Current version of schema "public": 1
19 Feb 2025 - 14:05:56.575 - o.f.core.internal.command.DbMigrate -  INFO  - Migrating schema "public" to version "1.1 - insert book"
19 Feb 2025 - 14:05:56.584 - o.f.core.internal.command.DbMigrate -  ERROR - Migration of schema "public" to version "1.1 - insert book" failed! Changes successfully rolled back.
19 Feb 2025 - 14:05:56.589 - o.s.b.w.e.tomcat.TomcatStarter -  ERROR - Error starting Tomcat context. Exception: org.springframework.beans.factory.UnsatisfiedDependencyException. Message: Error creating bean with name 'jwtTokenFilter': Unsatisfied dependency expressed through field 'customUserDetailsService': Error creating bean with name 'customUserDetailsService': Unsatisfied dependency expressed through field 'profileRepository': Error creating bean with name 'profileRepository' defined in com.example.repository.ProfileRepository defined in @EnableJpaRepositories declared on JpaRepositoriesRegistrar.EnableJpaRepositoriesConfiguration: Cannot resolve reference to bean 'jpaSharedEM_entityManagerFactory' while setting bean property 'entityManager'
19 Feb 2025 - 14:05:56.614 - o.a.catalina.core.StandardService -  INFO  - Stopping service [Tomcat]
19 Feb 2025 - 14:05:56.617 - o.a.c.loader.WebappClassLoaderBase -  WARN  - The web application [ROOT] appears to have started a thread named [HikariPool-1 housekeeper] but has failed to stop it. This is very likely to create a memory leak. Stack trace of thread:
 java.base/jdk.internal.misc.Unsafe.park(Native Method)
 java.base/java.util.concurrent.locks.LockSupport.parkNanos(LockSupport.java:269)
 java.base/java.util.concurrent.locks.AbstractQueuedSynchronizer$ConditionObject.awaitNanos(AbstractQueuedSynchronizer.java:1763)
 java.base/java.util.concurrent.ScheduledThreadPoolExecutor$DelayedWorkQueue.take(ScheduledThreadPoolExecutor.java:1182)
 java.base/java.util.concurrent.ScheduledThreadPoolExecutor$DelayedWorkQueue.take(ScheduledThreadPoolExecutor.java:899)
 java.base/java.util.concurrent.ThreadPoolExecutor.getTask(ThreadPoolExecutor.java:1070)
 java.base/java.util.concurrent.ThreadPoolExecutor.runWorker(ThreadPoolExecutor.java:1130)
 java.base/java.util.concurrent.ThreadPoolExecutor$Worker.run(ThreadPoolExecutor.java:642)
 java.base/java.lang.Thread.run(Thread.java:1575)
19 Feb 2025 - 14:05:56.617 - o.a.c.loader.WebappClassLoaderBase -  WARN  - The web application [ROOT] appears to have started a thread named [HikariPool-1 connection adder] but has failed to stop it. This is very likely to create a memory leak. Stack trace of thread:
 java.base/sun.nio.ch.Net.poll(Native Method)
 java.base/sun.nio.ch.NioSocketImpl.park(NioSocketImpl.java:191)
 java.base/sun.nio.ch.NioSocketImpl.timedRead(NioSocketImpl.java:280)
 java.base/sun.nio.ch.NioSocketImpl.implRead(NioSocketImpl.java:304)
 java.base/sun.nio.ch.NioSocketImpl.read(NioSocketImpl.java:346)
 java.base/sun.nio.ch.NioSocketImpl$1.read(NioSocketImpl.java:796)
 java.base/java.net.Socket$SocketInputStream.implRead(Socket.java:1116)
 java.base/java.net.Socket$SocketInputStream.read(Socket.java:1103)
 org.postgresql.core.VisibleBufferedInputStream.readMore(VisibleBufferedInputStream.java:192)
 org.postgresql.core.VisibleBufferedInputStream.ensureBytes(VisibleBufferedInputStream.java:159)
 org.postgresql.core.VisibleBufferedInputStream.ensureBytes(VisibleBufferedInputStream.java:144)
 org.postgresql.core.VisibleBufferedInputStream.read(VisibleBufferedInputStream.java:76)
 org.postgresql.core.PGStream.receiveChar(PGStream.java:476)
 org.postgresql.core.v3.ConnectionFactoryImpl.enableSSL(ConnectionFactoryImpl.java:600)
 org.postgresql.core.v3.ConnectionFactoryImpl.tryConnect(ConnectionFactoryImpl.java:201)
 org.postgresql.core.v3.ConnectionFactoryImpl.openConnectionImpl(ConnectionFactoryImpl.java:268)
 org.postgresql.core.ConnectionFactory.openConnection(ConnectionFactory.java:54)
 org.postgresql.jdbc.PgConnection.<init>(PgConnection.java:273)
 org.postgresql.Driver.makeConnection(Driver.java:446)
 org.postgresql.Driver.connect(Driver.java:298)
 com.zaxxer.hikari.util.DriverDataSource.getConnection(DriverDataSource.java:137)
 com.zaxxer.hikari.pool.PoolBase.newConnection(PoolBase.java:360)
 com.zaxxer.hikari.pool.PoolBase.newPoolEntry(PoolBase.java:202)
 com.zaxxer.hikari.pool.HikariPool.createPoolEntry(HikariPool.java:461)
 com.zaxxer.hikari.pool.HikariPool$PoolEntryCreator.call(HikariPool.java:724)
 com.zaxxer.hikari.pool.HikariPool$PoolEntryCreator.call(HikariPool.java:703)
 java.base/java.util.concurrent.FutureTask.run(FutureTask.java:317)
 java.base/java.util.concurrent.ThreadPoolExecutor.runWorker(ThreadPoolExecutor.java:1144)
 java.base/java.util.concurrent.ThreadPoolExecutor$Worker.run(ThreadPoolExecutor.java:642)
 java.base/java.lang.Thread.run(Thread.java:1575)
19 Feb 2025 - 14:05:56.619 - o.s.b.w.s.c.AnnotationConfigServletWebServerApplicationContext -  WARN  - Exception encountered during context initialization - cancelling refresh attempt: org.springframework.context.ApplicationContextException: Unable to start web server
19 Feb 2025 - 14:05:56.620 - com.zaxxer.hikari.HikariDataSource -  INFO  - HikariPool-1 - Shutdown initiated...
19 Feb 2025 - 14:05:56.678 - com.zaxxer.hikari.HikariDataSource -  INFO  - HikariPool-1 - Shutdown completed.
19 Feb 2025 - 14:05:56.685 - o.s.b.a.l.ConditionEvaluationReportLogger -  INFO  - 

Error starting ApplicationContext. To display the condition evaluation report re-run your application with 'debug' enabled.
19 Feb 2025 - 14:05:56.700 - o.s.boot.SpringApplication -  ERROR - Application run failed
org.springframework.context.ApplicationContextException: Unable to start web server
	at org.springframework.boot.web.servlet.context.ServletWebServerApplicationContext.onRefresh(ServletWebServerApplicationContext.java:165)
	at org.springframework.context.support.AbstractApplicationContext.refresh(AbstractApplicationContext.java:621)
	at org.springframework.boot.web.servlet.context.ServletWebServerApplicationContext.refresh(ServletWebServerApplicationContext.java:146)
	at org.springframework.boot.SpringApplication.refresh(SpringApplication.java:752)
	at org.springframework.boot.SpringApplication.refreshContext(SpringApplication.java:439)
	at org.springframework.boot.SpringApplication.run(SpringApplication.java:318)
	at org.springframework.boot.SpringApplication.run(SpringApplication.java:1361)
	at org.springframework.boot.SpringApplication.run(SpringApplication.java:1350)
	at com.example.KunUzPractiseApplication.main(KunUzPractiseApplication.java:10)
Caused by: org.springframework.boot.web.server.WebServerException: Unable to start embedded Tomcat
	at org.springframework.boot.web.embedded.tomcat.TomcatWebServer.initialize(TomcatWebServer.java:147)
	at org.springframework.boot.web.embedded.tomcat.TomcatWebServer.<init>(TomcatWebServer.java:107)
	at org.springframework.boot.web.embedded.tomcat.TomcatServletWebServerFactory.getTomcatWebServer(TomcatServletWebServerFactory.java:516)
	at org.springframework.boot.web.embedded.tomcat.TomcatServletWebServerFactory.getWebServer(TomcatServletWebServerFactory.java:222)
	at org.springframework.boot.web.servlet.context.ServletWebServerApplicationContext.createWebServer(ServletWebServerApplicationContext.java:188)
	at org.springframework.boot.web.servlet.context.ServletWebServerApplicationContext.onRefresh(ServletWebServerApplicationContext.java:162)
	... 8 common frames omitted
Caused by: org.springframework.beans.factory.UnsatisfiedDependencyException: Error creating bean with name 'jwtTokenFilter': Unsatisfied dependency expressed through field 'customUserDetailsService': Error creating bean with name 'customUserDetailsService': Unsatisfied dependency expressed through field 'profileRepository': Error creating bean with name 'profileRepository' defined in com.example.repository.ProfileRepository defined in @EnableJpaRepositories declared on JpaRepositoriesRegistrar.EnableJpaRepositoriesConfiguration: Cannot resolve reference to bean 'jpaSharedEM_entityManagerFactory' while setting bean property 'entityManager'
	at org.springframework.beans.factory.annotation.AutowiredAnnotationBeanPostProcessor$AutowiredFieldElement.resolveFieldValue(AutowiredAnnotationBeanPostProcessor.java:788)
	at org.springframework.beans.factory.annotation.AutowiredAnnotationBeanPostProcessor$AutowiredFieldElement.inject(AutowiredAnnotationBeanPostProcessor.java:768)
	at org.springframework.beans.factory.annotation.InjectionMetadata.inject(InjectionMetadata.java:146)
	at org.springframework.beans.factory.annotation.AutowiredAnnotationBeanPostProcessor.postProcessProperties(AutowiredAnnotationBeanPostProcessor.java:509)
	at org.springframework.beans.factory.support.AbstractAutowireCapableBeanFactory.populateBean(AbstractAutowireCapableBeanFactory.java:1445)
	at org.springframework.beans.factory.support.AbstractAutowireCapableBeanFactory.doCreateBean(AbstractAutowireCapableBeanFactory.java:600)
	at org.springframework.beans.factory.support.AbstractAutowireCapableBeanFactory.createBean(AbstractAutowireCapableBeanFactory.java:523)
	at org.springframework.beans.factory.support.AbstractBeanFactory.lambda$doGetBean$0(AbstractBeanFactory.java:336)
	at org.springframework.beans.factory.support.DefaultSingletonBeanRegistry.getSingleton(DefaultSingletonBeanRegistry.java:307)
	at org.springframework.beans.factory.support.AbstractBeanFactory.doGetBean(AbstractBeanFactory.java:334)
	at org.springframework.beans.factory.support.AbstractBeanFactory.getBean(AbstractBeanFactory.java:204)
	at org.springframework.boot.web.servlet.ServletContextInitializerBeans.getOrderedBeansOfType(ServletContextInitializerBeans.java:211)
	at org.springframework.boot.web.servlet.ServletContextInitializerBeans.addAsRegistrationBean(ServletContextInitializerBeans.java:174)
	at org.springframework.boot.web.servlet.ServletContextInitializerBeans.addAsRegistrationBean(ServletContextInitializerBeans.java:169)
	at org.springframework.boot.web.servlet.ServletContextInitializerBeans.addAdaptableBeans(ServletContextInitializerBeans.java:154)
	at org.springframework.boot.web.servlet.ServletContextInitializerBeans.<init>(ServletContextInitializerBeans.java:87)
	at org.springframework.boot.web.servlet.context.ServletWebServerApplicationContext.getServletContextInitializerBeans(ServletWebServerApplicationContext.java:266)
	at org.springframework.boot.web.servlet.context.ServletWebServerApplicationContext.selfInitialize(ServletWebServerApplicationContext.java:240)
	at org.springframework.boot.web.embedded.tomcat.TomcatStarter.onStartup(TomcatStarter.java:52)
	at org.apache.catalina.core.StandardContext.startInternal(StandardContext.java:4426)
	at org.apache.catalina.util.LifecycleBase.start(LifecycleBase.java:164)
	at org.apache.catalina.core.ContainerBase$StartChild.call(ContainerBase.java:1203)
	at org.apache.catalina.core.ContainerBase$StartChild.call(ContainerBase.java:1193)
	at java.base/java.util.concurrent.FutureTask.run(FutureTask.java:317)
	at org.apache.tomcat.util.threads.InlineExecutorService.execute(InlineExecutorService.java:75)
	at java.base/java.util.concurrent.AbstractExecutorService.submit(AbstractExecutorService.java:148)
	at org.apache.catalina.core.ContainerBase.startInternal(ContainerBase.java:749)
	at org.apache.catalina.core.StandardHost.startInternal(StandardHost.java:772)
	at org.apache.catalina.util.LifecycleBase.start(LifecycleBase.java:164)
	at org.apache.catalina.core.ContainerBase$StartChild.call(ContainerBase.java:1203)
	at org.apache.catalina.core.ContainerBase$StartChild.call(ContainerBase.java:1193)
	at java.base/java.util.concurrent.FutureTask.run(FutureTask.java:317)
	at org.apache.tomcat.util.threads.InlineExecutorService.execute(InlineExecutorService.java:75)
	at java.base/java.util.concurrent.AbstractExecutorService.submit(AbstractExecutorService.java:148)
	at org.apache.catalina.core.ContainerBase.startInternal(ContainerBase.java:749)
	at org.apache.catalina.core.StandardEngine.startInternal(StandardEngine.java:203)
	at org.apache.catalina.util.LifecycleBase.start(LifecycleBase.java:164)
	at org.apache.catalina.core.StandardService.startInternal(StandardService.java:415)
	at org.apache.catalina.util.LifecycleBase.start(LifecycleBase.java:164)
	at org.apache.catalina.core.StandardServer.startInternal(StandardServer.java:870)
	at org.apache.catalina.util.LifecycleBase.start(LifecycleBase.java:164)
	at org.apache.catalina.startup.Tomcat.start(Tomcat.java:437)
	at org.springframework.boot.web.embedded.tomcat.TomcatWebServer.initialize(TomcatWebServer.java:128)
	... 13 common frames omitted
Caused by: org.springframework.beans.factory.UnsatisfiedDependencyException: Error creating bean with name 'customUserDetailsService': Unsatisfied dependency expressed through field 'profileRepository': Error creating bean with name 'profileRepository' defined in com.example.repository.ProfileRepository defined in @EnableJpaRepositories declared on JpaRepositoriesRegistrar.EnableJpaRepositoriesConfiguration: Cannot resolve reference to bean 'jpaSharedEM_entityManagerFactory' while setting bean property 'entityManager'
	at org.springframework.beans.factory.annotation.AutowiredAnnotationBeanPostProcessor$AutowiredFieldElement.resolveFieldValue(AutowiredAnnotationBeanPostProcessor.java:788)
	at org.springframework.beans.factory.annotation.AutowiredAnnotationBeanPostProcessor$AutowiredFieldElement.inject(AutowiredAnnotationBeanPostProcessor.java:768)
	at org.springframework.beans.factory.annotation.InjectionMetadata.inject(InjectionMetadata.java:146)
	at org.springframework.beans.factory.annotation.AutowiredAnnotationBeanPostProcessor.postProcessProperties(AutowiredAnnotationBeanPostProcessor.java:509)
	at org.springframework.beans.factory.support.AbstractAutowireCapableBeanFactory.populateBean(AbstractAutowireCapableBeanFactory.java:1445)
	at org.springframework.beans.factory.support.AbstractAutowireCapableBeanFactory.doCreateBean(AbstractAutowireCapableBeanFactory.java:600)
	at org.springframework.beans.factory.support.AbstractAutowireCapableBeanFactory.createBean(AbstractAutowireCapableBeanFactory.java:523)
	at org.springframework.beans.factory.support.AbstractBeanFactory.lambda$doGetBean$0(AbstractBeanFactory.java:336)
	at org.springframework.beans.factory.support.DefaultSingletonBeanRegistry.getSingleton(DefaultSingletonBeanRegistry.java:307)
	at org.springframework.beans.factory.support.AbstractBeanFactory.doGetBean(AbstractBeanFactory.java:334)
	at org.springframework.beans.factory.support.AbstractBeanFactory.getBean(AbstractBeanFactory.java:199)
	at org.springframework.beans.factory.support.DefaultListableBeanFactory.doResolveDependency(DefaultListableBeanFactory.java:1573)
	at org.springframework.beans.factory.support.DefaultListableBeanFactory.resolveDependency(DefaultListableBeanFactory.java:1519)
	at org.springframework.beans.factory.annotation.AutowiredAnnotationBeanPostProcessor$AutowiredFieldElement.resolveFieldValue(AutowiredAnnotationBeanPostProcessor.java:785)
	... 55 common frames omitted
Caused by: org.springframework.beans.factory.BeanCreationException: Error creating bean with name 'profileRepository' defined in com.example.repository.ProfileRepository defined in @EnableJpaRepositories declared on JpaRepositoriesRegistrar.EnableJpaRepositoriesConfiguration: Cannot resolve reference to bean 'jpaSharedEM_entityManagerFactory' while setting bean property 'entityManager'
	at org.springframework.beans.factory.support.BeanDefinitionValueResolver.resolveReference(BeanDefinitionValueResolver.java:377)
	at org.springframework.beans.factory.support.BeanDefinitionValueResolver.resolveValueIfNecessary(BeanDefinitionValueResolver.java:135)
	at org.springframework.beans.factory.support.AbstractAutowireCapableBeanFactory.applyPropertyValues(AbstractAutowireCapableBeanFactory.java:1711)
	at org.springframework.beans.factory.support.AbstractAutowireCapableBeanFactory.populateBean(AbstractAutowireCapableBeanFactory.java:1460)
	at org.springframework.beans.factory.support.AbstractAutowireCapableBeanFactory.doCreateBean(AbstractAutowireCapableBeanFactory.java:600)
	at org.springframework.beans.factory.support.AbstractAutowireCapableBeanFactory.createBean(AbstractAutowireCapableBeanFactory.java:523)
	at org.springframework.beans.factory.support.AbstractBeanFactory.lambda$doGetBean$0(AbstractBeanFactory.java:336)
	at org.springframework.beans.factory.support.DefaultSingletonBeanRegistry.getSingleton(DefaultSingletonBeanRegistry.java:307)
	at org.springframework.beans.factory.support.AbstractBeanFactory.doGetBean(AbstractBeanFactory.java:334)
	at org.springframework.beans.factory.support.AbstractBeanFactory.getBean(AbstractBeanFactory.java:199)
	at org.springframework.beans.factory.support.DefaultListableBeanFactory.doResolveDependency(DefaultListableBeanFactory.java:1573)
	at org.springframework.beans.factory.support.DefaultListableBeanFactory.resolveDependency(DefaultListableBeanFactory.java:1519)
	at org.springframework.beans.factory.annotation.AutowiredAnnotationBeanPostProcessor$AutowiredFieldElement.resolveFieldValue(AutowiredAnnotationBeanPostProcessor.java:785)
	... 68 common frames omitted
Caused by: org.springframework.beans.factory.BeanCreationException: Error creating bean with name 'jpaSharedEM_entityManagerFactory': Cannot resolve reference to bean 'entityManagerFactory' while setting constructor argument
	at org.springframework.beans.factory.support.BeanDefinitionValueResolver.resolveReference(BeanDefinitionValueResolver.java:377)
	at org.springframework.beans.factory.support.BeanDefinitionValueResolver.resolveValueIfNecessary(BeanDefinitionValueResolver.java:135)
	at org.springframework.beans.factory.support.ConstructorResolver.resolveConstructorArguments(ConstructorResolver.java:691)
	at org.springframework.beans.factory.support.ConstructorResolver.instantiateUsingFactoryMethod(ConstructorResolver.java:513)
	at org.springframework.beans.factory.support.AbstractAutowireCapableBeanFactory.instantiateUsingFactoryMethod(AbstractAutowireCapableBeanFactory.java:1361)
	at org.springframework.beans.factory.support.AbstractAutowireCapableBeanFactory.createBeanInstance(AbstractAutowireCapableBeanFactory.java:1191)
	at org.springframework.beans.factory.support.AbstractAutowireCapableBeanFactory.doCreateBean(AbstractAutowireCapableBeanFactory.java:563)
	at org.springframework.beans.factory.support.AbstractAutowireCapableBeanFactory.createBean(AbstractAutowireCapableBeanFactory.java:523)
	at org.springframework.beans.factory.support.AbstractBeanFactory.lambda$doGetBean$0(AbstractBeanFactory.java:336)
	at org.springframework.beans.factory.support.DefaultSingletonBeanRegistry.getSingleton(DefaultSingletonBeanRegistry.java:307)
	at org.springframework.beans.factory.support.AbstractBeanFactory.doGetBean(AbstractBeanFactory.java:334)
	at org.springframework.beans.factory.support.AbstractBeanFactory.getBean(AbstractBeanFactory.java:199)
	at org.springframework.beans.factory.support.BeanDefinitionValueResolver.resolveReference(BeanDefinitionValueResolver.java:365)
	... 80 common frames omitted
Caused by: org.springframework.beans.factory.BeanCreationException: Error creating bean with name 'flywayInitializer' defined in class path resource [org/springframework/boot/autoconfigure/flyway/FlywayAutoConfiguration$FlywayConfiguration.class]: Migration V1.1__insert_book.sql failed
--------------------------------------
SQL State  : 42P01
Error Code : 0
Message    : ERROR: relation "book" does not exist
  Position: 13
Location   : db/migration/V1.1__insert_book.sql (C:\Users\Sanjar\IdeaProjects\kun_uz_practise\target\classes\db\migration\V1.1__insert_book.sql)
Line       : 1
Statement  : insert into book(description,title)values ('test description','test title')

	at org.springframework.beans.factory.support.AbstractAutowireCapableBeanFactory.initializeBean(AbstractAutowireCapableBeanFactory.java:1812)
	at org.springframework.beans.factory.support.AbstractAutowireCapableBeanFactory.doCreateBean(AbstractAutowireCapableBeanFactory.java:601)
	at org.springframework.beans.factory.support.AbstractAutowireCapableBeanFactory.createBean(AbstractAutowireCapableBeanFactory.java:523)
	at org.springframework.beans.factory.support.AbstractBeanFactory.lambda$doGetBean$0(AbstractBeanFactory.java:336)
	at org.springframework.beans.factory.support.DefaultSingletonBeanRegistry.getSingleton(DefaultSingletonBeanRegistry.java:307)
	at org.springframework.beans.factory.support.AbstractBeanFactory.doGetBean(AbstractBeanFactory.java:334)
	at org.springframework.beans.factory.support.AbstractBeanFactory.getBean(AbstractBeanFactory.java:199)
	at org.springframework.beans.factory.support.AbstractBeanFactory.doGetBean(AbstractBeanFactory.java:312)
	at org.springframework.beans.factory.support.AbstractBeanFactory.getBean(AbstractBeanFactory.java:199)
	at org.springframework.beans.factory.support.BeanDefinitionValueResolver.resolveReference(BeanDefinitionValueResolver.java:365)
	... 92 common frames omitted
Caused by: org.flywaydb.core.internal.command.DbMigrate$FlywayMigrateException: Migration V1.1__insert_book.sql failed
--------------------------------------
SQL State  : 42P01
Error Code : 0
Message    : ERROR: relation "book" does not exist
  Position: 13
Location   : db/migration/V1.1__insert_book.sql (C:\Users\Sanjar\IdeaProjects\kun_uz_practise\target\classes\db\migration\V1.1__insert_book.sql)
Line       : 1
Statement  : insert into book(description,title)values ('test description','test title')

	at org.flywaydb.core.internal.command.DbMigrate.doMigrateGroup(DbMigrate.java:382)
	at org.flywaydb.core.internal.command.DbMigrate.lambda$applyMigrations$1(DbMigrate.java:272)
	at org.flywaydb.core.internal.jdbc.TransactionalExecutionTemplate.execute(TransactionalExecutionTemplate.java:55)
	at org.flywaydb.core.internal.command.DbMigrate.applyMigrations(DbMigrate.java:271)
	at org.flywaydb.core.internal.command.DbMigrate.migrateGroup(DbMigrate.java:244)
	at org.flywaydb.core.internal.command.DbMigrate.lambda$migrateAll$0(DbMigrate.java:139)
	at org.flywaydb.core.internal.database.postgresql.PostgreSQLAdvisoryLockTemplate.execute(PostgreSQLAdvisoryLockTemplate.java:73)
	at org.flywaydb.core.internal.database.postgresql.PostgreSQLAdvisoryLockTemplate.lambda$execute$0(PostgreSQLAdvisoryLockTemplate.java:56)
	at org.flywaydb.core.internal.jdbc.TransactionalExecutionTemplate.execute(TransactionalExecutionTemplate.java:55)
	at org.flywaydb.core.internal.database.postgresql.PostgreSQLAdvisoryLockTemplate.execute(PostgreSQLAdvisoryLockTemplate.java:56)
	at org.flywaydb.core.internal.database.postgresql.PostgreSQLConnection.lock(PostgreSQLConnection.java:96)
	at org.flywaydb.core.internal.schemahistory.JdbcTableSchemaHistory.lock(JdbcTableSchemaHistory.java:144)
	at org.flywaydb.core.internal.command.DbMigrate.migrateAll(DbMigrate.java:139)
	at org.flywaydb.core.internal.command.DbMigrate.migrate(DbMigrate.java:97)
	at org.flywaydb.core.Flyway.lambda$migrate$0(Flyway.java:188)
	at org.flywaydb.core.FlywayExecutor.execute(FlywayExecutor.java:213)
	at org.flywaydb.core.Flyway.migrate(Flyway.java:140)
	at org.springframework.boot.autoconfigure.flyway.FlywayMigrationInitializer.afterPropertiesSet(FlywayMigrationInitializer.java:66)
	at org.springframework.beans.factory.support.AbstractAutowireCapableBeanFactory.invokeInitMethods(AbstractAutowireCapableBeanFactory.java:1859)
	at org.springframework.beans.factory.support.AbstractAutowireCapableBeanFactory.initializeBean(AbstractAutowireCapableBeanFactory.java:1808)
	... 101 common frames omitted
Caused by: org.flywaydb.core.internal.sqlscript.FlywaySqlScriptException: Migration V1.1__insert_book.sql failed
--------------------------------------
SQL State  : 42P01
Error Code : 0
Message    : ERROR: relation "book" does not exist
  Position: 13
Location   : db/migration/V1.1__insert_book.sql (C:\Users\Sanjar\IdeaProjects\kun_uz_practise\target\classes\db\migration\V1.1__insert_book.sql)
Line       : 1
Statement  : insert into book(description,title)values ('test description','test title')

	at org.flywaydb.core.internal.sqlscript.DefaultSqlScriptExecutor.handleException(DefaultSqlScriptExecutor.java:267)
	at org.flywaydb.core.internal.sqlscript.DefaultSqlScriptExecutor.executeStatement(DefaultSqlScriptExecutor.java:222)
	at org.flywaydb.core.internal.sqlscript.DefaultSqlScriptExecutor.execute(DefaultSqlScriptExecutor.java:126)
	at org.flywaydb.core.internal.resolver.sql.SqlMigrationExecutor.executeOnce(SqlMigrationExecutor.java:68)
	at org.flywaydb.core.internal.resolver.sql.SqlMigrationExecutor.lambda$execute$0(SqlMigrationExecutor.java:57)
	at org.flywaydb.core.internal.database.DefaultExecutionStrategy.execute(DefaultExecutionStrategy.java:27)
	at org.flywaydb.core.internal.resolver.sql.SqlMigrationExecutor.execute(SqlMigrationExecutor.java:56)
	at org.flywaydb.core.internal.command.DbMigrate.doMigrateGroup(DbMigrate.java:374)
	... 120 common frames omitted
Caused by: org.postgresql.util.PSQLException: ERROR: relation "book" does not exist
  Position: 13
	at org.postgresql.core.v3.QueryExecutorImpl.receiveErrorResponse(QueryExecutorImpl.java:2733)
	at org.postgresql.core.v3.QueryExecutorImpl.processResults(QueryExecutorImpl.java:2420)
	at org.postgresql.core.v3.QueryExecutorImpl.execute(QueryExecutorImpl.java:372)
	at org.postgresql.jdbc.PgStatement.executeInternal(PgStatement.java:517)
	at org.postgresql.jdbc.PgStatement.execute(PgStatement.java:434)
	at org.postgresql.jdbc.PgStatement.executeWithFlags(PgStatement.java:356)
	at org.postgresql.jdbc.PgStatement.executeCachedSql(PgStatement.java:341)
	at org.postgresql.jdbc.PgStatement.executeWithFlags(PgStatement.java:317)
	at org.postgresql.jdbc.PgStatement.execute(PgStatement.java:312)
	at com.zaxxer.hikari.pool.ProxyStatement.execute(ProxyStatement.java:94)
	at com.zaxxer.hikari.pool.HikariProxyStatement.execute(HikariProxyStatement.java)
	at org.flywaydb.core.internal.jdbc.JdbcTemplate.executeStatement(JdbcTemplate.java:201)
	at org.flywaydb.core.internal.sqlscript.ParsedSqlStatement.execute(ParsedSqlStatement.java:95)
	at org.flywaydb.core.internal.sqlscript.DefaultSqlScriptExecutor.executeStatement(DefaultSqlScriptExecutor.java:210)
	... 126 common frames omitted
19 Feb 2025 - 14:06:48.445 - c.example.KunUzPractiseApplication -  INFO  - Starting KunUzPractiseApplication using Java 23.0.1 with PID 11412 (C:\Users\Sanjar\IdeaProjects\kun_uz_practise\target\classes started by Sanjar in C:\Users\Sanjar\IdeaProjects\kun_uz_practise)
19 Feb 2025 - 14:06:48.455 - c.example.KunUzPractiseApplication -  INFO  - The following 1 profile is active: "local"
19 Feb 2025 - 14:06:49.143 - o.s.d.r.c.RepositoryConfigurationDelegate -  INFO  - Bootstrapping Spring Data JPA repositories in DEFAULT mode.
19 Feb 2025 - 14:06:49.224 - o.s.d.r.c.RepositoryConfigurationDelegate -  INFO  - Finished Spring Data repository scanning in 73 ms. Found 14 JPA repository interfaces.
19 Feb 2025 - 14:06:49.728 - o.s.b.w.e.tomcat.TomcatWebServer -  INFO  - Tomcat initialized with port 8080 (http)
19 Feb 2025 - 14:06:49.739 - o.a.catalina.core.StandardService -  INFO  - Starting service [Tomcat]
19 Feb 2025 - 14:06:49.739 - o.a.catalina.core.StandardEngine -  INFO  - Starting Servlet engine: [Apache Tomcat/10.1.34]
19 Feb 2025 - 14:06:49.780 - o.a.c.c.C.[Tomcat].[localhost].[/] -  INFO  - Initializing Spring embedded WebApplicationContext
19 Feb 2025 - 14:06:49.780 - o.s.b.w.s.c.ServletWebServerApplicationContext -  INFO  - Root WebApplicationContext: initialization completed in 1276 ms
19 Feb 2025 - 14:06:49.843 - com.zaxxer.hikari.HikariDataSource -  INFO  - HikariPool-1 - Starting...
19 Feb 2025 - 14:06:50.005 - com.zaxxer.hikari.pool.HikariPool -  INFO  - HikariPool-1 - Added connection org.postgresql.jdbc.PgConnection@30f28b5
19 Feb 2025 - 14:06:50.007 - com.zaxxer.hikari.HikariDataSource -  INFO  - HikariPool-1 - Start completed.
19 Feb 2025 - 14:06:50.083 - o.h.jpa.internal.util.LogHelper -  INFO  - HHH000204: Processing PersistenceUnitInfo [name: default]
19 Feb 2025 - 14:06:50.129 - org.hibernate.Version -  INFO  - HHH000412: Hibernate ORM core version 6.6.5.Final
19 Feb 2025 - 14:06:50.160 - o.h.c.i.RegionFactoryInitiator -  INFO  - HHH000026: Second-level cache disabled
19 Feb 2025 - 14:06:50.404 - o.s.o.j.p.SpringPersistenceUnitInfo -  INFO  - No LoadTimeWeaver setup: ignoring JPA class transformer
19 Feb 2025 - 14:06:50.480 - o.hibernate.orm.connections.pooling -  INFO  - HHH10001005: Database info:
	Database JDBC URL [Connecting through datasource 'HikariDataSource (HikariPool-1)']
	Database driver: undefined/unknown
	Database version: 17.2
	Autocommit mode: undefined/unknown
	Isolation level: undefined/unknown
	Minimum pool size: undefined/unknown
	Maximum pool size: undefined/unknown
19 Feb 2025 - 14:06:51.556 - o.h.e.t.j.p.i.JtaPlatformInitiator -  INFO  - HHH000489: No JTA platform available (set 'hibernate.transaction.jta.platform' to enable JTA platform integration)
19 Feb 2025 - 14:06:52.195 - o.s.o.j.LocalContainerEntityManagerFactoryBean -  INFO  - Initialized JPA EntityManagerFactory for persistence unit 'default'
19 Feb 2025 - 14:06:52.442 - o.s.d.j.r.query.QueryEnhancerFactory -  INFO  - Hibernate is in classpath; If applicable, HQL parser will be used.
19 Feb 2025 - 14:06:53.825 - o.s.b.a.o.j.JpaBaseConfiguration$JpaWebConfiguration -  WARN  - spring.jpa.open-in-view is enabled by default. Therefore, database queries may be performed during view rendering. Explicitly configure spring.jpa.open-in-view to disable this warning
19 Feb 2025 - 14:06:53.854 - o.s.s.c.a.a.c.InitializeAuthenticationProviderBeanManagerConfigurer$InitializeAuthenticationProviderManagerConfigurer -  INFO  - Global AuthenticationManager configured with AuthenticationProvider bean with name authenticationProvider
19 Feb 2025 - 14:06:53.855 - o.s.s.c.a.a.c.InitializeUserDetailsBeanManagerConfigurer$InitializeUserDetailsManagerConfigurer -  WARN  - Global AuthenticationManager configured with an AuthenticationProvider bean. UserDetailsService beans will not be used by Spring Security for automatically configuring username/password login. Consider removing the AuthenticationProvider bean. Alternatively, consider using the UserDetailsService in a manually instantiated DaoAuthenticationProvider. If the current configuration is intentional, to turn off this warning, increase the logging level of 'org.springframework.security.config.annotation.authentication.configuration.InitializeUserDetailsBeanManagerConfigurer' to ERROR
19 Feb 2025 - 14:06:54.443 - o.s.b.w.e.tomcat.TomcatWebServer -  INFO  - Tomcat started on port 8080 (http) with context path '/'
19 Feb 2025 - 14:06:54.450 - c.example.KunUzPractiseApplication -  INFO  - Started KunUzPractiseApplication in 6.411 seconds (process running for 6.992)
19 Feb 2025 - 14:08:52.924 - o.s.b.w.e.tomcat.GracefulShutdown -  INFO  - Commencing graceful shutdown. Waiting for active requests to complete
19 Feb 2025 - 14:08:52.928 - o.s.b.w.e.tomcat.GracefulShutdown -  INFO  - Graceful shutdown complete
19 Feb 2025 - 14:08:52.935 - o.s.o.j.LocalContainerEntityManagerFactoryBean -  INFO  - Closing JPA EntityManagerFactory for persistence unit 'default'
19 Feb 2025 - 14:08:52.936 - com.zaxxer.hikari.HikariDataSource -  INFO  - HikariPool-1 - Shutdown initiated...
19 Feb 2025 - 14:08:52.940 - com.zaxxer.hikari.HikariDataSource -  INFO  - HikariPool-1 - Shutdown completed.
19 Feb 2025 - 14:08:54.966 - c.example.KunUzPractiseApplication -  INFO  - Starting KunUzPractiseApplication using Java 23.0.1 with PID 7792 (C:\Users\Sanjar\IdeaProjects\kun_uz_practise\target\classes started by Sanjar in C:\Users\Sanjar\IdeaProjects\kun_uz_practise)
19 Feb 2025 - 14:08:54.975 - c.example.KunUzPractiseApplication -  INFO  - The following 1 profile is active: "local"
19 Feb 2025 - 14:08:55.686 - o.s.d.r.c.RepositoryConfigurationDelegate -  INFO  - Bootstrapping Spring Data JPA repositories in DEFAULT mode.
19 Feb 2025 - 14:08:55.771 - o.s.d.r.c.RepositoryConfigurationDelegate -  INFO  - Finished Spring Data repository scanning in 78 ms. Found 14 JPA repository interfaces.
19 Feb 2025 - 14:08:56.311 - o.s.b.w.e.tomcat.TomcatWebServer -  INFO  - Tomcat initialized with port 8080 (http)
19 Feb 2025 - 14:08:56.323 - o.a.catalina.core.StandardService -  INFO  - Starting service [Tomcat]
19 Feb 2025 - 14:08:56.323 - o.a.catalina.core.StandardEngine -  INFO  - Starting Servlet engine: [Apache Tomcat/10.1.34]
19 Feb 2025 - 14:08:56.364 - o.a.c.c.C.[Tomcat].[localhost].[/] -  INFO  - Initializing Spring embedded WebApplicationContext
19 Feb 2025 - 14:08:56.364 - o.s.b.w.s.c.ServletWebServerApplicationContext -  INFO  - Root WebApplicationContext: initialization completed in 1341 ms
19 Feb 2025 - 14:08:56.445 - com.zaxxer.hikari.HikariDataSource -  INFO  - HikariPool-1 - Starting...
19 Feb 2025 - 14:08:56.603 - com.zaxxer.hikari.pool.HikariPool -  INFO  - HikariPool-1 - Added connection org.postgresql.jdbc.PgConnection@1cd2ff5b
19 Feb 2025 - 14:08:56.605 - com.zaxxer.hikari.HikariDataSource -  INFO  - HikariPool-1 - Start completed.
19 Feb 2025 - 14:08:56.667 - o.f.c.i.license.VersionPrinter -  INFO  - Flyway Community Edition 9.22.3 by Redgate
19 Feb 2025 - 14:08:56.667 - o.f.c.i.license.VersionPrinter -  INFO  - See release notes here: https://rd.gt/416ObMi
19 Feb 2025 - 14:08:56.667 - o.f.c.i.license.VersionPrinter -  INFO  - 
19 Feb 2025 - 14:08:56.678 - org.flywaydb.core.FlywayExecutor -  INFO  - Database: jdbc:postgresql://localhost:5432/kun_uz_practise (PostgreSQL 17.2)
19 Feb 2025 - 14:08:56.686 - o.f.c.i.database.base.Database -  WARN  - Flyway upgrade recommended: PostgreSQL 17.2 is newer than this version of Flyway and support has not been tested. The latest supported version of PostgreSQL is 15.
19 Feb 2025 - 14:08:56.717 - o.f.core.internal.command.DbValidate -  INFO  - Successfully validated 4 migrations (execution time 00:00.021s)
19 Feb 2025 - 14:08:56.766 - o.f.core.internal.command.DbMigrate -  INFO  - Current version of schema "public": 1
19 Feb 2025 - 14:08:56.777 - o.f.core.internal.command.DbMigrate -  INFO  - Migrating schema "public" to version "1.1 - create book"
19 Feb 2025 - 14:08:56.797 - o.f.core.internal.command.DbMigrate -  INFO  - Migrating schema "public" to version "1.2 - insert book"
19 Feb 2025 - 14:08:56.807 - o.f.core.internal.command.DbMigrate -  INFO  - Successfully applied 2 migrations to schema "public", now at version v1.2 (execution time 00:00.013s)
19 Feb 2025 - 14:08:56.911 - o.h.jpa.internal.util.LogHelper -  INFO  - HHH000204: Processing PersistenceUnitInfo [name: default]
19 Feb 2025 - 14:08:56.966 - org.hibernate.Version -  INFO  - HHH000412: Hibernate ORM core version 6.6.5.Final
19 Feb 2025 - 14:08:56.996 - o.h.c.i.RegionFactoryInitiator -  INFO  - HHH000026: Second-level cache disabled
19 Feb 2025 - 14:08:57.248 - o.s.o.j.p.SpringPersistenceUnitInfo -  INFO  - No LoadTimeWeaver setup: ignoring JPA class transformer
19 Feb 2025 - 14:08:57.331 - o.hibernate.orm.connections.pooling -  INFO  - HHH10001005: Database info:
	Database JDBC URL [Connecting through datasource 'HikariDataSource (HikariPool-1)']
	Database driver: undefined/unknown
	Database version: 17.2
	Autocommit mode: undefined/unknown
	Isolation level: undefined/unknown
	Minimum pool size: undefined/unknown
	Maximum pool size: undefined/unknown
19 Feb 2025 - 14:08:58.427 - o.h.e.t.j.p.i.JtaPlatformInitiator -  INFO  - HHH000489: No JTA platform available (set 'hibernate.transaction.jta.platform' to enable JTA platform integration)
19 Feb 2025 - 14:08:59.051 - o.s.o.j.LocalContainerEntityManagerFactoryBean -  INFO  - Initialized JPA EntityManagerFactory for persistence unit 'default'
19 Feb 2025 - 14:08:59.281 - o.s.d.j.r.query.QueryEnhancerFactory -  INFO  - Hibernate is in classpath; If applicable, HQL parser will be used.
19 Feb 2025 - 14:09:00.631 - o.s.b.a.o.j.JpaBaseConfiguration$JpaWebConfiguration -  WARN  - spring.jpa.open-in-view is enabled by default. Therefore, database queries may be performed during view rendering. Explicitly configure spring.jpa.open-in-view to disable this warning
19 Feb 2025 - 14:09:00.661 - o.s.s.c.a.a.c.InitializeAuthenticationProviderBeanManagerConfigurer$InitializeAuthenticationProviderManagerConfigurer -  INFO  - Global AuthenticationManager configured with AuthenticationProvider bean with name authenticationProvider
19 Feb 2025 - 14:09:00.662 - o.s.s.c.a.a.c.InitializeUserDetailsBeanManagerConfigurer$InitializeUserDetailsManagerConfigurer -  WARN  - Global AuthenticationManager configured with an AuthenticationProvider bean. UserDetailsService beans will not be used by Spring Security for automatically configuring username/password login. Consider removing the AuthenticationProvider bean. Alternatively, consider using the UserDetailsService in a manually instantiated DaoAuthenticationProvider. If the current configuration is intentional, to turn off this warning, increase the logging level of 'org.springframework.security.config.annotation.authentication.configuration.InitializeUserDetailsBeanManagerConfigurer' to ERROR
19 Feb 2025 - 14:09:01.265 - o.s.b.w.e.tomcat.TomcatWebServer -  INFO  - Tomcat started on port 8080 (http) with context path '/'
19 Feb 2025 - 14:09:01.272 - c.example.KunUzPractiseApplication -  INFO  - Started KunUzPractiseApplication in 6.713 seconds (process running for 7.322)
19 Feb 2025 - 14:09:15.884 - o.s.b.w.e.tomcat.GracefulShutdown -  INFO  - Commencing graceful shutdown. Waiting for active requests to complete
19 Feb 2025 - 14:09:15.889 - o.s.b.w.e.tomcat.GracefulShutdown -  INFO  - Graceful shutdown complete
19 Feb 2025 - 14:09:15.896 - o.s.o.j.LocalContainerEntityManagerFactoryBean -  INFO  - Closing JPA EntityManagerFactory for persistence unit 'default'
19 Feb 2025 - 14:09:15.898 - com.zaxxer.hikari.HikariDataSource -  INFO  - HikariPool-1 - Shutdown initiated...
19 Feb 2025 - 14:09:15.902 - com.zaxxer.hikari.HikariDataSource -  INFO  - HikariPool-1 - Shutdown completed.
19 Feb 2025 - 14:09:17.794 - c.example.KunUzPractiseApplication -  INFO  - Starting KunUzPractiseApplication using Java 23.0.1 with PID 1188 (C:\Users\Sanjar\IdeaProjects\kun_uz_practise\target\classes started by Sanjar in C:\Users\Sanjar\IdeaProjects\kun_uz_practise)
19 Feb 2025 - 14:09:17.804 - c.example.KunUzPractiseApplication -  INFO  - The following 1 profile is active: "local"
19 Feb 2025 - 14:09:18.617 - o.s.d.r.c.RepositoryConfigurationDelegate -  INFO  - Bootstrapping Spring Data JPA repositories in DEFAULT mode.
19 Feb 2025 - 14:09:18.699 - o.s.d.r.c.RepositoryConfigurationDelegate -  INFO  - Finished Spring Data repository scanning in 74 ms. Found 14 JPA repository interfaces.
19 Feb 2025 - 14:09:19.218 - o.s.b.w.e.tomcat.TomcatWebServer -  INFO  - Tomcat initialized with port 8080 (http)
19 Feb 2025 - 14:09:19.229 - o.a.catalina.core.StandardService -  INFO  - Starting service [Tomcat]
19 Feb 2025 - 14:09:19.230 - o.a.catalina.core.StandardEngine -  INFO  - Starting Servlet engine: [Apache Tomcat/10.1.34]
19 Feb 2025 - 14:09:19.271 - o.a.c.c.C.[Tomcat].[localhost].[/] -  INFO  - Initializing Spring embedded WebApplicationContext
19 Feb 2025 - 14:09:19.272 - o.s.b.w.s.c.ServletWebServerApplicationContext -  INFO  - Root WebApplicationContext: initialization completed in 1419 ms
19 Feb 2025 - 14:09:19.352 - com.zaxxer.hikari.HikariDataSource -  INFO  - HikariPool-1 - Starting...
19 Feb 2025 - 14:09:19.515 - com.zaxxer.hikari.pool.HikariPool -  INFO  - HikariPool-1 - Added connection org.postgresql.jdbc.PgConnection@5cfed0ba
19 Feb 2025 - 14:09:19.516 - com.zaxxer.hikari.HikariDataSource -  INFO  - HikariPool-1 - Start completed.
19 Feb 2025 - 14:09:19.579 - o.f.c.i.license.VersionPrinter -  INFO  - Flyway Community Edition 9.22.3 by Redgate
19 Feb 2025 - 14:09:19.579 - o.f.c.i.license.VersionPrinter -  INFO  - See release notes here: https://rd.gt/416ObMi
19 Feb 2025 - 14:09:19.579 - o.f.c.i.license.VersionPrinter -  INFO  - 
19 Feb 2025 - 14:09:19.591 - org.flywaydb.core.FlywayExecutor -  INFO  - Database: jdbc:postgresql://localhost:5432/kun_uz_practise (PostgreSQL 17.2)
19 Feb 2025 - 14:09:19.596 - o.f.c.i.database.base.Database -  WARN  - Flyway upgrade recommended: PostgreSQL 17.2 is newer than this version of Flyway and support has not been tested. The latest supported version of PostgreSQL is 15.
19 Feb 2025 - 14:09:19.616 - o.f.c.i.s.JdbcTableSchemaHistory -  INFO  - Schema history table "public"."flyway_schema_history" does not exist yet
19 Feb 2025 - 14:09:19.618 - o.f.core.internal.command.DbValidate -  INFO  - Successfully validated 3 migrations (execution time 00:00.014s)
19 Feb 2025 - 14:09:19.631 - o.f.c.i.s.JdbcTableSchemaHistory -  INFO  - Creating Schema History table "public"."flyway_schema_history" with baseline ...
19 Feb 2025 - 14:09:19.650 - o.f.core.internal.command.DbBaseline -  INFO  - Successfully baselined schema with version: 1
19 Feb 2025 - 14:09:19.669 - o.f.core.internal.command.DbMigrate -  INFO  - Current version of schema "public": 1
19 Feb 2025 - 14:09:19.674 - o.f.core.internal.command.DbMigrate -  INFO  - Migrating schema "public" to version "1.1 - create book"
19 Feb 2025 - 14:09:19.689 - o.f.core.internal.command.DbMigrate -  INFO  - Migrating schema "public" to version "1.2 - insert book"
19 Feb 2025 - 14:09:19.696 - o.f.core.internal.command.DbMigrate -  INFO  - Successfully applied 2 migrations to schema "public", now at version v1.2 (execution time 00:00.010s)
19 Feb 2025 - 14:09:19.794 - o.h.jpa.internal.util.LogHelper -  INFO  - HHH000204: Processing PersistenceUnitInfo [name: default]
19 Feb 2025 - 14:09:19.847 - org.hibernate.Version -  INFO  - HHH000412: Hibernate ORM core version 6.6.5.Final
19 Feb 2025 - 14:09:19.875 - o.h.c.i.RegionFactoryInitiator -  INFO  - HHH000026: Second-level cache disabled
19 Feb 2025 - 14:09:20.114 - o.s.o.j.p.SpringPersistenceUnitInfo -  INFO  - No LoadTimeWeaver setup: ignoring JPA class transformer
19 Feb 2025 - 14:09:20.190 - o.hibernate.orm.connections.pooling -  INFO  - HHH10001005: Database info:
	Database JDBC URL [Connecting through datasource 'HikariDataSource (HikariPool-1)']
	Database driver: undefined/unknown
	Database version: 17.2
	Autocommit mode: undefined/unknown
	Isolation level: undefined/unknown
	Minimum pool size: undefined/unknown
	Maximum pool size: undefined/unknown
19 Feb 2025 - 14:09:21.290 - o.h.e.t.j.p.i.JtaPlatformInitiator -  INFO  - HHH000489: No JTA platform available (set 'hibernate.transaction.jta.platform' to enable JTA platform integration)
19 Feb 2025 - 14:09:21.999 - o.s.o.j.LocalContainerEntityManagerFactoryBean -  INFO  - Initialized JPA EntityManagerFactory for persistence unit 'default'
19 Feb 2025 - 14:09:22.264 - o.s.d.j.r.query.QueryEnhancerFactory -  INFO  - Hibernate is in classpath; If applicable, HQL parser will be used.
19 Feb 2025 - 14:09:23.699 - o.s.b.a.o.j.JpaBaseConfiguration$JpaWebConfiguration -  WARN  - spring.jpa.open-in-view is enabled by default. Therefore, database queries may be performed during view rendering. Explicitly configure spring.jpa.open-in-view to disable this warning
19 Feb 2025 - 14:09:23.730 - o.s.s.c.a.a.c.InitializeAuthenticationProviderBeanManagerConfigurer$InitializeAuthenticationProviderManagerConfigurer -  INFO  - Global AuthenticationManager configured with AuthenticationProvider bean with name authenticationProvider
19 Feb 2025 - 14:09:23.731 - o.s.s.c.a.a.c.InitializeUserDetailsBeanManagerConfigurer$InitializeUserDetailsManagerConfigurer -  WARN  - Global AuthenticationManager configured with an AuthenticationProvider bean. UserDetailsService beans will not be used by Spring Security for automatically configuring username/password login. Consider removing the AuthenticationProvider bean. Alternatively, consider using the UserDetailsService in a manually instantiated DaoAuthenticationProvider. If the current configuration is intentional, to turn off this warning, increase the logging level of 'org.springframework.security.config.annotation.authentication.configuration.InitializeUserDetailsBeanManagerConfigurer' to ERROR
19 Feb 2025 - 14:09:24.341 - o.s.b.w.e.tomcat.TomcatWebServer -  INFO  - Tomcat started on port 8080 (http) with context path '/'
19 Feb 2025 - 14:09:24.348 - c.example.KunUzPractiseApplication -  INFO  - Started KunUzPractiseApplication in 6.96 seconds (process running for 7.585)
19 Feb 2025 - 14:54:36.228 - com.zaxxer.hikari.pool.HikariPool -  WARN  - HikariPool-1 - Thread starvation or clock leap detected (housekeeper delta=40m46s531ms151µs100ns).
19 Feb 2025 - 16:59:32.050 - com.zaxxer.hikari.pool.HikariPool -  WARN  - HikariPool-1 - Thread starvation or clock leap detected (housekeeper delta=40m54s587ms599µs300ns).
19 Feb 2025 - 17:43:51.783 - o.s.b.w.e.tomcat.GracefulShutdown -  INFO  - Commencing graceful shutdown. Waiting for active requests to complete
19 Feb 2025 - 17:43:51.802 - o.s.b.w.e.tomcat.GracefulShutdown -  INFO  - Graceful shutdown complete
19 Feb 2025 - 17:43:51.838 - o.s.o.j.LocalContainerEntityManagerFactoryBean -  INFO  - Closing JPA EntityManagerFactory for persistence unit 'default'
19 Feb 2025 - 17:43:51.876 - com.zaxxer.hikari.HikariDataSource -  INFO  - HikariPool-1 - Shutdown initiated...
19 Feb 2025 - 17:43:51.887 - com.zaxxer.hikari.HikariDataSource -  INFO  - HikariPool-1 - Shutdown completed.
19 Feb 2025 - 17:43:56.337 - c.example.KunUzPractiseApplication -  INFO  - Starting KunUzPractiseApplication using Java 23.0.1 with PID 18692 (C:\Users\Sanjar\IdeaProjects\kun_uz_practise\target\classes started by Sanjar in C:\Users\Sanjar\IdeaProjects\kun_uz_practise)
19 Feb 2025 - 17:43:56.348 - c.example.KunUzPractiseApplication -  INFO  - The following 1 profile is active: "local"
19 Feb 2025 - 17:43:57.143 - o.s.d.r.c.RepositoryConfigurationDelegate -  INFO  - Bootstrapping Spring Data JPA repositories in DEFAULT mode.
19 Feb 2025 - 17:43:57.230 - o.s.d.r.c.RepositoryConfigurationDelegate -  INFO  - Finished Spring Data repository scanning in 78 ms. Found 14 JPA repository interfaces.
19 Feb 2025 - 17:43:57.793 - o.s.b.w.e.tomcat.TomcatWebServer -  INFO  - Tomcat initialized with port 8080 (http)
19 Feb 2025 - 17:43:57.808 - o.a.catalina.core.StandardService -  INFO  - Starting service [Tomcat]
19 Feb 2025 - 17:43:57.808 - o.a.catalina.core.StandardEngine -  INFO  - Starting Servlet engine: [Apache Tomcat/10.1.34]
19 Feb 2025 - 17:43:57.862 - o.a.c.c.C.[Tomcat].[localhost].[/] -  INFO  - Initializing Spring embedded WebApplicationContext
19 Feb 2025 - 17:43:57.862 - o.s.b.w.s.c.ServletWebServerApplicationContext -  INFO  - Root WebApplicationContext: initialization completed in 1457 ms
19 Feb 2025 - 17:43:57.918 - com.zaxxer.hikari.HikariDataSource -  INFO  - HikariPool-1 - Starting...
19 Feb 2025 - 17:43:58.101 - com.zaxxer.hikari.pool.HikariPool -  INFO  - HikariPool-1 - Added connection org.postgresql.jdbc.PgConnection@4a62062a
19 Feb 2025 - 17:43:58.103 - com.zaxxer.hikari.HikariDataSource -  INFO  - HikariPool-1 - Start completed.
19 Feb 2025 - 17:43:58.189 - o.h.jpa.internal.util.LogHelper -  INFO  - HHH000204: Processing PersistenceUnitInfo [name: default]
19 Feb 2025 - 17:43:58.252 - org.hibernate.Version -  INFO  - HHH000412: Hibernate ORM core version 6.6.5.Final
19 Feb 2025 - 17:43:58.288 - o.h.c.i.RegionFactoryInitiator -  INFO  - HHH000026: Second-level cache disabled
19 Feb 2025 - 17:43:58.590 - o.s.o.j.p.SpringPersistenceUnitInfo -  INFO  - No LoadTimeWeaver setup: ignoring JPA class transformer
19 Feb 2025 - 17:43:58.681 - o.hibernate.orm.connections.pooling -  INFO  - HHH10001005: Database info:
	Database JDBC URL [Connecting through datasource 'HikariDataSource (HikariPool-1)']
	Database driver: undefined/unknown
	Database version: 17.2
	Autocommit mode: undefined/unknown
	Isolation level: undefined/unknown
	Minimum pool size: undefined/unknown
	Maximum pool size: undefined/unknown
19 Feb 2025 - 17:43:59.848 - o.h.e.t.j.p.i.JtaPlatformInitiator -  INFO  - HHH000489: No JTA platform available (set 'hibernate.transaction.jta.platform' to enable JTA platform integration)
19 Feb 2025 - 17:44:00.515 - o.s.o.j.LocalContainerEntityManagerFactoryBean -  INFO  - Initialized JPA EntityManagerFactory for persistence unit 'default'
19 Feb 2025 - 17:44:00.810 - o.s.d.j.r.query.QueryEnhancerFactory -  INFO  - Hibernate is in classpath; If applicable, HQL parser will be used.
19 Feb 2025 - 17:44:02.275 - o.s.b.a.o.j.JpaBaseConfiguration$JpaWebConfiguration -  WARN  - spring.jpa.open-in-view is enabled by default. Therefore, database queries may be performed during view rendering. Explicitly configure spring.jpa.open-in-view to disable this warning
19 Feb 2025 - 17:44:02.306 - o.s.s.c.a.a.c.InitializeAuthenticationProviderBeanManagerConfigurer$InitializeAuthenticationProviderManagerConfigurer -  INFO  - Global AuthenticationManager configured with AuthenticationProvider bean with name authenticationProvider
19 Feb 2025 - 17:44:02.306 - o.s.s.c.a.a.c.InitializeUserDetailsBeanManagerConfigurer$InitializeUserDetailsManagerConfigurer -  WARN  - Global AuthenticationManager configured with an AuthenticationProvider bean. UserDetailsService beans will not be used by Spring Security for automatically configuring username/password login. Consider removing the AuthenticationProvider bean. Alternatively, consider using the UserDetailsService in a manually instantiated DaoAuthenticationProvider. If the current configuration is intentional, to turn off this warning, increase the logging level of 'org.springframework.security.config.annotation.authentication.configuration.InitializeUserDetailsBeanManagerConfigurer' to ERROR
19 Feb 2025 - 17:44:02.950 - o.s.b.w.e.tomcat.TomcatWebServer -  INFO  - Tomcat started on port 8080 (http) with context path '/'
19 Feb 2025 - 17:44:02.956 - c.example.KunUzPractiseApplication -  INFO  - Started KunUzPractiseApplication in 7.083 seconds (process running for 7.8)
19 Feb 2025 - 17:44:03.008 - o.f.c.i.license.VersionPrinter -  INFO  - Flyway Community Edition 9.22.3 by Redgate
19 Feb 2025 - 17:44:03.008 - o.f.c.i.license.VersionPrinter -  INFO  - See release notes here: https://rd.gt/416ObMi
19 Feb 2025 - 17:44:03.008 - o.f.c.i.license.VersionPrinter -  INFO  - 
19 Feb 2025 - 17:44:03.020 - org.flywaydb.core.FlywayExecutor -  INFO  - Database: jdbc:postgresql://localhost:5432/kun_uz_practise (PostgreSQL 17.2)
19 Feb 2025 - 17:44:03.025 - o.f.c.i.database.base.Database -  WARN  - Flyway upgrade recommended: PostgreSQL 17.2 is newer than this version of Flyway and support has not been tested. The latest supported version of PostgreSQL is 15.
19 Feb 2025 - 17:44:03.063 - o.f.core.internal.command.DbValidate -  INFO  - Successfully validated 4 migrations (execution time 00:00.030s)
19 Feb 2025 - 17:44:03.071 - o.f.core.internal.command.DbMigrate -  INFO  - Current version of schema "public": 1.2
19 Feb 2025 - 17:44:03.074 - o.f.core.internal.command.DbMigrate -  INFO  - Schema "public" is up to date. No migration necessary.
19 Feb 2025 - 17:49:15.582 - o.a.coyote.http11.Http11Processor -  INFO  - Error parsing HTTP request header
 Note: further occurrences of HTTP request parsing errors will be logged at DEBUG level.
java.lang.IllegalArgumentException: Invalid character found in method name [0x160x030x010x060xe00x010x000x060xdc0x030x030xcc>0x1b"0xd50x870xd9@0xba0xe0E0x86,0xea0x18T0x84p<Y0x860x900x100xd6\20xe10x990xad0xfe0xf00x8c ]. HTTP method names must be tokens
	at org.apache.coyote.http11.Http11InputBuffer.parseRequestLine(Http11InputBuffer.java:406)
	at org.apache.coyote.http11.Http11Processor.service(Http11Processor.java:270)
	at org.apache.coyote.AbstractProcessorLight.process(AbstractProcessorLight.java:63)
	at org.apache.coyote.AbstractProtocol$ConnectionHandler.process(AbstractProtocol.java:905)
	at org.apache.tomcat.util.net.NioEndpoint$SocketProcessor.doRun(NioEndpoint.java:1741)
	at org.apache.tomcat.util.net.SocketProcessorBase.run(SocketProcessorBase.java:52)
	at org.apache.tomcat.util.threads.ThreadPoolExecutor.runWorker(ThreadPoolExecutor.java:1190)
	at org.apache.tomcat.util.threads.ThreadPoolExecutor$Worker.run(ThreadPoolExecutor.java:659)
	at org.apache.tomcat.util.threads.TaskThread$WrappingRunnable.run(TaskThread.java:63)
	at java.base/java.lang.Thread.run(Thread.java:1575)
19 Feb 2025 - 18:23:34.157 - o.s.b.w.e.tomcat.GracefulShutdown -  INFO  - Commencing graceful shutdown. Waiting for active requests to complete
19 Feb 2025 - 18:23:34.162 - o.s.b.w.e.tomcat.GracefulShutdown -  INFO  - Graceful shutdown complete
19 Feb 2025 - 18:23:34.170 - o.s.o.j.LocalContainerEntityManagerFactoryBean -  INFO  - Closing JPA EntityManagerFactory for persistence unit 'default'
19 Feb 2025 - 18:23:34.173 - com.zaxxer.hikari.HikariDataSource -  INFO  - HikariPool-1 - Shutdown initiated...
19 Feb 2025 - 18:23:34.176 - com.zaxxer.hikari.HikariDataSource -  INFO  - HikariPool-1 - Shutdown completed.
19 Feb 2025 - 18:23:42.932 - c.example.KunUzPractiseApplication -  INFO  - Starting KunUzPractiseApplication using Java 23.0.1 with PID 6252 (C:\Users\Sanjar\IdeaProjects\kun_uz_practise\target\classes started by Sanjar in C:\Users\Sanjar\IdeaProjects\kun_uz_practise)
19 Feb 2025 - 18:23:42.945 - c.example.KunUzPractiseApplication -  INFO  - The following 1 profile is active: "local"
19 Feb 2025 - 18:23:43.773 - o.s.d.r.c.RepositoryConfigurationDelegate -  INFO  - Bootstrapping Spring Data JPA repositories in DEFAULT mode.
19 Feb 2025 - 18:23:43.856 - o.s.d.r.c.RepositoryConfigurationDelegate -  INFO  - Finished Spring Data repository scanning in 75 ms. Found 14 JPA repository interfaces.
19 Feb 2025 - 18:23:44.414 - o.s.b.w.e.tomcat.TomcatWebServer -  INFO  - Tomcat initialized with port 8080 (http)
19 Feb 2025 - 18:23:44.428 - o.a.catalina.core.StandardService -  INFO  - Starting service [Tomcat]
19 Feb 2025 - 18:23:44.428 - o.a.catalina.core.StandardEngine -  INFO  - Starting Servlet engine: [Apache Tomcat/10.1.34]
19 Feb 2025 - 18:23:44.482 - o.a.c.c.C.[Tomcat].[localhost].[/] -  INFO  - Initializing Spring embedded WebApplicationContext
19 Feb 2025 - 18:23:44.482 - o.s.b.w.s.c.ServletWebServerApplicationContext -  INFO  - Root WebApplicationContext: initialization completed in 1480 ms
19 Feb 2025 - 18:23:44.543 - com.zaxxer.hikari.HikariDataSource -  INFO  - HikariPool-1 - Starting...
19 Feb 2025 - 18:23:44.709 - com.zaxxer.hikari.pool.HikariPool -  INFO  - HikariPool-1 - Added connection org.postgresql.jdbc.PgConnection@191ec193
19 Feb 2025 - 18:23:44.710 - com.zaxxer.hikari.HikariDataSource -  INFO  - HikariPool-1 - Start completed.
19 Feb 2025 - 18:23:44.800 - o.h.jpa.internal.util.LogHelper -  INFO  - HHH000204: Processing PersistenceUnitInfo [name: default]
19 Feb 2025 - 18:23:44.866 - org.hibernate.Version -  INFO  - HHH000412: Hibernate ORM core version 6.6.5.Final
19 Feb 2025 - 18:23:44.903 - o.h.c.i.RegionFactoryInitiator -  INFO  - HHH000026: Second-level cache disabled
19 Feb 2025 - 18:23:45.181 - o.s.o.j.p.SpringPersistenceUnitInfo -  INFO  - No LoadTimeWeaver setup: ignoring JPA class transformer
19 Feb 2025 - 18:23:45.269 - o.hibernate.orm.connections.pooling -  INFO  - HHH10001005: Database info:
	Database JDBC URL [Connecting through datasource 'HikariDataSource (HikariPool-1)']
	Database driver: undefined/unknown
	Database version: 17.2
	Autocommit mode: undefined/unknown
	Isolation level: undefined/unknown
	Minimum pool size: undefined/unknown
	Maximum pool size: undefined/unknown
19 Feb 2025 - 18:23:46.590 - o.h.e.t.j.p.i.JtaPlatformInitiator -  INFO  - HHH000489: No JTA platform available (set 'hibernate.transaction.jta.platform' to enable JTA platform integration)
19 Feb 2025 - 18:23:47.300 - o.s.o.j.LocalContainerEntityManagerFactoryBean -  INFO  - Initialized JPA EntityManagerFactory for persistence unit 'default'
19 Feb 2025 - 18:23:47.501 - o.s.d.j.r.query.QueryEnhancerFactory -  INFO  - Hibernate is in classpath; If applicable, HQL parser will be used.
19 Feb 2025 - 18:23:49.035 - o.s.b.a.o.j.JpaBaseConfiguration$JpaWebConfiguration -  WARN  - spring.jpa.open-in-view is enabled by default. Therefore, database queries may be performed during view rendering. Explicitly configure spring.jpa.open-in-view to disable this warning
19 Feb 2025 - 18:23:49.067 - o.s.s.c.a.a.c.InitializeAuthenticationProviderBeanManagerConfigurer$InitializeAuthenticationProviderManagerConfigurer -  INFO  - Global AuthenticationManager configured with AuthenticationProvider bean with name authenticationProvider
19 Feb 2025 - 18:23:49.068 - o.s.s.c.a.a.c.InitializeUserDetailsBeanManagerConfigurer$InitializeUserDetailsManagerConfigurer -  WARN  - Global AuthenticationManager configured with an AuthenticationProvider bean. UserDetailsService beans will not be used by Spring Security for automatically configuring username/password login. Consider removing the AuthenticationProvider bean. Alternatively, consider using the UserDetailsService in a manually instantiated DaoAuthenticationProvider. If the current configuration is intentional, to turn off this warning, increase the logging level of 'org.springframework.security.config.annotation.authentication.configuration.InitializeUserDetailsBeanManagerConfigurer' to ERROR
19 Feb 2025 - 18:23:49.894 - o.s.b.w.e.tomcat.TomcatWebServer -  INFO  - Tomcat started on port 8080 (http) with context path '/'
19 Feb 2025 - 18:23:49.901 - c.example.KunUzPractiseApplication -  INFO  - Started KunUzPractiseApplication in 7.395 seconds (process running for 8.074)
19 Feb 2025 - 18:23:49.953 - o.f.c.i.license.VersionPrinter -  INFO  - Flyway Community Edition 9.22.3 by Redgate
19 Feb 2025 - 18:23:49.954 - o.f.c.i.license.VersionPrinter -  INFO  - See release notes here: https://rd.gt/416ObMi
19 Feb 2025 - 18:23:49.954 - o.f.c.i.license.VersionPrinter -  INFO  - 
19 Feb 2025 - 18:23:49.967 - org.flywaydb.core.FlywayExecutor -  INFO  - Database: jdbc:postgresql://localhost:5432/kun_uz_practise (PostgreSQL 17.2)
19 Feb 2025 - 18:23:49.972 - o.f.c.i.database.base.Database -  WARN  - Flyway upgrade recommended: PostgreSQL 17.2 is newer than this version of Flyway and support has not been tested. The latest supported version of PostgreSQL is 15.
19 Feb 2025 - 18:23:49.999 - o.f.core.internal.command.DbValidate -  INFO  - Successfully validated 4 migrations (execution time 00:00.019s)
19 Feb 2025 - 18:23:50.009 - o.f.core.internal.command.DbMigrate -  INFO  - Current version of schema "public": 1.2
19 Feb 2025 - 18:23:50.011 - o.f.core.internal.command.DbMigrate -  INFO  - Schema "public" is up to date. No migration necessary.
19 Feb 2025 - 18:28:09.571 - o.a.c.c.C.[Tomcat].[localhost].[/] -  INFO  - Initializing Spring DispatcherServlet 'dispatcherServlet'
19 Feb 2025 - 18:28:09.571 - o.s.web.servlet.DispatcherServlet -  INFO  - Initializing Servlet 'dispatcherServlet'
19 Feb 2025 - 18:28:09.573 - o.s.web.servlet.DispatcherServlet -  INFO  - Completed initialization in 1 ms
19 Feb 2025 - 18:31:27.098 - o.s.b.w.e.tomcat.GracefulShutdown -  INFO  - Commencing graceful shutdown. Waiting for active requests to complete
19 Feb 2025 - 18:31:27.103 - o.s.b.w.e.tomcat.GracefulShutdown -  INFO  - Graceful shutdown complete
19 Feb 2025 - 18:31:27.111 - o.s.o.j.LocalContainerEntityManagerFactoryBean -  INFO  - Closing JPA EntityManagerFactory for persistence unit 'default'
19 Feb 2025 - 18:31:27.114 - com.zaxxer.hikari.HikariDataSource -  INFO  - HikariPool-1 - Shutdown initiated...
19 Feb 2025 - 18:31:27.119 - com.zaxxer.hikari.HikariDataSource -  INFO  - HikariPool-1 - Shutdown completed.
19 Feb 2025 - 18:31:36.460 - c.example.KunUzPractiseApplication -  INFO  - Starting KunUzPractiseApplication using Java 23.0.1 with PID 18612 (C:\Users\Sanjar\IdeaProjects\kun_uz_practise\target\classes started by Sanjar in C:\Users\Sanjar\IdeaProjects\kun_uz_practise)
19 Feb 2025 - 18:31:36.470 - c.example.KunUzPractiseApplication -  INFO  - The following 1 profile is active: "local"
19 Feb 2025 - 18:31:37.264 - o.s.d.r.c.RepositoryConfigurationDelegate -  INFO  - Bootstrapping Spring Data JPA repositories in DEFAULT mode.
19 Feb 2025 - 18:31:37.346 - o.s.d.r.c.RepositoryConfigurationDelegate -  INFO  - Finished Spring Data repository scanning in 73 ms. Found 14 JPA repository interfaces.
19 Feb 2025 - 18:31:37.880 - o.s.b.w.e.tomcat.TomcatWebServer -  INFO  - Tomcat initialized with port 8080 (http)
19 Feb 2025 - 18:31:37.894 - o.a.catalina.core.StandardService -  INFO  - Starting service [Tomcat]
19 Feb 2025 - 18:31:37.894 - o.a.catalina.core.StandardEngine -  INFO  - Starting Servlet engine: [Apache Tomcat/10.1.34]
19 Feb 2025 - 18:31:37.948 - o.a.c.c.C.[Tomcat].[localhost].[/] -  INFO  - Initializing Spring embedded WebApplicationContext
19 Feb 2025 - 18:31:37.948 - o.s.b.w.s.c.ServletWebServerApplicationContext -  INFO  - Root WebApplicationContext: initialization completed in 1427 ms
19 Feb 2025 - 18:31:38.017 - com.zaxxer.hikari.HikariDataSource -  INFO  - HikariPool-1 - Starting...
19 Feb 2025 - 18:31:38.169 - com.zaxxer.hikari.pool.HikariPool -  INFO  - HikariPool-1 - Added connection org.postgresql.jdbc.PgConnection@3711c71c
19 Feb 2025 - 18:31:38.171 - com.zaxxer.hikari.HikariDataSource -  INFO  - HikariPool-1 - Start completed.
19 Feb 2025 - 18:31:38.257 - o.h.jpa.internal.util.LogHelper -  INFO  - HHH000204: Processing PersistenceUnitInfo [name: default]
19 Feb 2025 - 18:31:38.309 - org.hibernate.Version -  INFO  - HHH000412: Hibernate ORM core version 6.6.5.Final
19 Feb 2025 - 18:31:38.337 - o.h.c.i.RegionFactoryInitiator -  INFO  - HHH000026: Second-level cache disabled
19 Feb 2025 - 18:31:38.608 - o.s.o.j.p.SpringPersistenceUnitInfo -  INFO  - No LoadTimeWeaver setup: ignoring JPA class transformer
19 Feb 2025 - 18:31:38.687 - o.hibernate.orm.connections.pooling -  INFO  - HHH10001005: Database info:
	Database JDBC URL [Connecting through datasource 'HikariDataSource (HikariPool-1)']
	Database driver: undefined/unknown
	Database version: 17.2
	Autocommit mode: undefined/unknown
	Isolation level: undefined/unknown
	Minimum pool size: undefined/unknown
	Maximum pool size: undefined/unknown
19 Feb 2025 - 18:31:39.862 - o.h.e.t.j.p.i.JtaPlatformInitiator -  INFO  - HHH000489: No JTA platform available (set 'hibernate.transaction.jta.platform' to enable JTA platform integration)
19 Feb 2025 - 18:31:40.599 - o.s.o.j.LocalContainerEntityManagerFactoryBean -  INFO  - Initialized JPA EntityManagerFactory for persistence unit 'default'
19 Feb 2025 - 18:31:40.864 - o.s.d.j.r.query.QueryEnhancerFactory -  INFO  - Hibernate is in classpath; If applicable, HQL parser will be used.
19 Feb 2025 - 18:31:42.344 - o.s.b.a.o.j.JpaBaseConfiguration$JpaWebConfiguration -  WARN  - spring.jpa.open-in-view is enabled by default. Therefore, database queries may be performed during view rendering. Explicitly configure spring.jpa.open-in-view to disable this warning
19 Feb 2025 - 18:31:42.376 - o.s.s.c.a.a.c.InitializeAuthenticationProviderBeanManagerConfigurer$InitializeAuthenticationProviderManagerConfigurer -  INFO  - Global AuthenticationManager configured with AuthenticationProvider bean with name authenticationProvider
19 Feb 2025 - 18:31:42.377 - o.s.s.c.a.a.c.InitializeUserDetailsBeanManagerConfigurer$InitializeUserDetailsManagerConfigurer -  WARN  - Global AuthenticationManager configured with an AuthenticationProvider bean. UserDetailsService beans will not be used by Spring Security for automatically configuring username/password login. Consider removing the AuthenticationProvider bean. Alternatively, consider using the UserDetailsService in a manually instantiated DaoAuthenticationProvider. If the current configuration is intentional, to turn off this warning, increase the logging level of 'org.springframework.security.config.annotation.authentication.configuration.InitializeUserDetailsBeanManagerConfigurer' to ERROR
19 Feb 2025 - 18:31:43.136 - o.s.b.w.e.tomcat.TomcatWebServer -  INFO  - Tomcat started on port 8080 (http) with context path '/'
19 Feb 2025 - 18:31:43.143 - c.example.KunUzPractiseApplication -  INFO  - Started KunUzPractiseApplication in 7.103 seconds (process running for 7.716)
19 Feb 2025 - 18:31:43.192 - o.f.c.i.license.VersionPrinter -  INFO  - Flyway Community Edition 9.22.3 by Redgate
19 Feb 2025 - 18:31:43.192 - o.f.c.i.license.VersionPrinter -  INFO  - See release notes here: https://rd.gt/416ObMi
19 Feb 2025 - 18:31:43.192 - o.f.c.i.license.VersionPrinter -  INFO  - 
19 Feb 2025 - 18:31:43.203 - org.flywaydb.core.FlywayExecutor -  INFO  - Database: jdbc:postgresql://localhost:5432/kun_uz_practise (PostgreSQL 17.2)
19 Feb 2025 - 18:31:43.208 - o.f.c.i.database.base.Database -  WARN  - Flyway upgrade recommended: PostgreSQL 17.2 is newer than this version of Flyway and support has not been tested. The latest supported version of PostgreSQL is 15.
19 Feb 2025 - 18:31:43.232 - o.f.core.internal.command.DbValidate -  INFO  - Successfully validated 4 migrations (execution time 00:00.017s)
19 Feb 2025 - 18:31:43.242 - o.f.core.internal.command.DbMigrate -  INFO  - Current version of schema "public": 1.2
19 Feb 2025 - 18:31:43.244 - o.f.core.internal.command.DbMigrate -  INFO  - Schema "public" is up to date. No migration necessary.
19 Feb 2025 - 18:32:46.416 - o.a.c.c.C.[Tomcat].[localhost].[/] -  INFO  - Initializing Spring DispatcherServlet 'dispatcherServlet'
19 Feb 2025 - 18:32:46.416 - o.s.web.servlet.DispatcherServlet -  INFO  - Initializing Servlet 'dispatcherServlet'
19 Feb 2025 - 18:32:46.418 - o.s.web.servlet.DispatcherServlet -  INFO  - Completed initialization in 1 ms
19 Feb 2025 - 18:33:39.360 - o.a.c.c.C.[.[.[.[dispatcherServlet] -  ERROR - Servlet.service() for servlet [dispatcherServlet] in context with path [] threw exception [Handler dispatch failed: java.lang.NoSuchMethodError: 'void org.springframework.web.method.ControllerAdviceBean.<init>(java.lang.Object)'] with root cause
java.lang.NoSuchMethodError: 'void org.springframework.web.method.ControllerAdviceBean.<init>(java.lang.Object)'
	at org.springdoc.core.service.GenericResponseService.lambda$getGenericMapResponse$8(GenericResponseService.java:706)
	at java.base/java.util.stream.ReferencePipeline$2$1.accept(ReferencePipeline.java:196)
	at java.base/java.util.Spliterators$ArraySpliterator.forEachRemaining(Spliterators.java:1024)
	at java.base/java.util.stream.AbstractPipeline.copyInto(AbstractPipeline.java:570)
	at java.base/java.util.stream.AbstractPipeline.wrapAndCopyInto(AbstractPipeline.java:560)
	at java.base/java.util.stream.AbstractPipeline.evaluate(AbstractPipeline.java:636)
	at java.base/java.util.stream.AbstractPipeline.evaluateToArrayNode(AbstractPipeline.java:291)
	at java.base/java.util.stream.ReferencePipeline.toArray(ReferencePipeline.java:656)
	at java.base/java.util.stream.ReferencePipeline.toArray(ReferencePipeline.java:662)
	at java.base/java.util.stream.ReferencePipeline.toList(ReferencePipeline.java:667)
	at org.springdoc.core.service.GenericResponseService.getGenericMapResponse(GenericResponseService.java:708)
	at org.springdoc.core.service.GenericResponseService.build(GenericResponseService.java:247)
	at org.springdoc.api.AbstractOpenApiResource.calculatePath(AbstractOpenApiResource.java:499)
	at org.springdoc.api.AbstractOpenApiResource.calculatePath(AbstractOpenApiResource.java:676)
	at org.springdoc.webmvc.api.OpenApiResource.lambda$calculatePath$11(OpenApiResource.java:220)
	at java.base/java.util.Optional.ifPresent(Optional.java:178)
	at org.springdoc.webmvc.api.OpenApiResource.calculatePath(OpenApiResource.java:201)
	at org.springdoc.webmvc.api.OpenApiResource.lambda$getPaths$2(OpenApiResource.java:171)
	at java.base/java.util.Optional.ifPresent(Optional.java:178)
	at org.springdoc.webmvc.api.OpenApiResource.getPaths(OpenApiResource.java:150)
	at org.springdoc.api.AbstractOpenApiResource.getOpenApi(AbstractOpenApiResource.java:353)
	at org.springdoc.webmvc.api.OpenApiResource.openapiJson(OpenApiResource.java:125)
	at org.springdoc.webmvc.api.OpenApiWebMvcResource.openapiJson(OpenApiWebMvcResource.java:114)
	at java.base/jdk.internal.reflect.DirectMethodHandleAccessor.invoke(DirectMethodHandleAccessor.java:103)
	at java.base/java.lang.reflect.Method.invoke(Method.java:580)
	at org.springframework.web.method.support.InvocableHandlerMethod.doInvoke(InvocableHandlerMethod.java:257)
	at org.springframework.web.method.support.InvocableHandlerMethod.invokeForRequest(InvocableHandlerMethod.java:190)
	at org.springframework.web.servlet.mvc.method.annotation.ServletInvocableHandlerMethod.invokeAndHandle(ServletInvocableHandlerMethod.java:118)
	at org.springframework.web.servlet.mvc.method.annotation.RequestMappingHandlerAdapter.invokeHandlerMethod(RequestMappingHandlerAdapter.java:986)
	at org.springframework.web.servlet.mvc.method.annotation.RequestMappingHandlerAdapter.handleInternal(RequestMappingHandlerAdapter.java:891)
	at org.springframework.web.servlet.mvc.method.AbstractHandlerMethodAdapter.handle(AbstractHandlerMethodAdapter.java:87)
	at org.springframework.web.servlet.DispatcherServlet.doDispatch(DispatcherServlet.java:1088)
	at org.springframework.web.servlet.DispatcherServlet.doService(DispatcherServlet.java:978)
	at org.springframework.web.servlet.FrameworkServlet.processRequest(FrameworkServlet.java:1014)
	at org.springframework.web.servlet.FrameworkServlet.doGet(FrameworkServlet.java:903)
	at jakarta.servlet.http.HttpServlet.service(HttpServlet.java:564)
	at org.springframework.web.servlet.FrameworkServlet.service(FrameworkServlet.java:885)
	at jakarta.servlet.http.HttpServlet.service(HttpServlet.java:658)
	at org.apache.catalina.core.ApplicationFilterChain.internalDoFilter(ApplicationFilterChain.java:195)
	at org.apache.catalina.core.ApplicationFilterChain.doFilter(ApplicationFilterChain.java:140)
	at org.apache.tomcat.websocket.server.WsFilter.doFilter(WsFilter.java:51)
	at org.apache.catalina.core.ApplicationFilterChain.internalDoFilter(ApplicationFilterChain.java:164)
	at org.apache.catalina.core.ApplicationFilterChain.doFilter(ApplicationFilterChain.java:140)
	at org.springframework.web.filter.OncePerRequestFilter.doFilter(OncePerRequestFilter.java:101)
	at org.apache.catalina.core.ApplicationFilterChain.internalDoFilter(ApplicationFilterChain.java:164)
	at org.apache.catalina.core.ApplicationFilterChain.doFilter(ApplicationFilterChain.java:140)
	at org.springframework.web.filter.CompositeFilter$VirtualFilterChain.doFilter(CompositeFilter.java:108)
	at org.springframework.security.web.FilterChainProxy.lambda$doFilterInternal$3(FilterChainProxy.java:231)
	at org.springframework.security.web.FilterChainProxy$VirtualFilterChain.doFilter(FilterChainProxy.java:365)
	at org.springframework.security.web.access.intercept.AuthorizationFilter.doFilter(AuthorizationFilter.java:101)
	at org.springframework.security.web.FilterChainProxy$VirtualFilterChain.doFilter(FilterChainProxy.java:374)
	at org.springframework.security.web.access.ExceptionTranslationFilter.doFilter(ExceptionTranslationFilter.java:126)
	at org.springframework.security.web.access.ExceptionTranslationFilter.doFilter(ExceptionTranslationFilter.java:120)
	at org.springframework.security.web.FilterChainProxy$VirtualFilterChain.doFilter(FilterChainProxy.java:374)
	at org.springframework.security.web.authentication.AnonymousAuthenticationFilter.doFilter(AnonymousAuthenticationFilter.java:100)
	at org.springframework.security.web.FilterChainProxy$VirtualFilterChain.doFilter(FilterChainProxy.java:374)
	at org.springframework.security.web.servletapi.SecurityContextHolderAwareRequestFilter.doFilter(SecurityContextHolderAwareRequestFilter.java:179)
	at org.springframework.security.web.FilterChainProxy$VirtualFilterChain.doFilter(FilterChainProxy.java:374)
	at org.springframework.security.web.savedrequest.RequestCacheAwareFilter.doFilter(RequestCacheAwareFilter.java:63)
	at org.springframework.security.web.FilterChainProxy$VirtualFilterChain.doFilter(FilterChainProxy.java:374)
	at org.springframework.web.filter.OncePerRequestFilter.doFilter(OncePerRequestFilter.java:101)
	at org.springframework.security.web.FilterChainProxy$VirtualFilterChain.doFilter(FilterChainProxy.java:374)
	at org.springframework.security.web.authentication.logout.LogoutFilter.doFilter(LogoutFilter.java:107)
	at org.springframework.security.web.authentication.logout.LogoutFilter.doFilter(LogoutFilter.java:93)
	at org.springframework.security.web.FilterChainProxy$VirtualFilterChain.doFilter(FilterChainProxy.java:374)
	at org.springframework.security.web.header.HeaderWriterFilter.doHeadersAfter(HeaderWriterFilter.java:90)
	at org.springframework.security.web.header.HeaderWriterFilter.doFilterInternal(HeaderWriterFilter.java:75)
	at org.springframework.web.filter.OncePerRequestFilter.doFilter(OncePerRequestFilter.java:116)
	at org.springframework.security.web.FilterChainProxy$VirtualFilterChain.doFilter(FilterChainProxy.java:374)
	at org.springframework.security.web.context.SecurityContextHolderFilter.doFilter(SecurityContextHolderFilter.java:82)
	at org.springframework.security.web.context.SecurityContextHolderFilter.doFilter(SecurityContextHolderFilter.java:69)
	at org.springframework.security.web.FilterChainProxy$VirtualFilterChain.doFilter(FilterChainProxy.java:374)
	at org.springframework.security.web.context.request.async.WebAsyncManagerIntegrationFilter.doFilterInternal(WebAsyncManagerIntegrationFilter.java:62)
	at org.springframework.web.filter.OncePerRequestFilter.doFilter(OncePerRequestFilter.java:116)
	at org.springframework.security.web.FilterChainProxy$VirtualFilterChain.doFilter(FilterChainProxy.java:374)
	at org.springframework.security.web.session.DisableEncodeUrlFilter.doFilterInternal(DisableEncodeUrlFilter.java:42)
	at org.springframework.web.filter.OncePerRequestFilter.doFilter(OncePerRequestFilter.java:116)
	at org.springframework.security.web.FilterChainProxy$VirtualFilterChain.doFilter(FilterChainProxy.java:374)
	at org.springframework.security.web.FilterChainProxy.doFilterInternal(FilterChainProxy.java:233)
	at org.springframework.security.web.FilterChainProxy.doFilter(FilterChainProxy.java:191)
	at org.springframework.web.filter.CompositeFilter$VirtualFilterChain.doFilter(CompositeFilter.java:113)
	at org.springframework.web.servlet.handler.HandlerMappingIntrospector.lambda$createCacheFilter$3(HandlerMappingIntrospector.java:243)
	at org.springframework.web.filter.CompositeFilter$VirtualFilterChain.doFilter(CompositeFilter.java:113)
	at org.springframework.web.filter.CompositeFilter.doFilter(CompositeFilter.java:74)
	at org.springframework.security.config.annotation.web.configuration.WebMvcSecurityConfiguration$CompositeFilterChainProxy.doFilter(WebMvcSecurityConfiguration.java:238)
	at org.springframework.web.filter.DelegatingFilterProxy.invokeDelegate(DelegatingFilterProxy.java:362)
	at org.springframework.web.filter.DelegatingFilterProxy.doFilter(DelegatingFilterProxy.java:278)
	at org.apache.catalina.core.ApplicationFilterChain.internalDoFilter(ApplicationFilterChain.java:164)
	at org.apache.catalina.core.ApplicationFilterChain.doFilter(ApplicationFilterChain.java:140)
	at org.springframework.web.filter.RequestContextFilter.doFilterInternal(RequestContextFilter.java:100)
	at org.springframework.web.filter.OncePerRequestFilter.doFilter(OncePerRequestFilter.java:116)
	at org.apache.catalina.core.ApplicationFilterChain.internalDoFilter(ApplicationFilterChain.java:164)
	at org.apache.catalina.core.ApplicationFilterChain.doFilter(ApplicationFilterChain.java:140)
	at org.springframework.web.filter.FormContentFilter.doFilterInternal(FormContentFilter.java:93)
	at org.springframework.web.filter.OncePerRequestFilter.doFilter(OncePerRequestFilter.java:116)
	at org.apache.catalina.core.ApplicationFilterChain.internalDoFilter(ApplicationFilterChain.java:164)
	at org.apache.catalina.core.ApplicationFilterChain.doFilter(ApplicationFilterChain.java:140)
	at org.springframework.web.filter.CharacterEncodingFilter.doFilterInternal(CharacterEncodingFilter.java:201)
	at org.springframework.web.filter.OncePerRequestFilter.doFilter(OncePerRequestFilter.java:116)
	at org.apache.catalina.core.ApplicationFilterChain.internalDoFilter(ApplicationFilterChain.java:164)
	at org.apache.catalina.core.ApplicationFilterChain.doFilter(ApplicationFilterChain.java:140)
	at org.apache.catalina.core.StandardWrapperValve.invoke(StandardWrapperValve.java:167)
	at org.apache.catalina.core.StandardContextValve.invoke(StandardContextValve.java:90)
	at org.apache.catalina.authenticator.AuthenticatorBase.invoke(AuthenticatorBase.java:483)
	at org.apache.catalina.core.StandardHostValve.invoke(StandardHostValve.java:115)
	at org.apache.catalina.valves.ErrorReportValve.invoke(ErrorReportValve.java:93)
	at org.apache.catalina.core.StandardEngineValve.invoke(StandardEngineValve.java:74)
	at org.apache.catalina.connector.CoyoteAdapter.service(CoyoteAdapter.java:344)
	at org.apache.coyote.http11.Http11Processor.service(Http11Processor.java:397)
	at org.apache.coyote.AbstractProcessorLight.process(AbstractProcessorLight.java:63)
	at org.apache.coyote.AbstractProtocol$ConnectionHandler.process(AbstractProtocol.java:905)
	at org.apache.tomcat.util.net.NioEndpoint$SocketProcessor.doRun(NioEndpoint.java:1741)
	at org.apache.tomcat.util.net.SocketProcessorBase.run(SocketProcessorBase.java:52)
	at org.apache.tomcat.util.threads.ThreadPoolExecutor.runWorker(ThreadPoolExecutor.java:1190)
	at org.apache.tomcat.util.threads.ThreadPoolExecutor$Worker.run(ThreadPoolExecutor.java:659)
	at org.apache.tomcat.util.threads.TaskThread$WrappingRunnable.run(TaskThread.java:63)
	at java.base/java.lang.Thread.run(Thread.java:1575)
19 Feb 2025 - 18:33:58.021 - o.s.b.w.e.tomcat.GracefulShutdown -  INFO  - Commencing graceful shutdown. Waiting for active requests to complete
19 Feb 2025 - 18:33:58.025 - o.s.b.w.e.tomcat.GracefulShutdown -  INFO  - Graceful shutdown complete
19 Feb 2025 - 18:33:58.032 - o.s.o.j.LocalContainerEntityManagerFactoryBean -  INFO  - Closing JPA EntityManagerFactory for persistence unit 'default'
19 Feb 2025 - 18:33:58.034 - com.zaxxer.hikari.HikariDataSource -  INFO  - HikariPool-1 - Shutdown initiated...
19 Feb 2025 - 18:33:58.038 - com.zaxxer.hikari.HikariDataSource -  INFO  - HikariPool-1 - Shutdown completed.
19 Feb 2025 - 18:34:00.465 - c.example.KunUzPractiseApplication -  INFO  - Starting KunUzPractiseApplication using Java 23.0.1 with PID 18116 (C:\Users\Sanjar\IdeaProjects\kun_uz_practise\target\classes started by Sanjar in C:\Users\Sanjar\IdeaProjects\kun_uz_practise)
19 Feb 2025 - 18:34:00.474 - c.example.KunUzPractiseApplication -  INFO  - The following 1 profile is active: "local"
19 Feb 2025 - 18:34:01.273 - o.s.d.r.c.RepositoryConfigurationDelegate -  INFO  - Bootstrapping Spring Data JPA repositories in DEFAULT mode.
19 Feb 2025 - 18:34:01.356 - o.s.d.r.c.RepositoryConfigurationDelegate -  INFO  - Finished Spring Data repository scanning in 75 ms. Found 14 JPA repository interfaces.
19 Feb 2025 - 18:34:01.863 - o.s.b.w.e.tomcat.TomcatWebServer -  INFO  - Tomcat initialized with port 8080 (http)
19 Feb 2025 - 18:34:01.876 - o.a.catalina.core.StandardService -  INFO  - Starting service [Tomcat]
19 Feb 2025 - 18:34:01.876 - o.a.catalina.core.StandardEngine -  INFO  - Starting Servlet engine: [Apache Tomcat/10.1.34]
19 Feb 2025 - 18:34:01.924 - o.a.c.c.C.[Tomcat].[localhost].[/] -  INFO  - Initializing Spring embedded WebApplicationContext
19 Feb 2025 - 18:34:01.924 - o.s.b.w.s.c.ServletWebServerApplicationContext -  INFO  - Root WebApplicationContext: initialization completed in 1400 ms
19 Feb 2025 - 18:34:01.979 - com.zaxxer.hikari.HikariDataSource -  INFO  - HikariPool-1 - Starting...
19 Feb 2025 - 18:34:02.222 - com.zaxxer.hikari.pool.HikariPool -  INFO  - HikariPool-1 - Added connection org.postgresql.jdbc.PgConnection@33e3bd2e
19 Feb 2025 - 18:34:02.224 - com.zaxxer.hikari.HikariDataSource -  INFO  - HikariPool-1 - Start completed.
19 Feb 2025 - 18:34:02.299 - o.h.jpa.internal.util.LogHelper -  INFO  - HHH000204: Processing PersistenceUnitInfo [name: default]
19 Feb 2025 - 18:34:02.345 - org.hibernate.Version -  INFO  - HHH000412: Hibernate ORM core version 6.6.5.Final
19 Feb 2025 - 18:34:02.376 - o.h.c.i.RegionFactoryInitiator -  INFO  - HHH000026: Second-level cache disabled
19 Feb 2025 - 18:34:02.613 - o.s.o.j.p.SpringPersistenceUnitInfo -  INFO  - No LoadTimeWeaver setup: ignoring JPA class transformer
19 Feb 2025 - 18:34:02.689 - o.hibernate.orm.connections.pooling -  INFO  - HHH10001005: Database info:
	Database JDBC URL [Connecting through datasource 'HikariDataSource (HikariPool-1)']
	Database driver: undefined/unknown
	Database version: 17.2
	Autocommit mode: undefined/unknown
	Isolation level: undefined/unknown
	Minimum pool size: undefined/unknown
	Maximum pool size: undefined/unknown
19 Feb 2025 - 18:34:03.814 - o.h.e.t.j.p.i.JtaPlatformInitiator -  INFO  - HHH000489: No JTA platform available (set 'hibernate.transaction.jta.platform' to enable JTA platform integration)
19 Feb 2025 - 18:34:04.488 - o.s.o.j.LocalContainerEntityManagerFactoryBean -  INFO  - Initialized JPA EntityManagerFactory for persistence unit 'default'
19 Feb 2025 - 18:34:04.719 - o.s.d.j.r.query.QueryEnhancerFactory -  INFO  - Hibernate is in classpath; If applicable, HQL parser will be used.
19 Feb 2025 - 18:34:06.093 - o.s.b.a.o.j.JpaBaseConfiguration$JpaWebConfiguration -  WARN  - spring.jpa.open-in-view is enabled by default. Therefore, database queries may be performed during view rendering. Explicitly configure spring.jpa.open-in-view to disable this warning
19 Feb 2025 - 18:34:06.126 - o.s.s.c.a.a.c.InitializeAuthenticationProviderBeanManagerConfigurer$InitializeAuthenticationProviderManagerConfigurer -  INFO  - Global AuthenticationManager configured with AuthenticationProvider bean with name authenticationProvider
19 Feb 2025 - 18:34:06.127 - o.s.s.c.a.a.c.InitializeUserDetailsBeanManagerConfigurer$InitializeUserDetailsManagerConfigurer -  WARN  - Global AuthenticationManager configured with an AuthenticationProvider bean. UserDetailsService beans will not be used by Spring Security for automatically configuring username/password login. Consider removing the AuthenticationProvider bean. Alternatively, consider using the UserDetailsService in a manually instantiated DaoAuthenticationProvider. If the current configuration is intentional, to turn off this warning, increase the logging level of 'org.springframework.security.config.annotation.authentication.configuration.InitializeUserDetailsBeanManagerConfigurer' to ERROR
19 Feb 2025 - 18:34:06.868 - o.s.b.w.e.tomcat.TomcatWebServer -  INFO  - Tomcat started on port 8080 (http) with context path '/'
19 Feb 2025 - 18:34:06.876 - c.example.KunUzPractiseApplication -  INFO  - Started KunUzPractiseApplication in 6.826 seconds (process running for 7.81)
19 Feb 2025 - 18:34:06.923 - o.f.c.i.license.VersionPrinter -  INFO  - Flyway Community Edition 9.22.3 by Redgate
19 Feb 2025 - 18:34:06.924 - o.f.c.i.license.VersionPrinter -  INFO  - See release notes here: https://rd.gt/416ObMi
19 Feb 2025 - 18:34:06.924 - o.f.c.i.license.VersionPrinter -  INFO  - 
19 Feb 2025 - 18:34:06.934 - org.flywaydb.core.FlywayExecutor -  INFO  - Database: jdbc:postgresql://localhost:5432/kun_uz_practise (PostgreSQL 17.2)
19 Feb 2025 - 18:34:06.939 - o.f.c.i.database.base.Database -  WARN  - Flyway upgrade recommended: PostgreSQL 17.2 is newer than this version of Flyway and support has not been tested. The latest supported version of PostgreSQL is 15.
19 Feb 2025 - 18:34:06.962 - o.f.core.internal.command.DbValidate -  INFO  - Successfully validated 4 migrations (execution time 00:00.016s)
19 Feb 2025 - 18:34:06.970 - o.f.core.internal.command.DbMigrate -  INFO  - Current version of schema "public": 1.2
19 Feb 2025 - 18:34:06.973 - o.f.core.internal.command.DbMigrate -  INFO  - Schema "public" is up to date. No migration necessary.
19 Feb 2025 - 18:34:14.622 - o.a.c.c.C.[Tomcat].[localhost].[/] -  INFO  - Initializing Spring DispatcherServlet 'dispatcherServlet'
19 Feb 2025 - 18:34:14.622 - o.s.web.servlet.DispatcherServlet -  INFO  - Initializing Servlet 'dispatcherServlet'
19 Feb 2025 - 18:34:14.623 - o.s.web.servlet.DispatcherServlet -  INFO  - Completed initialization in 1 ms
19 Feb 2025 - 18:34:14.885 - o.a.c.c.C.[.[.[.[dispatcherServlet] -  ERROR - Servlet.service() for servlet [dispatcherServlet] in context with path [] threw exception [Handler dispatch failed: java.lang.NoSuchMethodError: 'void org.springframework.web.method.ControllerAdviceBean.<init>(java.lang.Object)'] with root cause
java.lang.NoSuchMethodError: 'void org.springframework.web.method.ControllerAdviceBean.<init>(java.lang.Object)'
	at org.springdoc.core.service.GenericResponseService.lambda$getGenericMapResponse$8(GenericResponseService.java:706)
	at java.base/java.util.stream.ReferencePipeline$2$1.accept(ReferencePipeline.java:196)
	at java.base/java.util.Spliterators$ArraySpliterator.forEachRemaining(Spliterators.java:1024)
	at java.base/java.util.stream.AbstractPipeline.copyInto(AbstractPipeline.java:570)
	at java.base/java.util.stream.AbstractPipeline.wrapAndCopyInto(AbstractPipeline.java:560)
	at java.base/java.util.stream.AbstractPipeline.evaluate(AbstractPipeline.java:636)
	at java.base/java.util.stream.AbstractPipeline.evaluateToArrayNode(AbstractPipeline.java:291)
	at java.base/java.util.stream.ReferencePipeline.toArray(ReferencePipeline.java:656)
	at java.base/java.util.stream.ReferencePipeline.toArray(ReferencePipeline.java:662)
	at java.base/java.util.stream.ReferencePipeline.toList(ReferencePipeline.java:667)
	at org.springdoc.core.service.GenericResponseService.getGenericMapResponse(GenericResponseService.java:708)
	at org.springdoc.core.service.GenericResponseService.build(GenericResponseService.java:247)
	at org.springdoc.api.AbstractOpenApiResource.calculatePath(AbstractOpenApiResource.java:499)
	at org.springdoc.api.AbstractOpenApiResource.calculatePath(AbstractOpenApiResource.java:676)
	at org.springdoc.webmvc.api.OpenApiResource.lambda$calculatePath$11(OpenApiResource.java:220)
	at java.base/java.util.Optional.ifPresent(Optional.java:178)
	at org.springdoc.webmvc.api.OpenApiResource.calculatePath(OpenApiResource.java:201)
	at org.springdoc.webmvc.api.OpenApiResource.lambda$getPaths$2(OpenApiResource.java:171)
	at java.base/java.util.Optional.ifPresent(Optional.java:178)
	at org.springdoc.webmvc.api.OpenApiResource.getPaths(OpenApiResource.java:150)
	at org.springdoc.api.AbstractOpenApiResource.getOpenApi(AbstractOpenApiResource.java:353)
	at org.springdoc.webmvc.api.OpenApiResource.openapiJson(OpenApiResource.java:125)
	at org.springdoc.webmvc.api.OpenApiWebMvcResource.openapiJson(OpenApiWebMvcResource.java:114)
	at java.base/jdk.internal.reflect.DirectMethodHandleAccessor.invoke(DirectMethodHandleAccessor.java:103)
	at java.base/java.lang.reflect.Method.invoke(Method.java:580)
	at org.springframework.web.method.support.InvocableHandlerMethod.doInvoke(InvocableHandlerMethod.java:257)
	at org.springframework.web.method.support.InvocableHandlerMethod.invokeForRequest(InvocableHandlerMethod.java:190)
	at org.springframework.web.servlet.mvc.method.annotation.ServletInvocableHandlerMethod.invokeAndHandle(ServletInvocableHandlerMethod.java:118)
	at org.springframework.web.servlet.mvc.method.annotation.RequestMappingHandlerAdapter.invokeHandlerMethod(RequestMappingHandlerAdapter.java:986)
	at org.springframework.web.servlet.mvc.method.annotation.RequestMappingHandlerAdapter.handleInternal(RequestMappingHandlerAdapter.java:891)
	at org.springframework.web.servlet.mvc.method.AbstractHandlerMethodAdapter.handle(AbstractHandlerMethodAdapter.java:87)
	at org.springframework.web.servlet.DispatcherServlet.doDispatch(DispatcherServlet.java:1088)
	at org.springframework.web.servlet.DispatcherServlet.doService(DispatcherServlet.java:978)
	at org.springframework.web.servlet.FrameworkServlet.processRequest(FrameworkServlet.java:1014)
	at org.springframework.web.servlet.FrameworkServlet.doGet(FrameworkServlet.java:903)
	at jakarta.servlet.http.HttpServlet.service(HttpServlet.java:564)
	at org.springframework.web.servlet.FrameworkServlet.service(FrameworkServlet.java:885)
	at jakarta.servlet.http.HttpServlet.service(HttpServlet.java:658)
	at org.apache.catalina.core.ApplicationFilterChain.internalDoFilter(ApplicationFilterChain.java:195)
	at org.apache.catalina.core.ApplicationFilterChain.doFilter(ApplicationFilterChain.java:140)
	at org.apache.tomcat.websocket.server.WsFilter.doFilter(WsFilter.java:51)
	at org.apache.catalina.core.ApplicationFilterChain.internalDoFilter(ApplicationFilterChain.java:164)
	at org.apache.catalina.core.ApplicationFilterChain.doFilter(ApplicationFilterChain.java:140)
	at org.springframework.web.filter.OncePerRequestFilter.doFilter(OncePerRequestFilter.java:101)
	at org.apache.catalina.core.ApplicationFilterChain.internalDoFilter(ApplicationFilterChain.java:164)
	at org.apache.catalina.core.ApplicationFilterChain.doFilter(ApplicationFilterChain.java:140)
	at org.springframework.web.filter.CompositeFilter$VirtualFilterChain.doFilter(CompositeFilter.java:108)
	at org.springframework.security.web.FilterChainProxy.lambda$doFilterInternal$3(FilterChainProxy.java:231)
	at org.springframework.security.web.FilterChainProxy$VirtualFilterChain.doFilter(FilterChainProxy.java:365)
	at org.springframework.security.web.access.intercept.AuthorizationFilter.doFilter(AuthorizationFilter.java:101)
	at org.springframework.security.web.FilterChainProxy$VirtualFilterChain.doFilter(FilterChainProxy.java:374)
	at org.springframework.security.web.access.ExceptionTranslationFilter.doFilter(ExceptionTranslationFilter.java:126)
	at org.springframework.security.web.access.ExceptionTranslationFilter.doFilter(ExceptionTranslationFilter.java:120)
	at org.springframework.security.web.FilterChainProxy$VirtualFilterChain.doFilter(FilterChainProxy.java:374)
	at org.springframework.security.web.authentication.AnonymousAuthenticationFilter.doFilter(AnonymousAuthenticationFilter.java:100)
	at org.springframework.security.web.FilterChainProxy$VirtualFilterChain.doFilter(FilterChainProxy.java:374)
	at org.springframework.security.web.servletapi.SecurityContextHolderAwareRequestFilter.doFilter(SecurityContextHolderAwareRequestFilter.java:179)
	at org.springframework.security.web.FilterChainProxy$VirtualFilterChain.doFilter(FilterChainProxy.java:374)
	at org.springframework.security.web.savedrequest.RequestCacheAwareFilter.doFilter(RequestCacheAwareFilter.java:63)
	at org.springframework.security.web.FilterChainProxy$VirtualFilterChain.doFilter(FilterChainProxy.java:374)
	at org.springframework.web.filter.OncePerRequestFilter.doFilter(OncePerRequestFilter.java:101)
	at org.springframework.security.web.FilterChainProxy$VirtualFilterChain.doFilter(FilterChainProxy.java:374)
	at org.springframework.security.web.authentication.logout.LogoutFilter.doFilter(LogoutFilter.java:107)
	at org.springframework.security.web.authentication.logout.LogoutFilter.doFilter(LogoutFilter.java:93)
	at org.springframework.security.web.FilterChainProxy$VirtualFilterChain.doFilter(FilterChainProxy.java:374)
	at org.springframework.security.web.header.HeaderWriterFilter.doHeadersAfter(HeaderWriterFilter.java:90)
	at org.springframework.security.web.header.HeaderWriterFilter.doFilterInternal(HeaderWriterFilter.java:75)
	at org.springframework.web.filter.OncePerRequestFilter.doFilter(OncePerRequestFilter.java:116)
	at org.springframework.security.web.FilterChainProxy$VirtualFilterChain.doFilter(FilterChainProxy.java:374)
	at org.springframework.security.web.context.SecurityContextHolderFilter.doFilter(SecurityContextHolderFilter.java:82)
	at org.springframework.security.web.context.SecurityContextHolderFilter.doFilter(SecurityContextHolderFilter.java:69)
	at org.springframework.security.web.FilterChainProxy$VirtualFilterChain.doFilter(FilterChainProxy.java:374)
	at org.springframework.security.web.context.request.async.WebAsyncManagerIntegrationFilter.doFilterInternal(WebAsyncManagerIntegrationFilter.java:62)
	at org.springframework.web.filter.OncePerRequestFilter.doFilter(OncePerRequestFilter.java:116)
	at org.springframework.security.web.FilterChainProxy$VirtualFilterChain.doFilter(FilterChainProxy.java:374)
	at org.springframework.security.web.session.DisableEncodeUrlFilter.doFilterInternal(DisableEncodeUrlFilter.java:42)
	at org.springframework.web.filter.OncePerRequestFilter.doFilter(OncePerRequestFilter.java:116)
	at org.springframework.security.web.FilterChainProxy$VirtualFilterChain.doFilter(FilterChainProxy.java:374)
	at org.springframework.security.web.FilterChainProxy.doFilterInternal(FilterChainProxy.java:233)
	at org.springframework.security.web.FilterChainProxy.doFilter(FilterChainProxy.java:191)
	at org.springframework.web.filter.CompositeFilter$VirtualFilterChain.doFilter(CompositeFilter.java:113)
	at org.springframework.web.servlet.handler.HandlerMappingIntrospector.lambda$createCacheFilter$3(HandlerMappingIntrospector.java:243)
	at org.springframework.web.filter.CompositeFilter$VirtualFilterChain.doFilter(CompositeFilter.java:113)
	at org.springframework.web.filter.CompositeFilter.doFilter(CompositeFilter.java:74)
	at org.springframework.security.config.annotation.web.configuration.WebMvcSecurityConfiguration$CompositeFilterChainProxy.doFilter(WebMvcSecurityConfiguration.java:238)
	at org.springframework.web.filter.DelegatingFilterProxy.invokeDelegate(DelegatingFilterProxy.java:362)
	at org.springframework.web.filter.DelegatingFilterProxy.doFilter(DelegatingFilterProxy.java:278)
	at org.apache.catalina.core.ApplicationFilterChain.internalDoFilter(ApplicationFilterChain.java:164)
	at org.apache.catalina.core.ApplicationFilterChain.doFilter(ApplicationFilterChain.java:140)
	at org.springframework.web.filter.RequestContextFilter.doFilterInternal(RequestContextFilter.java:100)
	at org.springframework.web.filter.OncePerRequestFilter.doFilter(OncePerRequestFilter.java:116)
	at org.apache.catalina.core.ApplicationFilterChain.internalDoFilter(ApplicationFilterChain.java:164)
	at org.apache.catalina.core.ApplicationFilterChain.doFilter(ApplicationFilterChain.java:140)
	at org.springframework.web.filter.FormContentFilter.doFilterInternal(FormContentFilter.java:93)
	at org.springframework.web.filter.OncePerRequestFilter.doFilter(OncePerRequestFilter.java:116)
	at org.apache.catalina.core.ApplicationFilterChain.internalDoFilter(ApplicationFilterChain.java:164)
	at org.apache.catalina.core.ApplicationFilterChain.doFilter(ApplicationFilterChain.java:140)
	at org.springframework.web.filter.CharacterEncodingFilter.doFilterInternal(CharacterEncodingFilter.java:201)
	at org.springframework.web.filter.OncePerRequestFilter.doFilter(OncePerRequestFilter.java:116)
	at org.apache.catalina.core.ApplicationFilterChain.internalDoFilter(ApplicationFilterChain.java:164)
	at org.apache.catalina.core.ApplicationFilterChain.doFilter(ApplicationFilterChain.java:140)
	at org.apache.catalina.core.StandardWrapperValve.invoke(StandardWrapperValve.java:167)
	at org.apache.catalina.core.StandardContextValve.invoke(StandardContextValve.java:90)
	at org.apache.catalina.authenticator.AuthenticatorBase.invoke(AuthenticatorBase.java:483)
	at org.apache.catalina.core.StandardHostValve.invoke(StandardHostValve.java:115)
	at org.apache.catalina.valves.ErrorReportValve.invoke(ErrorReportValve.java:93)
	at org.apache.catalina.core.StandardEngineValve.invoke(StandardEngineValve.java:74)
	at org.apache.catalina.connector.CoyoteAdapter.service(CoyoteAdapter.java:344)
	at org.apache.coyote.http11.Http11Processor.service(Http11Processor.java:397)
	at org.apache.coyote.AbstractProcessorLight.process(AbstractProcessorLight.java:63)
	at org.apache.coyote.AbstractProtocol$ConnectionHandler.process(AbstractProtocol.java:905)
	at org.apache.tomcat.util.net.NioEndpoint$SocketProcessor.doRun(NioEndpoint.java:1741)
	at org.apache.tomcat.util.net.SocketProcessorBase.run(SocketProcessorBase.java:52)
	at org.apache.tomcat.util.threads.ThreadPoolExecutor.runWorker(ThreadPoolExecutor.java:1190)
	at org.apache.tomcat.util.threads.ThreadPoolExecutor$Worker.run(ThreadPoolExecutor.java:659)
	at org.apache.tomcat.util.threads.TaskThread$WrappingRunnable.run(TaskThread.java:63)
	at java.base/java.lang.Thread.run(Thread.java:1575)
19 Feb 2025 - 18:34:51.724 - o.a.c.c.C.[.[.[.[dispatcherServlet] -  ERROR - Servlet.service() for servlet [dispatcherServlet] in context with path [] threw exception [Handler dispatch failed: java.lang.NoSuchMethodError: 'void org.springframework.web.method.ControllerAdviceBean.<init>(java.lang.Object)'] with root cause
java.lang.NoSuchMethodError: 'void org.springframework.web.method.ControllerAdviceBean.<init>(java.lang.Object)'
	at org.springdoc.core.service.GenericResponseService.lambda$getGenericMapResponse$8(GenericResponseService.java:706)
	at java.base/java.util.stream.ReferencePipeline$2$1.accept(ReferencePipeline.java:196)
	at java.base/java.util.Spliterators$ArraySpliterator.forEachRemaining(Spliterators.java:1024)
	at java.base/java.util.stream.AbstractPipeline.copyInto(AbstractPipeline.java:570)
	at java.base/java.util.stream.AbstractPipeline.wrapAndCopyInto(AbstractPipeline.java:560)
	at java.base/java.util.stream.AbstractPipeline.evaluate(AbstractPipeline.java:636)
	at java.base/java.util.stream.AbstractPipeline.evaluateToArrayNode(AbstractPipeline.java:291)
	at java.base/java.util.stream.ReferencePipeline.toArray(ReferencePipeline.java:656)
	at java.base/java.util.stream.ReferencePipeline.toArray(ReferencePipeline.java:662)
	at java.base/java.util.stream.ReferencePipeline.toList(ReferencePipeline.java:667)
	at org.springdoc.core.service.GenericResponseService.getGenericMapResponse(GenericResponseService.java:708)
	at org.springdoc.core.service.GenericResponseService.build(GenericResponseService.java:247)
	at org.springdoc.api.AbstractOpenApiResource.calculatePath(AbstractOpenApiResource.java:499)
	at org.springdoc.api.AbstractOpenApiResource.calculatePath(AbstractOpenApiResource.java:676)
	at org.springdoc.webmvc.api.OpenApiResource.lambda$calculatePath$11(OpenApiResource.java:220)
	at java.base/java.util.Optional.ifPresent(Optional.java:178)
	at org.springdoc.webmvc.api.OpenApiResource.calculatePath(OpenApiResource.java:201)
	at org.springdoc.webmvc.api.OpenApiResource.lambda$getPaths$2(OpenApiResource.java:171)
	at java.base/java.util.Optional.ifPresent(Optional.java:178)
	at org.springdoc.webmvc.api.OpenApiResource.getPaths(OpenApiResource.java:150)
	at org.springdoc.api.AbstractOpenApiResource.getOpenApi(AbstractOpenApiResource.java:353)
	at org.springdoc.webmvc.api.OpenApiResource.openapiJson(OpenApiResource.java:125)
	at org.springdoc.webmvc.api.OpenApiWebMvcResource.openapiJson(OpenApiWebMvcResource.java:114)
	at java.base/jdk.internal.reflect.DirectMethodHandleAccessor.invoke(DirectMethodHandleAccessor.java:103)
	at java.base/java.lang.reflect.Method.invoke(Method.java:580)
	at org.springframework.web.method.support.InvocableHandlerMethod.doInvoke(InvocableHandlerMethod.java:257)
	at org.springframework.web.method.support.InvocableHandlerMethod.invokeForRequest(InvocableHandlerMethod.java:190)
	at org.springframework.web.servlet.mvc.method.annotation.ServletInvocableHandlerMethod.invokeAndHandle(ServletInvocableHandlerMethod.java:118)
	at org.springframework.web.servlet.mvc.method.annotation.RequestMappingHandlerAdapter.invokeHandlerMethod(RequestMappingHandlerAdapter.java:986)
	at org.springframework.web.servlet.mvc.method.annotation.RequestMappingHandlerAdapter.handleInternal(RequestMappingHandlerAdapter.java:891)
	at org.springframework.web.servlet.mvc.method.AbstractHandlerMethodAdapter.handle(AbstractHandlerMethodAdapter.java:87)
	at org.springframework.web.servlet.DispatcherServlet.doDispatch(DispatcherServlet.java:1088)
	at org.springframework.web.servlet.DispatcherServlet.doService(DispatcherServlet.java:978)
	at org.springframework.web.servlet.FrameworkServlet.processRequest(FrameworkServlet.java:1014)
	at org.springframework.web.servlet.FrameworkServlet.doGet(FrameworkServlet.java:903)
	at jakarta.servlet.http.HttpServlet.service(HttpServlet.java:564)
	at org.springframework.web.servlet.FrameworkServlet.service(FrameworkServlet.java:885)
	at jakarta.servlet.http.HttpServlet.service(HttpServlet.java:658)
	at org.apache.catalina.core.ApplicationFilterChain.internalDoFilter(ApplicationFilterChain.java:195)
	at org.apache.catalina.core.ApplicationFilterChain.doFilter(ApplicationFilterChain.java:140)
	at org.apache.tomcat.websocket.server.WsFilter.doFilter(WsFilter.java:51)
	at org.apache.catalina.core.ApplicationFilterChain.internalDoFilter(ApplicationFilterChain.java:164)
	at org.apache.catalina.core.ApplicationFilterChain.doFilter(ApplicationFilterChain.java:140)
	at org.springframework.web.filter.OncePerRequestFilter.doFilter(OncePerRequestFilter.java:101)
	at org.apache.catalina.core.ApplicationFilterChain.internalDoFilter(ApplicationFilterChain.java:164)
	at org.apache.catalina.core.ApplicationFilterChain.doFilter(ApplicationFilterChain.java:140)
	at org.springframework.web.filter.CompositeFilter$VirtualFilterChain.doFilter(CompositeFilter.java:108)
	at org.springframework.security.web.FilterChainProxy.lambda$doFilterInternal$3(FilterChainProxy.java:231)
	at org.springframework.security.web.FilterChainProxy$VirtualFilterChain.doFilter(FilterChainProxy.java:365)
	at org.springframework.security.web.access.intercept.AuthorizationFilter.doFilter(AuthorizationFilter.java:101)
	at org.springframework.security.web.FilterChainProxy$VirtualFilterChain.doFilter(FilterChainProxy.java:374)
	at org.springframework.security.web.access.ExceptionTranslationFilter.doFilter(ExceptionTranslationFilter.java:126)
	at org.springframework.security.web.access.ExceptionTranslationFilter.doFilter(ExceptionTranslationFilter.java:120)
	at org.springframework.security.web.FilterChainProxy$VirtualFilterChain.doFilter(FilterChainProxy.java:374)
	at org.springframework.security.web.authentication.AnonymousAuthenticationFilter.doFilter(AnonymousAuthenticationFilter.java:100)
	at org.springframework.security.web.FilterChainProxy$VirtualFilterChain.doFilter(FilterChainProxy.java:374)
	at org.springframework.security.web.servletapi.SecurityContextHolderAwareRequestFilter.doFilter(SecurityContextHolderAwareRequestFilter.java:179)
	at org.springframework.security.web.FilterChainProxy$VirtualFilterChain.doFilter(FilterChainProxy.java:374)
	at org.springframework.security.web.savedrequest.RequestCacheAwareFilter.doFilter(RequestCacheAwareFilter.java:63)
	at org.springframework.security.web.FilterChainProxy$VirtualFilterChain.doFilter(FilterChainProxy.java:374)
	at org.springframework.web.filter.OncePerRequestFilter.doFilter(OncePerRequestFilter.java:101)
	at org.springframework.security.web.FilterChainProxy$VirtualFilterChain.doFilter(FilterChainProxy.java:374)
	at org.springframework.security.web.authentication.logout.LogoutFilter.doFilter(LogoutFilter.java:107)
	at org.springframework.security.web.authentication.logout.LogoutFilter.doFilter(LogoutFilter.java:93)
	at org.springframework.security.web.FilterChainProxy$VirtualFilterChain.doFilter(FilterChainProxy.java:374)
	at org.springframework.security.web.header.HeaderWriterFilter.doHeadersAfter(HeaderWriterFilter.java:90)
	at org.springframework.security.web.header.HeaderWriterFilter.doFilterInternal(HeaderWriterFilter.java:75)
	at org.springframework.web.filter.OncePerRequestFilter.doFilter(OncePerRequestFilter.java:116)
	at org.springframework.security.web.FilterChainProxy$VirtualFilterChain.doFilter(FilterChainProxy.java:374)
	at org.springframework.security.web.context.SecurityContextHolderFilter.doFilter(SecurityContextHolderFilter.java:82)
	at org.springframework.security.web.context.SecurityContextHolderFilter.doFilter(SecurityContextHolderFilter.java:69)
	at org.springframework.security.web.FilterChainProxy$VirtualFilterChain.doFilter(FilterChainProxy.java:374)
	at org.springframework.security.web.context.request.async.WebAsyncManagerIntegrationFilter.doFilterInternal(WebAsyncManagerIntegrationFilter.java:62)
	at org.springframework.web.filter.OncePerRequestFilter.doFilter(OncePerRequestFilter.java:116)
	at org.springframework.security.web.FilterChainProxy$VirtualFilterChain.doFilter(FilterChainProxy.java:374)
	at org.springframework.security.web.session.DisableEncodeUrlFilter.doFilterInternal(DisableEncodeUrlFilter.java:42)
	at org.springframework.web.filter.OncePerRequestFilter.doFilter(OncePerRequestFilter.java:116)
	at org.springframework.security.web.FilterChainProxy$VirtualFilterChain.doFilter(FilterChainProxy.java:374)
	at org.springframework.security.web.FilterChainProxy.doFilterInternal(FilterChainProxy.java:233)
	at org.springframework.security.web.FilterChainProxy.doFilter(FilterChainProxy.java:191)
	at org.springframework.web.filter.CompositeFilter$VirtualFilterChain.doFilter(CompositeFilter.java:113)
	at org.springframework.web.servlet.handler.HandlerMappingIntrospector.lambda$createCacheFilter$3(HandlerMappingIntrospector.java:243)
	at org.springframework.web.filter.CompositeFilter$VirtualFilterChain.doFilter(CompositeFilter.java:113)
	at org.springframework.web.filter.CompositeFilter.doFilter(CompositeFilter.java:74)
	at org.springframework.security.config.annotation.web.configuration.WebMvcSecurityConfiguration$CompositeFilterChainProxy.doFilter(WebMvcSecurityConfiguration.java:238)
	at org.springframework.web.filter.DelegatingFilterProxy.invokeDelegate(DelegatingFilterProxy.java:362)
	at org.springframework.web.filter.DelegatingFilterProxy.doFilter(DelegatingFilterProxy.java:278)
	at org.apache.catalina.core.ApplicationFilterChain.internalDoFilter(ApplicationFilterChain.java:164)
	at org.apache.catalina.core.ApplicationFilterChain.doFilter(ApplicationFilterChain.java:140)
	at org.springframework.web.filter.RequestContextFilter.doFilterInternal(RequestContextFilter.java:100)
	at org.springframework.web.filter.OncePerRequestFilter.doFilter(OncePerRequestFilter.java:116)
	at org.apache.catalina.core.ApplicationFilterChain.internalDoFilter(ApplicationFilterChain.java:164)
	at org.apache.catalina.core.ApplicationFilterChain.doFilter(ApplicationFilterChain.java:140)
	at org.springframework.web.filter.FormContentFilter.doFilterInternal(FormContentFilter.java:93)
	at org.springframework.web.filter.OncePerRequestFilter.doFilter(OncePerRequestFilter.java:116)
	at org.apache.catalina.core.ApplicationFilterChain.internalDoFilter(ApplicationFilterChain.java:164)
	at org.apache.catalina.core.ApplicationFilterChain.doFilter(ApplicationFilterChain.java:140)
	at org.springframework.web.filter.CharacterEncodingFilter.doFilterInternal(CharacterEncodingFilter.java:201)
	at org.springframework.web.filter.OncePerRequestFilter.doFilter(OncePerRequestFilter.java:116)
	at org.apache.catalina.core.ApplicationFilterChain.internalDoFilter(ApplicationFilterChain.java:164)
	at org.apache.catalina.core.ApplicationFilterChain.doFilter(ApplicationFilterChain.java:140)
	at org.apache.catalina.core.StandardWrapperValve.invoke(StandardWrapperValve.java:167)
	at org.apache.catalina.core.StandardContextValve.invoke(StandardContextValve.java:90)
	at org.apache.catalina.authenticator.AuthenticatorBase.invoke(AuthenticatorBase.java:483)
	at org.apache.catalina.core.StandardHostValve.invoke(StandardHostValve.java:115)
	at org.apache.catalina.valves.ErrorReportValve.invoke(ErrorReportValve.java:93)
	at org.apache.catalina.core.StandardEngineValve.invoke(StandardEngineValve.java:74)
	at org.apache.catalina.connector.CoyoteAdapter.service(CoyoteAdapter.java:344)
	at org.apache.coyote.http11.Http11Processor.service(Http11Processor.java:397)
	at org.apache.coyote.AbstractProcessorLight.process(AbstractProcessorLight.java:63)
	at org.apache.coyote.AbstractProtocol$ConnectionHandler.process(AbstractProtocol.java:905)
	at org.apache.tomcat.util.net.NioEndpoint$SocketProcessor.doRun(NioEndpoint.java:1741)
	at org.apache.tomcat.util.net.SocketProcessorBase.run(SocketProcessorBase.java:52)
	at org.apache.tomcat.util.threads.ThreadPoolExecutor.runWorker(ThreadPoolExecutor.java:1190)
	at org.apache.tomcat.util.threads.ThreadPoolExecutor$Worker.run(ThreadPoolExecutor.java:659)
	at org.apache.tomcat.util.threads.TaskThread$WrappingRunnable.run(TaskThread.java:63)
	at java.base/java.lang.Thread.run(Thread.java:1575)
19 Feb 2025 - 18:36:22.618 - o.s.b.w.e.tomcat.GracefulShutdown -  INFO  - Commencing graceful shutdown. Waiting for active requests to complete
19 Feb 2025 - 18:36:22.623 - o.s.b.w.e.tomcat.GracefulShutdown -  INFO  - Graceful shutdown complete
19 Feb 2025 - 18:36:22.630 - o.s.o.j.LocalContainerEntityManagerFactoryBean -  INFO  - Closing JPA EntityManagerFactory for persistence unit 'default'
19 Feb 2025 - 18:36:22.632 - com.zaxxer.hikari.HikariDataSource -  INFO  - HikariPool-1 - Shutdown initiated...
19 Feb 2025 - 18:36:22.637 - com.zaxxer.hikari.HikariDataSource -  INFO  - HikariPool-1 - Shutdown completed.
19 Feb 2025 - 18:36:31.133 - c.example.KunUzPractiseApplication -  INFO  - Starting KunUzPractiseApplication using Java 23.0.1 with PID 21720 (C:\Users\Sanjar\IdeaProjects\kun_uz_practise\target\classes started by Sanjar in C:\Users\Sanjar\IdeaProjects\kun_uz_practise)
19 Feb 2025 - 18:36:31.144 - c.example.KunUzPractiseApplication -  INFO  - The following 1 profile is active: "local"
19 Feb 2025 - 18:36:31.942 - o.s.d.r.c.RepositoryConfigurationDelegate -  INFO  - Bootstrapping Spring Data JPA repositories in DEFAULT mode.
19 Feb 2025 - 18:36:32.027 - o.s.d.r.c.RepositoryConfigurationDelegate -  INFO  - Finished Spring Data repository scanning in 77 ms. Found 14 JPA repository interfaces.
19 Feb 2025 - 18:36:32.562 - o.s.b.w.e.tomcat.TomcatWebServer -  INFO  - Tomcat initialized with port 8080 (http)
19 Feb 2025 - 18:36:32.574 - o.a.catalina.core.StandardService -  INFO  - Starting service [Tomcat]
19 Feb 2025 - 18:36:32.574 - o.a.catalina.core.StandardEngine -  INFO  - Starting Servlet engine: [Apache Tomcat/10.1.34]
19 Feb 2025 - 18:36:32.626 - o.a.c.c.C.[Tomcat].[localhost].[/] -  INFO  - Initializing Spring embedded WebApplicationContext
19 Feb 2025 - 18:36:32.627 - o.s.b.w.s.c.ServletWebServerApplicationContext -  INFO  - Root WebApplicationContext: initialization completed in 1434 ms
19 Feb 2025 - 18:36:32.683 - com.zaxxer.hikari.HikariDataSource -  INFO  - HikariPool-1 - Starting...
19 Feb 2025 - 18:36:32.944 - com.zaxxer.hikari.pool.HikariPool -  INFO  - HikariPool-1 - Added connection org.postgresql.jdbc.PgConnection@34009349
19 Feb 2025 - 18:36:32.946 - com.zaxxer.hikari.HikariDataSource -  INFO  - HikariPool-1 - Start completed.
19 Feb 2025 - 18:36:33.024 - o.h.jpa.internal.util.LogHelper -  INFO  - HHH000204: Processing PersistenceUnitInfo [name: default]
19 Feb 2025 - 18:36:33.072 - org.hibernate.Version -  INFO  - HHH000412: Hibernate ORM core version 6.6.5.Final
19 Feb 2025 - 18:36:33.101 - o.h.c.i.RegionFactoryInitiator -  INFO  - HHH000026: Second-level cache disabled
19 Feb 2025 - 18:36:33.359 - o.s.o.j.p.SpringPersistenceUnitInfo -  INFO  - No LoadTimeWeaver setup: ignoring JPA class transformer
19 Feb 2025 - 18:36:33.437 - o.hibernate.orm.connections.pooling -  INFO  - HHH10001005: Database info:
	Database JDBC URL [Connecting through datasource 'HikariDataSource (HikariPool-1)']
	Database driver: undefined/unknown
	Database version: 17.2
	Autocommit mode: undefined/unknown
	Isolation level: undefined/unknown
	Minimum pool size: undefined/unknown
	Maximum pool size: undefined/unknown
19 Feb 2025 - 18:36:34.597 - o.h.e.t.j.p.i.JtaPlatformInitiator -  INFO  - HHH000489: No JTA platform available (set 'hibernate.transaction.jta.platform' to enable JTA platform integration)
19 Feb 2025 - 18:36:35.276 - o.s.o.j.LocalContainerEntityManagerFactoryBean -  INFO  - Initialized JPA EntityManagerFactory for persistence unit 'default'
19 Feb 2025 - 18:36:35.530 - o.s.d.j.r.query.QueryEnhancerFactory -  INFO  - Hibernate is in classpath; If applicable, HQL parser will be used.
19 Feb 2025 - 18:36:37.097 - o.s.b.a.o.j.JpaBaseConfiguration$JpaWebConfiguration -  WARN  - spring.jpa.open-in-view is enabled by default. Therefore, database queries may be performed during view rendering. Explicitly configure spring.jpa.open-in-view to disable this warning
19 Feb 2025 - 18:36:37.133 - o.s.s.c.a.a.c.InitializeAuthenticationProviderBeanManagerConfigurer$InitializeAuthenticationProviderManagerConfigurer -  INFO  - Global AuthenticationManager configured with AuthenticationProvider bean with name authenticationProvider
19 Feb 2025 - 18:36:37.133 - o.s.s.c.a.a.c.InitializeUserDetailsBeanManagerConfigurer$InitializeUserDetailsManagerConfigurer -  WARN  - Global AuthenticationManager configured with an AuthenticationProvider bean. UserDetailsService beans will not be used by Spring Security for automatically configuring username/password login. Consider removing the AuthenticationProvider bean. Alternatively, consider using the UserDetailsService in a manually instantiated DaoAuthenticationProvider. If the current configuration is intentional, to turn off this warning, increase the logging level of 'org.springframework.security.config.annotation.authentication.configuration.InitializeUserDetailsBeanManagerConfigurer' to ERROR
19 Feb 2025 - 18:36:37.916 - o.s.b.w.e.tomcat.TomcatWebServer -  INFO  - Tomcat started on port 8080 (http) with context path '/'
19 Feb 2025 - 18:36:37.924 - c.example.KunUzPractiseApplication -  INFO  - Started KunUzPractiseApplication in 7.202 seconds (process running for 7.877)
19 Feb 2025 - 18:36:37.977 - o.f.c.i.license.VersionPrinter -  INFO  - Flyway Community Edition 9.22.3 by Redgate
19 Feb 2025 - 18:36:37.977 - o.f.c.i.license.VersionPrinter -  INFO  - See release notes here: https://rd.gt/416ObMi
19 Feb 2025 - 18:36:37.977 - o.f.c.i.license.VersionPrinter -  INFO  - 
19 Feb 2025 - 18:36:37.993 - org.flywaydb.core.FlywayExecutor -  INFO  - Database: jdbc:postgresql://localhost:5432/kun_uz_practise (PostgreSQL 17.2)
19 Feb 2025 - 18:36:37.999 - o.f.c.i.database.base.Database -  WARN  - Flyway upgrade recommended: PostgreSQL 17.2 is newer than this version of Flyway and support has not been tested. The latest supported version of PostgreSQL is 15.
19 Feb 2025 - 18:36:38.031 - o.f.core.internal.command.DbValidate -  INFO  - Successfully validated 4 migrations (execution time 00:00.023s)
19 Feb 2025 - 18:36:38.041 - o.a.c.c.C.[Tomcat].[localhost].[/] -  INFO  - Initializing Spring DispatcherServlet 'dispatcherServlet'
19 Feb 2025 - 18:36:38.042 - o.s.web.servlet.DispatcherServlet -  INFO  - Initializing Servlet 'dispatcherServlet'
19 Feb 2025 - 18:36:38.042 - o.f.core.internal.command.DbMigrate -  INFO  - Current version of schema "public": 1.2
19 Feb 2025 - 18:36:38.043 - o.s.web.servlet.DispatcherServlet -  INFO  - Completed initialization in 1 ms
19 Feb 2025 - 18:36:38.046 - o.f.core.internal.command.DbMigrate -  INFO  - Schema "public" is up to date. No migration necessary.
19 Feb 2025 - 18:36:39.090 - o.a.c.c.C.[.[.[.[dispatcherServlet] -  ERROR - Servlet.service() for servlet [dispatcherServlet] in context with path [] threw exception [Handler dispatch failed: java.lang.NoSuchMethodError: 'void org.springframework.web.method.ControllerAdviceBean.<init>(java.lang.Object)'] with root cause
java.lang.NoSuchMethodError: 'void org.springframework.web.method.ControllerAdviceBean.<init>(java.lang.Object)'
	at org.springdoc.core.service.GenericResponseService.lambda$getGenericMapResponse$8(GenericResponseService.java:700)
	at java.base/java.util.stream.ReferencePipeline$2$1.accept(ReferencePipeline.java:196)
	at java.base/java.util.Spliterators$ArraySpliterator.forEachRemaining(Spliterators.java:1024)
	at java.base/java.util.stream.AbstractPipeline.copyInto(AbstractPipeline.java:570)
	at java.base/java.util.stream.AbstractPipeline.wrapAndCopyInto(AbstractPipeline.java:560)
	at java.base/java.util.stream.AbstractPipeline.evaluate(AbstractPipeline.java:636)
	at java.base/java.util.stream.AbstractPipeline.evaluateToArrayNode(AbstractPipeline.java:291)
	at java.base/java.util.stream.ReferencePipeline.toArray(ReferencePipeline.java:656)
	at java.base/java.util.stream.ReferencePipeline.toArray(ReferencePipeline.java:662)
	at java.base/java.util.stream.ReferencePipeline.toList(ReferencePipeline.java:667)
	at org.springdoc.core.service.GenericResponseService.getGenericMapResponse(GenericResponseService.java:702)
	at org.springdoc.core.service.GenericResponseService.build(GenericResponseService.java:245)
	at org.springdoc.api.AbstractOpenApiResource.calculatePath(AbstractOpenApiResource.java:496)
	at org.springdoc.api.AbstractOpenApiResource.calculatePath(AbstractOpenApiResource.java:673)
	at org.springdoc.webmvc.api.OpenApiResource.lambda$calculatePath$11(OpenApiResource.java:219)
	at java.base/java.util.Optional.ifPresent(Optional.java:178)
	at org.springdoc.webmvc.api.OpenApiResource.calculatePath(OpenApiResource.java:200)
	at org.springdoc.webmvc.api.OpenApiResource.lambda$getPaths$2(OpenApiResource.java:170)
	at java.base/java.util.Optional.ifPresent(Optional.java:178)
	at org.springdoc.webmvc.api.OpenApiResource.getPaths(OpenApiResource.java:149)
	at org.springdoc.api.AbstractOpenApiResource.getOpenApi(AbstractOpenApiResource.java:350)
	at org.springdoc.webmvc.api.OpenApiResource.openapiJson(OpenApiResource.java:124)
	at org.springdoc.webmvc.api.OpenApiWebMvcResource.openapiJson(OpenApiWebMvcResource.java:111)
	at java.base/jdk.internal.reflect.DirectMethodHandleAccessor.invoke(DirectMethodHandleAccessor.java:103)
	at java.base/java.lang.reflect.Method.invoke(Method.java:580)
	at org.springframework.web.method.support.InvocableHandlerMethod.doInvoke(InvocableHandlerMethod.java:257)
	at org.springframework.web.method.support.InvocableHandlerMethod.invokeForRequest(InvocableHandlerMethod.java:190)
	at org.springframework.web.servlet.mvc.method.annotation.ServletInvocableHandlerMethod.invokeAndHandle(ServletInvocableHandlerMethod.java:118)
	at org.springframework.web.servlet.mvc.method.annotation.RequestMappingHandlerAdapter.invokeHandlerMethod(RequestMappingHandlerAdapter.java:986)
	at org.springframework.web.servlet.mvc.method.annotation.RequestMappingHandlerAdapter.handleInternal(RequestMappingHandlerAdapter.java:891)
	at org.springframework.web.servlet.mvc.method.AbstractHandlerMethodAdapter.handle(AbstractHandlerMethodAdapter.java:87)
	at org.springframework.web.servlet.DispatcherServlet.doDispatch(DispatcherServlet.java:1088)
	at org.springframework.web.servlet.DispatcherServlet.doService(DispatcherServlet.java:978)
	at org.springframework.web.servlet.FrameworkServlet.processRequest(FrameworkServlet.java:1014)
	at org.springframework.web.servlet.FrameworkServlet.doGet(FrameworkServlet.java:903)
	at jakarta.servlet.http.HttpServlet.service(HttpServlet.java:564)
	at org.springframework.web.servlet.FrameworkServlet.service(FrameworkServlet.java:885)
	at jakarta.servlet.http.HttpServlet.service(HttpServlet.java:658)
	at org.apache.catalina.core.ApplicationFilterChain.internalDoFilter(ApplicationFilterChain.java:195)
	at org.apache.catalina.core.ApplicationFilterChain.doFilter(ApplicationFilterChain.java:140)
	at org.apache.tomcat.websocket.server.WsFilter.doFilter(WsFilter.java:51)
	at org.apache.catalina.core.ApplicationFilterChain.internalDoFilter(ApplicationFilterChain.java:164)
	at org.apache.catalina.core.ApplicationFilterChain.doFilter(ApplicationFilterChain.java:140)
	at org.springframework.web.filter.OncePerRequestFilter.doFilter(OncePerRequestFilter.java:101)
	at org.apache.catalina.core.ApplicationFilterChain.internalDoFilter(ApplicationFilterChain.java:164)
	at org.apache.catalina.core.ApplicationFilterChain.doFilter(ApplicationFilterChain.java:140)
	at org.springframework.web.filter.CompositeFilter$VirtualFilterChain.doFilter(CompositeFilter.java:108)
	at org.springframework.security.web.FilterChainProxy.lambda$doFilterInternal$3(FilterChainProxy.java:231)
	at org.springframework.security.web.FilterChainProxy$VirtualFilterChain.doFilter(FilterChainProxy.java:365)
	at org.springframework.security.web.access.intercept.AuthorizationFilter.doFilter(AuthorizationFilter.java:101)
	at org.springframework.security.web.FilterChainProxy$VirtualFilterChain.doFilter(FilterChainProxy.java:374)
	at org.springframework.security.web.access.ExceptionTranslationFilter.doFilter(ExceptionTranslationFilter.java:126)
	at org.springframework.security.web.access.ExceptionTranslationFilter.doFilter(ExceptionTranslationFilter.java:120)
	at org.springframework.security.web.FilterChainProxy$VirtualFilterChain.doFilter(FilterChainProxy.java:374)
	at org.springframework.security.web.authentication.AnonymousAuthenticationFilter.doFilter(AnonymousAuthenticationFilter.java:100)
	at org.springframework.security.web.FilterChainProxy$VirtualFilterChain.doFilter(FilterChainProxy.java:374)
	at org.springframework.security.web.servletapi.SecurityContextHolderAwareRequestFilter.doFilter(SecurityContextHolderAwareRequestFilter.java:179)
	at org.springframework.security.web.FilterChainProxy$VirtualFilterChain.doFilter(FilterChainProxy.java:374)
	at org.springframework.security.web.savedrequest.RequestCacheAwareFilter.doFilter(RequestCacheAwareFilter.java:63)
	at org.springframework.security.web.FilterChainProxy$VirtualFilterChain.doFilter(FilterChainProxy.java:374)
	at org.springframework.web.filter.OncePerRequestFilter.doFilter(OncePerRequestFilter.java:101)
	at org.springframework.security.web.FilterChainProxy$VirtualFilterChain.doFilter(FilterChainProxy.java:374)
	at org.springframework.security.web.authentication.logout.LogoutFilter.doFilter(LogoutFilter.java:107)
	at org.springframework.security.web.authentication.logout.LogoutFilter.doFilter(LogoutFilter.java:93)
	at org.springframework.security.web.FilterChainProxy$VirtualFilterChain.doFilter(FilterChainProxy.java:374)
	at org.springframework.security.web.header.HeaderWriterFilter.doHeadersAfter(HeaderWriterFilter.java:90)
	at org.springframework.security.web.header.HeaderWriterFilter.doFilterInternal(HeaderWriterFilter.java:75)
	at org.springframework.web.filter.OncePerRequestFilter.doFilter(OncePerRequestFilter.java:116)
	at org.springframework.security.web.FilterChainProxy$VirtualFilterChain.doFilter(FilterChainProxy.java:374)
	at org.springframework.security.web.context.SecurityContextHolderFilter.doFilter(SecurityContextHolderFilter.java:82)
	at org.springframework.security.web.context.SecurityContextHolderFilter.doFilter(SecurityContextHolderFilter.java:69)
	at org.springframework.security.web.FilterChainProxy$VirtualFilterChain.doFilter(FilterChainProxy.java:374)
	at org.springframework.security.web.context.request.async.WebAsyncManagerIntegrationFilter.doFilterInternal(WebAsyncManagerIntegrationFilter.java:62)
	at org.springframework.web.filter.OncePerRequestFilter.doFilter(OncePerRequestFilter.java:116)
	at org.springframework.security.web.FilterChainProxy$VirtualFilterChain.doFilter(FilterChainProxy.java:374)
	at org.springframework.security.web.session.DisableEncodeUrlFilter.doFilterInternal(DisableEncodeUrlFilter.java:42)
	at org.springframework.web.filter.OncePerRequestFilter.doFilter(OncePerRequestFilter.java:116)
	at org.springframework.security.web.FilterChainProxy$VirtualFilterChain.doFilter(FilterChainProxy.java:374)
	at org.springframework.security.web.FilterChainProxy.doFilterInternal(FilterChainProxy.java:233)
	at org.springframework.security.web.FilterChainProxy.doFilter(FilterChainProxy.java:191)
	at org.springframework.web.filter.CompositeFilter$VirtualFilterChain.doFilter(CompositeFilter.java:113)
	at org.springframework.web.servlet.handler.HandlerMappingIntrospector.lambda$createCacheFilter$3(HandlerMappingIntrospector.java:243)
	at org.springframework.web.filter.CompositeFilter$VirtualFilterChain.doFilter(CompositeFilter.java:113)
	at org.springframework.web.filter.CompositeFilter.doFilter(CompositeFilter.java:74)
	at org.springframework.security.config.annotation.web.configuration.WebMvcSecurityConfiguration$CompositeFilterChainProxy.doFilter(WebMvcSecurityConfiguration.java:238)
	at org.springframework.web.filter.DelegatingFilterProxy.invokeDelegate(DelegatingFilterProxy.java:362)
	at org.springframework.web.filter.DelegatingFilterProxy.doFilter(DelegatingFilterProxy.java:278)
	at org.apache.catalina.core.ApplicationFilterChain.internalDoFilter(ApplicationFilterChain.java:164)
	at org.apache.catalina.core.ApplicationFilterChain.doFilter(ApplicationFilterChain.java:140)
	at org.springframework.web.filter.RequestContextFilter.doFilterInternal(RequestContextFilter.java:100)
	at org.springframework.web.filter.OncePerRequestFilter.doFilter(OncePerRequestFilter.java:116)
	at org.apache.catalina.core.ApplicationFilterChain.internalDoFilter(ApplicationFilterChain.java:164)
	at org.apache.catalina.core.ApplicationFilterChain.doFilter(ApplicationFilterChain.java:140)
	at org.springframework.web.filter.FormContentFilter.doFilterInternal(FormContentFilter.java:93)
	at org.springframework.web.filter.OncePerRequestFilter.doFilter(OncePerRequestFilter.java:116)
	at org.apache.catalina.core.ApplicationFilterChain.internalDoFilter(ApplicationFilterChain.java:164)
	at org.apache.catalina.core.ApplicationFilterChain.doFilter(ApplicationFilterChain.java:140)
	at org.springframework.web.filter.CharacterEncodingFilter.doFilterInternal(CharacterEncodingFilter.java:201)
	at org.springframework.web.filter.OncePerRequestFilter.doFilter(OncePerRequestFilter.java:116)
	at org.apache.catalina.core.ApplicationFilterChain.internalDoFilter(ApplicationFilterChain.java:164)
	at org.apache.catalina.core.ApplicationFilterChain.doFilter(ApplicationFilterChain.java:140)
	at org.apache.catalina.core.StandardWrapperValve.invoke(StandardWrapperValve.java:167)
	at org.apache.catalina.core.StandardContextValve.invoke(StandardContextValve.java:90)
	at org.apache.catalina.authenticator.AuthenticatorBase.invoke(AuthenticatorBase.java:483)
	at org.apache.catalina.core.StandardHostValve.invoke(StandardHostValve.java:115)
	at org.apache.catalina.valves.ErrorReportValve.invoke(ErrorReportValve.java:93)
	at org.apache.catalina.core.StandardEngineValve.invoke(StandardEngineValve.java:74)
	at org.apache.catalina.connector.CoyoteAdapter.service(CoyoteAdapter.java:344)
	at org.apache.coyote.http11.Http11Processor.service(Http11Processor.java:397)
	at org.apache.coyote.AbstractProcessorLight.process(AbstractProcessorLight.java:63)
	at org.apache.coyote.AbstractProtocol$ConnectionHandler.process(AbstractProtocol.java:905)
	at org.apache.tomcat.util.net.NioEndpoint$SocketProcessor.doRun(NioEndpoint.java:1741)
	at org.apache.tomcat.util.net.SocketProcessorBase.run(SocketProcessorBase.java:52)
	at org.apache.tomcat.util.threads.ThreadPoolExecutor.runWorker(ThreadPoolExecutor.java:1190)
	at org.apache.tomcat.util.threads.ThreadPoolExecutor$Worker.run(ThreadPoolExecutor.java:659)
	at org.apache.tomcat.util.threads.TaskThread$WrappingRunnable.run(TaskThread.java:63)
	at java.base/java.lang.Thread.run(Thread.java:1575)
19 Feb 2025 - 18:36:49.706 - o.a.c.c.C.[.[.[.[dispatcherServlet] -  ERROR - Servlet.service() for servlet [dispatcherServlet] in context with path [] threw exception [Handler dispatch failed: java.lang.NoSuchMethodError: 'void org.springframework.web.method.ControllerAdviceBean.<init>(java.lang.Object)'] with root cause
java.lang.NoSuchMethodError: 'void org.springframework.web.method.ControllerAdviceBean.<init>(java.lang.Object)'
	at org.springdoc.core.service.GenericResponseService.lambda$getGenericMapResponse$8(GenericResponseService.java:700)
	at java.base/java.util.stream.ReferencePipeline$2$1.accept(ReferencePipeline.java:196)
	at java.base/java.util.Spliterators$ArraySpliterator.forEachRemaining(Spliterators.java:1024)
	at java.base/java.util.stream.AbstractPipeline.copyInto(AbstractPipeline.java:570)
	at java.base/java.util.stream.AbstractPipeline.wrapAndCopyInto(AbstractPipeline.java:560)
	at java.base/java.util.stream.AbstractPipeline.evaluate(AbstractPipeline.java:636)
	at java.base/java.util.stream.AbstractPipeline.evaluateToArrayNode(AbstractPipeline.java:291)
	at java.base/java.util.stream.ReferencePipeline.toArray(ReferencePipeline.java:656)
	at java.base/java.util.stream.ReferencePipeline.toArray(ReferencePipeline.java:662)
	at java.base/java.util.stream.ReferencePipeline.toList(ReferencePipeline.java:667)
	at org.springdoc.core.service.GenericResponseService.getGenericMapResponse(GenericResponseService.java:702)
	at org.springdoc.core.service.GenericResponseService.build(GenericResponseService.java:245)
	at org.springdoc.api.AbstractOpenApiResource.calculatePath(AbstractOpenApiResource.java:496)
	at org.springdoc.api.AbstractOpenApiResource.calculatePath(AbstractOpenApiResource.java:673)
	at org.springdoc.webmvc.api.OpenApiResource.lambda$calculatePath$11(OpenApiResource.java:219)
	at java.base/java.util.Optional.ifPresent(Optional.java:178)
	at org.springdoc.webmvc.api.OpenApiResource.calculatePath(OpenApiResource.java:200)
	at org.springdoc.webmvc.api.OpenApiResource.lambda$getPaths$2(OpenApiResource.java:170)
	at java.base/java.util.Optional.ifPresent(Optional.java:178)
	at org.springdoc.webmvc.api.OpenApiResource.getPaths(OpenApiResource.java:149)
	at org.springdoc.api.AbstractOpenApiResource.getOpenApi(AbstractOpenApiResource.java:350)
	at org.springdoc.webmvc.api.OpenApiResource.openapiJson(OpenApiResource.java:124)
	at org.springdoc.webmvc.api.OpenApiWebMvcResource.openapiJson(OpenApiWebMvcResource.java:111)
	at java.base/jdk.internal.reflect.DirectMethodHandleAccessor.invoke(DirectMethodHandleAccessor.java:103)
	at java.base/java.lang.reflect.Method.invoke(Method.java:580)
	at org.springframework.web.method.support.InvocableHandlerMethod.doInvoke(InvocableHandlerMethod.java:257)
	at org.springframework.web.method.support.InvocableHandlerMethod.invokeForRequest(InvocableHandlerMethod.java:190)
	at org.springframework.web.servlet.mvc.method.annotation.ServletInvocableHandlerMethod.invokeAndHandle(ServletInvocableHandlerMethod.java:118)
	at org.springframework.web.servlet.mvc.method.annotation.RequestMappingHandlerAdapter.invokeHandlerMethod(RequestMappingHandlerAdapter.java:986)
	at org.springframework.web.servlet.mvc.method.annotation.RequestMappingHandlerAdapter.handleInternal(RequestMappingHandlerAdapter.java:891)
	at org.springframework.web.servlet.mvc.method.AbstractHandlerMethodAdapter.handle(AbstractHandlerMethodAdapter.java:87)
	at org.springframework.web.servlet.DispatcherServlet.doDispatch(DispatcherServlet.java:1088)
	at org.springframework.web.servlet.DispatcherServlet.doService(DispatcherServlet.java:978)
	at org.springframework.web.servlet.FrameworkServlet.processRequest(FrameworkServlet.java:1014)
	at org.springframework.web.servlet.FrameworkServlet.doGet(FrameworkServlet.java:903)
	at jakarta.servlet.http.HttpServlet.service(HttpServlet.java:564)
	at org.springframework.web.servlet.FrameworkServlet.service(FrameworkServlet.java:885)
	at jakarta.servlet.http.HttpServlet.service(HttpServlet.java:658)
	at org.apache.catalina.core.ApplicationFilterChain.internalDoFilter(ApplicationFilterChain.java:195)
	at org.apache.catalina.core.ApplicationFilterChain.doFilter(ApplicationFilterChain.java:140)
	at org.apache.tomcat.websocket.server.WsFilter.doFilter(WsFilter.java:51)
	at org.apache.catalina.core.ApplicationFilterChain.internalDoFilter(ApplicationFilterChain.java:164)
	at org.apache.catalina.core.ApplicationFilterChain.doFilter(ApplicationFilterChain.java:140)
	at org.springframework.web.filter.OncePerRequestFilter.doFilter(OncePerRequestFilter.java:101)
	at org.apache.catalina.core.ApplicationFilterChain.internalDoFilter(ApplicationFilterChain.java:164)
	at org.apache.catalina.core.ApplicationFilterChain.doFilter(ApplicationFilterChain.java:140)
	at org.springframework.web.filter.CompositeFilter$VirtualFilterChain.doFilter(CompositeFilter.java:108)
	at org.springframework.security.web.FilterChainProxy.lambda$doFilterInternal$3(FilterChainProxy.java:231)
	at org.springframework.security.web.FilterChainProxy$VirtualFilterChain.doFilter(FilterChainProxy.java:365)
	at org.springframework.security.web.access.intercept.AuthorizationFilter.doFilter(AuthorizationFilter.java:101)
	at org.springframework.security.web.FilterChainProxy$VirtualFilterChain.doFilter(FilterChainProxy.java:374)
	at org.springframework.security.web.access.ExceptionTranslationFilter.doFilter(ExceptionTranslationFilter.java:126)
	at org.springframework.security.web.access.ExceptionTranslationFilter.doFilter(ExceptionTranslationFilter.java:120)
	at org.springframework.security.web.FilterChainProxy$VirtualFilterChain.doFilter(FilterChainProxy.java:374)
	at org.springframework.security.web.authentication.AnonymousAuthenticationFilter.doFilter(AnonymousAuthenticationFilter.java:100)
	at org.springframework.security.web.FilterChainProxy$VirtualFilterChain.doFilter(FilterChainProxy.java:374)
	at org.springframework.security.web.servletapi.SecurityContextHolderAwareRequestFilter.doFilter(SecurityContextHolderAwareRequestFilter.java:179)
	at org.springframework.security.web.FilterChainProxy$VirtualFilterChain.doFilter(FilterChainProxy.java:374)
	at org.springframework.security.web.savedrequest.RequestCacheAwareFilter.doFilter(RequestCacheAwareFilter.java:63)
	at org.springframework.security.web.FilterChainProxy$VirtualFilterChain.doFilter(FilterChainProxy.java:374)
	at org.springframework.web.filter.OncePerRequestFilter.doFilter(OncePerRequestFilter.java:101)
	at org.springframework.security.web.FilterChainProxy$VirtualFilterChain.doFilter(FilterChainProxy.java:374)
	at org.springframework.security.web.authentication.logout.LogoutFilter.doFilter(LogoutFilter.java:107)
	at org.springframework.security.web.authentication.logout.LogoutFilter.doFilter(LogoutFilter.java:93)
	at org.springframework.security.web.FilterChainProxy$VirtualFilterChain.doFilter(FilterChainProxy.java:374)
	at org.springframework.security.web.header.HeaderWriterFilter.doHeadersAfter(HeaderWriterFilter.java:90)
	at org.springframework.security.web.header.HeaderWriterFilter.doFilterInternal(HeaderWriterFilter.java:75)
	at org.springframework.web.filter.OncePerRequestFilter.doFilter(OncePerRequestFilter.java:116)
	at org.springframework.security.web.FilterChainProxy$VirtualFilterChain.doFilter(FilterChainProxy.java:374)
	at org.springframework.security.web.context.SecurityContextHolderFilter.doFilter(SecurityContextHolderFilter.java:82)
	at org.springframework.security.web.context.SecurityContextHolderFilter.doFilter(SecurityContextHolderFilter.java:69)
	at org.springframework.security.web.FilterChainProxy$VirtualFilterChain.doFilter(FilterChainProxy.java:374)
	at org.springframework.security.web.context.request.async.WebAsyncManagerIntegrationFilter.doFilterInternal(WebAsyncManagerIntegrationFilter.java:62)
	at org.springframework.web.filter.OncePerRequestFilter.doFilter(OncePerRequestFilter.java:116)
	at org.springframework.security.web.FilterChainProxy$VirtualFilterChain.doFilter(FilterChainProxy.java:374)
	at org.springframework.security.web.session.DisableEncodeUrlFilter.doFilterInternal(DisableEncodeUrlFilter.java:42)
	at org.springframework.web.filter.OncePerRequestFilter.doFilter(OncePerRequestFilter.java:116)
	at org.springframework.security.web.FilterChainProxy$VirtualFilterChain.doFilter(FilterChainProxy.java:374)
	at org.springframework.security.web.FilterChainProxy.doFilterInternal(FilterChainProxy.java:233)
	at org.springframework.security.web.FilterChainProxy.doFilter(FilterChainProxy.java:191)
	at org.springframework.web.filter.CompositeFilter$VirtualFilterChain.doFilter(CompositeFilter.java:113)
	at org.springframework.web.servlet.handler.HandlerMappingIntrospector.lambda$createCacheFilter$3(HandlerMappingIntrospector.java:243)
	at org.springframework.web.filter.CompositeFilter$VirtualFilterChain.doFilter(CompositeFilter.java:113)
	at org.springframework.web.filter.CompositeFilter.doFilter(CompositeFilter.java:74)
	at org.springframework.security.config.annotation.web.configuration.WebMvcSecurityConfiguration$CompositeFilterChainProxy.doFilter(WebMvcSecurityConfiguration.java:238)
	at org.springframework.web.filter.DelegatingFilterProxy.invokeDelegate(DelegatingFilterProxy.java:362)
	at org.springframework.web.filter.DelegatingFilterProxy.doFilter(DelegatingFilterProxy.java:278)
	at org.apache.catalina.core.ApplicationFilterChain.internalDoFilter(ApplicationFilterChain.java:164)
	at org.apache.catalina.core.ApplicationFilterChain.doFilter(ApplicationFilterChain.java:140)
	at org.springframework.web.filter.RequestContextFilter.doFilterInternal(RequestContextFilter.java:100)
	at org.springframework.web.filter.OncePerRequestFilter.doFilter(OncePerRequestFilter.java:116)
	at org.apache.catalina.core.ApplicationFilterChain.internalDoFilter(ApplicationFilterChain.java:164)
	at org.apache.catalina.core.ApplicationFilterChain.doFilter(ApplicationFilterChain.java:140)
	at org.springframework.web.filter.FormContentFilter.doFilterInternal(FormContentFilter.java:93)
	at org.springframework.web.filter.OncePerRequestFilter.doFilter(OncePerRequestFilter.java:116)
	at org.apache.catalina.core.ApplicationFilterChain.internalDoFilter(ApplicationFilterChain.java:164)
	at org.apache.catalina.core.ApplicationFilterChain.doFilter(ApplicationFilterChain.java:140)
	at org.springframework.web.filter.CharacterEncodingFilter.doFilterInternal(CharacterEncodingFilter.java:201)
	at org.springframework.web.filter.OncePerRequestFilter.doFilter(OncePerRequestFilter.java:116)
	at org.apache.catalina.core.ApplicationFilterChain.internalDoFilter(ApplicationFilterChain.java:164)
	at org.apache.catalina.core.ApplicationFilterChain.doFilter(ApplicationFilterChain.java:140)
	at org.apache.catalina.core.StandardWrapperValve.invoke(StandardWrapperValve.java:167)
	at org.apache.catalina.core.StandardContextValve.invoke(StandardContextValve.java:90)
	at org.apache.catalina.authenticator.AuthenticatorBase.invoke(AuthenticatorBase.java:483)
	at org.apache.catalina.core.StandardHostValve.invoke(StandardHostValve.java:115)
	at org.apache.catalina.valves.ErrorReportValve.invoke(ErrorReportValve.java:93)
	at org.apache.catalina.core.StandardEngineValve.invoke(StandardEngineValve.java:74)
	at org.apache.catalina.connector.CoyoteAdapter.service(CoyoteAdapter.java:344)
	at org.apache.coyote.http11.Http11Processor.service(Http11Processor.java:397)
	at org.apache.coyote.AbstractProcessorLight.process(AbstractProcessorLight.java:63)
	at org.apache.coyote.AbstractProtocol$ConnectionHandler.process(AbstractProtocol.java:905)
	at org.apache.tomcat.util.net.NioEndpoint$SocketProcessor.doRun(NioEndpoint.java:1741)
	at org.apache.tomcat.util.net.SocketProcessorBase.run(SocketProcessorBase.java:52)
	at org.apache.tomcat.util.threads.ThreadPoolExecutor.runWorker(ThreadPoolExecutor.java:1190)
	at org.apache.tomcat.util.threads.ThreadPoolExecutor$Worker.run(ThreadPoolExecutor.java:659)
	at org.apache.tomcat.util.threads.TaskThread$WrappingRunnable.run(TaskThread.java:63)
	at java.base/java.lang.Thread.run(Thread.java:1575)
19 Feb 2025 - 18:36:51.566 - o.a.c.c.C.[.[.[.[dispatcherServlet] -  ERROR - Servlet.service() for servlet [dispatcherServlet] in context with path [] threw exception [Handler dispatch failed: java.lang.NoSuchMethodError: 'void org.springframework.web.method.ControllerAdviceBean.<init>(java.lang.Object)'] with root cause
java.lang.NoSuchMethodError: 'void org.springframework.web.method.ControllerAdviceBean.<init>(java.lang.Object)'
	at org.springdoc.core.service.GenericResponseService.lambda$getGenericMapResponse$8(GenericResponseService.java:700)
	at java.base/java.util.stream.ReferencePipeline$2$1.accept(ReferencePipeline.java:196)
	at java.base/java.util.Spliterators$ArraySpliterator.forEachRemaining(Spliterators.java:1024)
	at java.base/java.util.stream.AbstractPipeline.copyInto(AbstractPipeline.java:570)
	at java.base/java.util.stream.AbstractPipeline.wrapAndCopyInto(AbstractPipeline.java:560)
	at java.base/java.util.stream.AbstractPipeline.evaluate(AbstractPipeline.java:636)
	at java.base/java.util.stream.AbstractPipeline.evaluateToArrayNode(AbstractPipeline.java:291)
	at java.base/java.util.stream.ReferencePipeline.toArray(ReferencePipeline.java:656)
	at java.base/java.util.stream.ReferencePipeline.toArray(ReferencePipeline.java:662)
	at java.base/java.util.stream.ReferencePipeline.toList(ReferencePipeline.java:667)
	at org.springdoc.core.service.GenericResponseService.getGenericMapResponse(GenericResponseService.java:702)
	at org.springdoc.core.service.GenericResponseService.build(GenericResponseService.java:245)
	at org.springdoc.api.AbstractOpenApiResource.calculatePath(AbstractOpenApiResource.java:496)
	at org.springdoc.api.AbstractOpenApiResource.calculatePath(AbstractOpenApiResource.java:673)
	at org.springdoc.webmvc.api.OpenApiResource.lambda$calculatePath$11(OpenApiResource.java:219)
	at java.base/java.util.Optional.ifPresent(Optional.java:178)
	at org.springdoc.webmvc.api.OpenApiResource.calculatePath(OpenApiResource.java:200)
	at org.springdoc.webmvc.api.OpenApiResource.lambda$getPaths$2(OpenApiResource.java:170)
	at java.base/java.util.Optional.ifPresent(Optional.java:178)
	at org.springdoc.webmvc.api.OpenApiResource.getPaths(OpenApiResource.java:149)
	at org.springdoc.api.AbstractOpenApiResource.getOpenApi(AbstractOpenApiResource.java:350)
	at org.springdoc.webmvc.api.OpenApiResource.openapiJson(OpenApiResource.java:124)
	at org.springdoc.webmvc.api.OpenApiWebMvcResource.openapiJson(OpenApiWebMvcResource.java:111)
	at java.base/jdk.internal.reflect.DirectMethodHandleAccessor.invoke(DirectMethodHandleAccessor.java:103)
	at java.base/java.lang.reflect.Method.invoke(Method.java:580)
	at org.springframework.web.method.support.InvocableHandlerMethod.doInvoke(InvocableHandlerMethod.java:257)
	at org.springframework.web.method.support.InvocableHandlerMethod.invokeForRequest(InvocableHandlerMethod.java:190)
	at org.springframework.web.servlet.mvc.method.annotation.ServletInvocableHandlerMethod.invokeAndHandle(ServletInvocableHandlerMethod.java:118)
	at org.springframework.web.servlet.mvc.method.annotation.RequestMappingHandlerAdapter.invokeHandlerMethod(RequestMappingHandlerAdapter.java:986)
	at org.springframework.web.servlet.mvc.method.annotation.RequestMappingHandlerAdapter.handleInternal(RequestMappingHandlerAdapter.java:891)
	at org.springframework.web.servlet.mvc.method.AbstractHandlerMethodAdapter.handle(AbstractHandlerMethodAdapter.java:87)
	at org.springframework.web.servlet.DispatcherServlet.doDispatch(DispatcherServlet.java:1088)
	at org.springframework.web.servlet.DispatcherServlet.doService(DispatcherServlet.java:978)
	at org.springframework.web.servlet.FrameworkServlet.processRequest(FrameworkServlet.java:1014)
	at org.springframework.web.servlet.FrameworkServlet.doGet(FrameworkServlet.java:903)
	at jakarta.servlet.http.HttpServlet.service(HttpServlet.java:564)
	at org.springframework.web.servlet.FrameworkServlet.service(FrameworkServlet.java:885)
	at jakarta.servlet.http.HttpServlet.service(HttpServlet.java:658)
	at org.apache.catalina.core.ApplicationFilterChain.internalDoFilter(ApplicationFilterChain.java:195)
	at org.apache.catalina.core.ApplicationFilterChain.doFilter(ApplicationFilterChain.java:140)
	at org.apache.tomcat.websocket.server.WsFilter.doFilter(WsFilter.java:51)
	at org.apache.catalina.core.ApplicationFilterChain.internalDoFilter(ApplicationFilterChain.java:164)
	at org.apache.catalina.core.ApplicationFilterChain.doFilter(ApplicationFilterChain.java:140)
	at org.springframework.web.filter.OncePerRequestFilter.doFilter(OncePerRequestFilter.java:101)
	at org.apache.catalina.core.ApplicationFilterChain.internalDoFilter(ApplicationFilterChain.java:164)
	at org.apache.catalina.core.ApplicationFilterChain.doFilter(ApplicationFilterChain.java:140)
	at org.springframework.web.filter.CompositeFilter$VirtualFilterChain.doFilter(CompositeFilter.java:108)
	at org.springframework.security.web.FilterChainProxy.lambda$doFilterInternal$3(FilterChainProxy.java:231)
	at org.springframework.security.web.FilterChainProxy$VirtualFilterChain.doFilter(FilterChainProxy.java:365)
	at org.springframework.security.web.access.intercept.AuthorizationFilter.doFilter(AuthorizationFilter.java:101)
	at org.springframework.security.web.FilterChainProxy$VirtualFilterChain.doFilter(FilterChainProxy.java:374)
	at org.springframework.security.web.access.ExceptionTranslationFilter.doFilter(ExceptionTranslationFilter.java:126)
	at org.springframework.security.web.access.ExceptionTranslationFilter.doFilter(ExceptionTranslationFilter.java:120)
	at org.springframework.security.web.FilterChainProxy$VirtualFilterChain.doFilter(FilterChainProxy.java:374)
	at org.springframework.security.web.authentication.AnonymousAuthenticationFilter.doFilter(AnonymousAuthenticationFilter.java:100)
	at org.springframework.security.web.FilterChainProxy$VirtualFilterChain.doFilter(FilterChainProxy.java:374)
	at org.springframework.security.web.servletapi.SecurityContextHolderAwareRequestFilter.doFilter(SecurityContextHolderAwareRequestFilter.java:179)
	at org.springframework.security.web.FilterChainProxy$VirtualFilterChain.doFilter(FilterChainProxy.java:374)
	at org.springframework.security.web.savedrequest.RequestCacheAwareFilter.doFilter(RequestCacheAwareFilter.java:63)
	at org.springframework.security.web.FilterChainProxy$VirtualFilterChain.doFilter(FilterChainProxy.java:374)
	at org.springframework.web.filter.OncePerRequestFilter.doFilter(OncePerRequestFilter.java:101)
	at org.springframework.security.web.FilterChainProxy$VirtualFilterChain.doFilter(FilterChainProxy.java:374)
	at org.springframework.security.web.authentication.logout.LogoutFilter.doFilter(LogoutFilter.java:107)
	at org.springframework.security.web.authentication.logout.LogoutFilter.doFilter(LogoutFilter.java:93)
	at org.springframework.security.web.FilterChainProxy$VirtualFilterChain.doFilter(FilterChainProxy.java:374)
	at org.springframework.security.web.header.HeaderWriterFilter.doHeadersAfter(HeaderWriterFilter.java:90)
	at org.springframework.security.web.header.HeaderWriterFilter.doFilterInternal(HeaderWriterFilter.java:75)
	at org.springframework.web.filter.OncePerRequestFilter.doFilter(OncePerRequestFilter.java:116)
	at org.springframework.security.web.FilterChainProxy$VirtualFilterChain.doFilter(FilterChainProxy.java:374)
	at org.springframework.security.web.context.SecurityContextHolderFilter.doFilter(SecurityContextHolderFilter.java:82)
	at org.springframework.security.web.context.SecurityContextHolderFilter.doFilter(SecurityContextHolderFilter.java:69)
	at org.springframework.security.web.FilterChainProxy$VirtualFilterChain.doFilter(FilterChainProxy.java:374)
	at org.springframework.security.web.context.request.async.WebAsyncManagerIntegrationFilter.doFilterInternal(WebAsyncManagerIntegrationFilter.java:62)
	at org.springframework.web.filter.OncePerRequestFilter.doFilter(OncePerRequestFilter.java:116)
	at org.springframework.security.web.FilterChainProxy$VirtualFilterChain.doFilter(FilterChainProxy.java:374)
	at org.springframework.security.web.session.DisableEncodeUrlFilter.doFilterInternal(DisableEncodeUrlFilter.java:42)
	at org.springframework.web.filter.OncePerRequestFilter.doFilter(OncePerRequestFilter.java:116)
	at org.springframework.security.web.FilterChainProxy$VirtualFilterChain.doFilter(FilterChainProxy.java:374)
	at org.springframework.security.web.FilterChainProxy.doFilterInternal(FilterChainProxy.java:233)
	at org.springframework.security.web.FilterChainProxy.doFilter(FilterChainProxy.java:191)
	at org.springframework.web.filter.CompositeFilter$VirtualFilterChain.doFilter(CompositeFilter.java:113)
	at org.springframework.web.servlet.handler.HandlerMappingIntrospector.lambda$createCacheFilter$3(HandlerMappingIntrospector.java:243)
	at org.springframework.web.filter.CompositeFilter$VirtualFilterChain.doFilter(CompositeFilter.java:113)
	at org.springframework.web.filter.CompositeFilter.doFilter(CompositeFilter.java:74)
	at org.springframework.security.config.annotation.web.configuration.WebMvcSecurityConfiguration$CompositeFilterChainProxy.doFilter(WebMvcSecurityConfiguration.java:238)
	at org.springframework.web.filter.DelegatingFilterProxy.invokeDelegate(DelegatingFilterProxy.java:362)
	at org.springframework.web.filter.DelegatingFilterProxy.doFilter(DelegatingFilterProxy.java:278)
	at org.apache.catalina.core.ApplicationFilterChain.internalDoFilter(ApplicationFilterChain.java:164)
	at org.apache.catalina.core.ApplicationFilterChain.doFilter(ApplicationFilterChain.java:140)
	at org.springframework.web.filter.RequestContextFilter.doFilterInternal(RequestContextFilter.java:100)
	at org.springframework.web.filter.OncePerRequestFilter.doFilter(OncePerRequestFilter.java:116)
	at org.apache.catalina.core.ApplicationFilterChain.internalDoFilter(ApplicationFilterChain.java:164)
	at org.apache.catalina.core.ApplicationFilterChain.doFilter(ApplicationFilterChain.java:140)
	at org.springframework.web.filter.FormContentFilter.doFilterInternal(FormContentFilter.java:93)
	at org.springframework.web.filter.OncePerRequestFilter.doFilter(OncePerRequestFilter.java:116)
	at org.apache.catalina.core.ApplicationFilterChain.internalDoFilter(ApplicationFilterChain.java:164)
	at org.apache.catalina.core.ApplicationFilterChain.doFilter(ApplicationFilterChain.java:140)
	at org.springframework.web.filter.CharacterEncodingFilter.doFilterInternal(CharacterEncodingFilter.java:201)
	at org.springframework.web.filter.OncePerRequestFilter.doFilter(OncePerRequestFilter.java:116)
	at org.apache.catalina.core.ApplicationFilterChain.internalDoFilter(ApplicationFilterChain.java:164)
	at org.apache.catalina.core.ApplicationFilterChain.doFilter(ApplicationFilterChain.java:140)
	at org.apache.catalina.core.StandardWrapperValve.invoke(StandardWrapperValve.java:167)
	at org.apache.catalina.core.StandardContextValve.invoke(StandardContextValve.java:90)
	at org.apache.catalina.authenticator.AuthenticatorBase.invoke(AuthenticatorBase.java:483)
	at org.apache.catalina.core.StandardHostValve.invoke(StandardHostValve.java:115)
	at org.apache.catalina.valves.ErrorReportValve.invoke(ErrorReportValve.java:93)
	at org.apache.catalina.core.StandardEngineValve.invoke(StandardEngineValve.java:74)
	at org.apache.catalina.connector.CoyoteAdapter.service(CoyoteAdapter.java:344)
	at org.apache.coyote.http11.Http11Processor.service(Http11Processor.java:397)
	at org.apache.coyote.AbstractProcessorLight.process(AbstractProcessorLight.java:63)
	at org.apache.coyote.AbstractProtocol$ConnectionHandler.process(AbstractProtocol.java:905)
	at org.apache.tomcat.util.net.NioEndpoint$SocketProcessor.doRun(NioEndpoint.java:1741)
	at org.apache.tomcat.util.net.SocketProcessorBase.run(SocketProcessorBase.java:52)
	at org.apache.tomcat.util.threads.ThreadPoolExecutor.runWorker(ThreadPoolExecutor.java:1190)
	at org.apache.tomcat.util.threads.ThreadPoolExecutor$Worker.run(ThreadPoolExecutor.java:659)
	at org.apache.tomcat.util.threads.TaskThread$WrappingRunnable.run(TaskThread.java:63)
	at java.base/java.lang.Thread.run(Thread.java:1575)
19 Feb 2025 - 18:37:02.513 - o.a.c.c.C.[.[.[.[dispatcherServlet] -  ERROR - Servlet.service() for servlet [dispatcherServlet] in context with path [] threw exception [Handler dispatch failed: java.lang.NoSuchMethodError: 'void org.springframework.web.method.ControllerAdviceBean.<init>(java.lang.Object)'] with root cause
java.lang.NoSuchMethodError: 'void org.springframework.web.method.ControllerAdviceBean.<init>(java.lang.Object)'
	at org.springdoc.core.service.GenericResponseService.lambda$getGenericMapResponse$8(GenericResponseService.java:700)
	at java.base/java.util.stream.ReferencePipeline$2$1.accept(ReferencePipeline.java:196)
	at java.base/java.util.Spliterators$ArraySpliterator.forEachRemaining(Spliterators.java:1024)
	at java.base/java.util.stream.AbstractPipeline.copyInto(AbstractPipeline.java:570)
	at java.base/java.util.stream.AbstractPipeline.wrapAndCopyInto(AbstractPipeline.java:560)
	at java.base/java.util.stream.AbstractPipeline.evaluate(AbstractPipeline.java:636)
	at java.base/java.util.stream.AbstractPipeline.evaluateToArrayNode(AbstractPipeline.java:291)
	at java.base/java.util.stream.ReferencePipeline.toArray(ReferencePipeline.java:656)
	at java.base/java.util.stream.ReferencePipeline.toArray(ReferencePipeline.java:662)
	at java.base/java.util.stream.ReferencePipeline.toList(ReferencePipeline.java:667)
	at org.springdoc.core.service.GenericResponseService.getGenericMapResponse(GenericResponseService.java:702)
	at org.springdoc.core.service.GenericResponseService.build(GenericResponseService.java:245)
	at org.springdoc.api.AbstractOpenApiResource.calculatePath(AbstractOpenApiResource.java:496)
	at org.springdoc.api.AbstractOpenApiResource.calculatePath(AbstractOpenApiResource.java:673)
	at org.springdoc.webmvc.api.OpenApiResource.lambda$calculatePath$11(OpenApiResource.java:219)
	at java.base/java.util.Optional.ifPresent(Optional.java:178)
	at org.springdoc.webmvc.api.OpenApiResource.calculatePath(OpenApiResource.java:200)
	at org.springdoc.webmvc.api.OpenApiResource.lambda$getPaths$2(OpenApiResource.java:170)
	at java.base/java.util.Optional.ifPresent(Optional.java:178)
	at org.springdoc.webmvc.api.OpenApiResource.getPaths(OpenApiResource.java:149)
	at org.springdoc.api.AbstractOpenApiResource.getOpenApi(AbstractOpenApiResource.java:350)
	at org.springdoc.webmvc.api.OpenApiResource.openapiJson(OpenApiResource.java:124)
	at org.springdoc.webmvc.api.OpenApiWebMvcResource.openapiJson(OpenApiWebMvcResource.java:111)
	at java.base/jdk.internal.reflect.DirectMethodHandleAccessor.invoke(DirectMethodHandleAccessor.java:103)
	at java.base/java.lang.reflect.Method.invoke(Method.java:580)
	at org.springframework.web.method.support.InvocableHandlerMethod.doInvoke(InvocableHandlerMethod.java:257)
	at org.springframework.web.method.support.InvocableHandlerMethod.invokeForRequest(InvocableHandlerMethod.java:190)
	at org.springframework.web.servlet.mvc.method.annotation.ServletInvocableHandlerMethod.invokeAndHandle(ServletInvocableHandlerMethod.java:118)
	at org.springframework.web.servlet.mvc.method.annotation.RequestMappingHandlerAdapter.invokeHandlerMethod(RequestMappingHandlerAdapter.java:986)
	at org.springframework.web.servlet.mvc.method.annotation.RequestMappingHandlerAdapter.handleInternal(RequestMappingHandlerAdapter.java:891)
	at org.springframework.web.servlet.mvc.method.AbstractHandlerMethodAdapter.handle(AbstractHandlerMethodAdapter.java:87)
	at org.springframework.web.servlet.DispatcherServlet.doDispatch(DispatcherServlet.java:1088)
	at org.springframework.web.servlet.DispatcherServlet.doService(DispatcherServlet.java:978)
	at org.springframework.web.servlet.FrameworkServlet.processRequest(FrameworkServlet.java:1014)
	at org.springframework.web.servlet.FrameworkServlet.doGet(FrameworkServlet.java:903)
	at jakarta.servlet.http.HttpServlet.service(HttpServlet.java:564)
	at org.springframework.web.servlet.FrameworkServlet.service(FrameworkServlet.java:885)
	at jakarta.servlet.http.HttpServlet.service(HttpServlet.java:658)
	at org.apache.catalina.core.ApplicationFilterChain.internalDoFilter(ApplicationFilterChain.java:195)
	at org.apache.catalina.core.ApplicationFilterChain.doFilter(ApplicationFilterChain.java:140)
	at org.apache.tomcat.websocket.server.WsFilter.doFilter(WsFilter.java:51)
	at org.apache.catalina.core.ApplicationFilterChain.internalDoFilter(ApplicationFilterChain.java:164)
	at org.apache.catalina.core.ApplicationFilterChain.doFilter(ApplicationFilterChain.java:140)
	at org.springframework.web.filter.OncePerRequestFilter.doFilter(OncePerRequestFilter.java:101)
	at org.apache.catalina.core.ApplicationFilterChain.internalDoFilter(ApplicationFilterChain.java:164)
	at org.apache.catalina.core.ApplicationFilterChain.doFilter(ApplicationFilterChain.java:140)
	at org.springframework.web.filter.CompositeFilter$VirtualFilterChain.doFilter(CompositeFilter.java:108)
	at org.springframework.security.web.FilterChainProxy.lambda$doFilterInternal$3(FilterChainProxy.java:231)
	at org.springframework.security.web.FilterChainProxy$VirtualFilterChain.doFilter(FilterChainProxy.java:365)
	at org.springframework.security.web.access.intercept.AuthorizationFilter.doFilter(AuthorizationFilter.java:101)
	at org.springframework.security.web.FilterChainProxy$VirtualFilterChain.doFilter(FilterChainProxy.java:374)
	at org.springframework.security.web.access.ExceptionTranslationFilter.doFilter(ExceptionTranslationFilter.java:126)
	at org.springframework.security.web.access.ExceptionTranslationFilter.doFilter(ExceptionTranslationFilter.java:120)
	at org.springframework.security.web.FilterChainProxy$VirtualFilterChain.doFilter(FilterChainProxy.java:374)
	at org.springframework.security.web.authentication.AnonymousAuthenticationFilter.doFilter(AnonymousAuthenticationFilter.java:100)
	at org.springframework.security.web.FilterChainProxy$VirtualFilterChain.doFilter(FilterChainProxy.java:374)
	at org.springframework.security.web.servletapi.SecurityContextHolderAwareRequestFilter.doFilter(SecurityContextHolderAwareRequestFilter.java:179)
	at org.springframework.security.web.FilterChainProxy$VirtualFilterChain.doFilter(FilterChainProxy.java:374)
	at org.springframework.security.web.savedrequest.RequestCacheAwareFilter.doFilter(RequestCacheAwareFilter.java:63)
	at org.springframework.security.web.FilterChainProxy$VirtualFilterChain.doFilter(FilterChainProxy.java:374)
	at org.springframework.web.filter.OncePerRequestFilter.doFilter(OncePerRequestFilter.java:101)
	at org.springframework.security.web.FilterChainProxy$VirtualFilterChain.doFilter(FilterChainProxy.java:374)
	at org.springframework.security.web.authentication.logout.LogoutFilter.doFilter(LogoutFilter.java:107)
	at org.springframework.security.web.authentication.logout.LogoutFilter.doFilter(LogoutFilter.java:93)
	at org.springframework.security.web.FilterChainProxy$VirtualFilterChain.doFilter(FilterChainProxy.java:374)
	at org.springframework.security.web.header.HeaderWriterFilter.doHeadersAfter(HeaderWriterFilter.java:90)
	at org.springframework.security.web.header.HeaderWriterFilter.doFilterInternal(HeaderWriterFilter.java:75)
	at org.springframework.web.filter.OncePerRequestFilter.doFilter(OncePerRequestFilter.java:116)
	at org.springframework.security.web.FilterChainProxy$VirtualFilterChain.doFilter(FilterChainProxy.java:374)
	at org.springframework.security.web.context.SecurityContextHolderFilter.doFilter(SecurityContextHolderFilter.java:82)
	at org.springframework.security.web.context.SecurityContextHolderFilter.doFilter(SecurityContextHolderFilter.java:69)
	at org.springframework.security.web.FilterChainProxy$VirtualFilterChain.doFilter(FilterChainProxy.java:374)
	at org.springframework.security.web.context.request.async.WebAsyncManagerIntegrationFilter.doFilterInternal(WebAsyncManagerIntegrationFilter.java:62)
	at org.springframework.web.filter.OncePerRequestFilter.doFilter(OncePerRequestFilter.java:116)
	at org.springframework.security.web.FilterChainProxy$VirtualFilterChain.doFilter(FilterChainProxy.java:374)
	at org.springframework.security.web.session.DisableEncodeUrlFilter.doFilterInternal(DisableEncodeUrlFilter.java:42)
	at org.springframework.web.filter.OncePerRequestFilter.doFilter(OncePerRequestFilter.java:116)
	at org.springframework.security.web.FilterChainProxy$VirtualFilterChain.doFilter(FilterChainProxy.java:374)
	at org.springframework.security.web.FilterChainProxy.doFilterInternal(FilterChainProxy.java:233)
	at org.springframework.security.web.FilterChainProxy.doFilter(FilterChainProxy.java:191)
	at org.springframework.web.filter.CompositeFilter$VirtualFilterChain.doFilter(CompositeFilter.java:113)
	at org.springframework.web.servlet.handler.HandlerMappingIntrospector.lambda$createCacheFilter$3(HandlerMappingIntrospector.java:243)
	at org.springframework.web.filter.CompositeFilter$VirtualFilterChain.doFilter(CompositeFilter.java:113)
	at org.springframework.web.filter.CompositeFilter.doFilter(CompositeFilter.java:74)
	at org.springframework.security.config.annotation.web.configuration.WebMvcSecurityConfiguration$CompositeFilterChainProxy.doFilter(WebMvcSecurityConfiguration.java:238)
	at org.springframework.web.filter.DelegatingFilterProxy.invokeDelegate(DelegatingFilterProxy.java:362)
	at org.springframework.web.filter.DelegatingFilterProxy.doFilter(DelegatingFilterProxy.java:278)
	at org.apache.catalina.core.ApplicationFilterChain.internalDoFilter(ApplicationFilterChain.java:164)
	at org.apache.catalina.core.ApplicationFilterChain.doFilter(ApplicationFilterChain.java:140)
	at org.springframework.web.filter.RequestContextFilter.doFilterInternal(RequestContextFilter.java:100)
	at org.springframework.web.filter.OncePerRequestFilter.doFilter(OncePerRequestFilter.java:116)
	at org.apache.catalina.core.ApplicationFilterChain.internalDoFilter(ApplicationFilterChain.java:164)
	at org.apache.catalina.core.ApplicationFilterChain.doFilter(ApplicationFilterChain.java:140)
	at org.springframework.web.filter.FormContentFilter.doFilterInternal(FormContentFilter.java:93)
	at org.springframework.web.filter.OncePerRequestFilter.doFilter(OncePerRequestFilter.java:116)
	at org.apache.catalina.core.ApplicationFilterChain.internalDoFilter(ApplicationFilterChain.java:164)
	at org.apache.catalina.core.ApplicationFilterChain.doFilter(ApplicationFilterChain.java:140)
	at org.springframework.web.filter.CharacterEncodingFilter.doFilterInternal(CharacterEncodingFilter.java:201)
	at org.springframework.web.filter.OncePerRequestFilter.doFilter(OncePerRequestFilter.java:116)
	at org.apache.catalina.core.ApplicationFilterChain.internalDoFilter(ApplicationFilterChain.java:164)
	at org.apache.catalina.core.ApplicationFilterChain.doFilter(ApplicationFilterChain.java:140)
	at org.apache.catalina.core.StandardWrapperValve.invoke(StandardWrapperValve.java:167)
	at org.apache.catalina.core.StandardContextValve.invoke(StandardContextValve.java:90)
	at org.apache.catalina.authenticator.AuthenticatorBase.invoke(AuthenticatorBase.java:483)
	at org.apache.catalina.core.StandardHostValve.invoke(StandardHostValve.java:115)
	at org.apache.catalina.valves.ErrorReportValve.invoke(ErrorReportValve.java:93)
	at org.apache.catalina.core.StandardEngineValve.invoke(StandardEngineValve.java:74)
	at org.apache.catalina.connector.CoyoteAdapter.service(CoyoteAdapter.java:344)
	at org.apache.coyote.http11.Http11Processor.service(Http11Processor.java:397)
	at org.apache.coyote.AbstractProcessorLight.process(AbstractProcessorLight.java:63)
	at org.apache.coyote.AbstractProtocol$ConnectionHandler.process(AbstractProtocol.java:905)
	at org.apache.tomcat.util.net.NioEndpoint$SocketProcessor.doRun(NioEndpoint.java:1741)
	at org.apache.tomcat.util.net.SocketProcessorBase.run(SocketProcessorBase.java:52)
	at org.apache.tomcat.util.threads.ThreadPoolExecutor.runWorker(ThreadPoolExecutor.java:1190)
	at org.apache.tomcat.util.threads.ThreadPoolExecutor$Worker.run(ThreadPoolExecutor.java:659)
	at org.apache.tomcat.util.threads.TaskThread$WrappingRunnable.run(TaskThread.java:63)
	at java.base/java.lang.Thread.run(Thread.java:1575)
19 Feb 2025 - 18:40:45.247 - o.a.c.c.C.[.[.[.[dispatcherServlet] -  ERROR - Servlet.service() for servlet [dispatcherServlet] in context with path [] threw exception [Handler dispatch failed: java.lang.NoSuchMethodError: 'void org.springframework.web.method.ControllerAdviceBean.<init>(java.lang.Object)'] with root cause
java.lang.NoSuchMethodError: 'void org.springframework.web.method.ControllerAdviceBean.<init>(java.lang.Object)'
	at org.springdoc.core.service.GenericResponseService.lambda$getGenericMapResponse$8(GenericResponseService.java:700)
	at java.base/java.util.stream.ReferencePipeline$2$1.accept(ReferencePipeline.java:196)
	at java.base/java.util.Spliterators$ArraySpliterator.forEachRemaining(Spliterators.java:1024)
	at java.base/java.util.stream.AbstractPipeline.copyInto(AbstractPipeline.java:570)
	at java.base/java.util.stream.AbstractPipeline.wrapAndCopyInto(AbstractPipeline.java:560)
	at java.base/java.util.stream.AbstractPipeline.evaluate(AbstractPipeline.java:636)
	at java.base/java.util.stream.AbstractPipeline.evaluateToArrayNode(AbstractPipeline.java:291)
	at java.base/java.util.stream.ReferencePipeline.toArray(ReferencePipeline.java:656)
	at java.base/java.util.stream.ReferencePipeline.toArray(ReferencePipeline.java:662)
	at java.base/java.util.stream.ReferencePipeline.toList(ReferencePipeline.java:667)
	at org.springdoc.core.service.GenericResponseService.getGenericMapResponse(GenericResponseService.java:702)
	at org.springdoc.core.service.GenericResponseService.build(GenericResponseService.java:245)
	at org.springdoc.api.AbstractOpenApiResource.calculatePath(AbstractOpenApiResource.java:496)
	at org.springdoc.api.AbstractOpenApiResource.calculatePath(AbstractOpenApiResource.java:673)
	at org.springdoc.webmvc.api.OpenApiResource.lambda$calculatePath$11(OpenApiResource.java:219)
	at java.base/java.util.Optional.ifPresent(Optional.java:178)
	at org.springdoc.webmvc.api.OpenApiResource.calculatePath(OpenApiResource.java:200)
	at org.springdoc.webmvc.api.OpenApiResource.lambda$getPaths$2(OpenApiResource.java:170)
	at java.base/java.util.Optional.ifPresent(Optional.java:178)
	at org.springdoc.webmvc.api.OpenApiResource.getPaths(OpenApiResource.java:149)
	at org.springdoc.api.AbstractOpenApiResource.getOpenApi(AbstractOpenApiResource.java:350)
	at org.springdoc.webmvc.api.OpenApiResource.openapiJson(OpenApiResource.java:124)
	at org.springdoc.webmvc.api.OpenApiWebMvcResource.openapiJson(OpenApiWebMvcResource.java:111)
	at java.base/jdk.internal.reflect.DirectMethodHandleAccessor.invoke(DirectMethodHandleAccessor.java:103)
	at java.base/java.lang.reflect.Method.invoke(Method.java:580)
	at org.springframework.web.method.support.InvocableHandlerMethod.doInvoke(InvocableHandlerMethod.java:257)
	at org.springframework.web.method.support.InvocableHandlerMethod.invokeForRequest(InvocableHandlerMethod.java:190)
	at org.springframework.web.servlet.mvc.method.annotation.ServletInvocableHandlerMethod.invokeAndHandle(ServletInvocableHandlerMethod.java:118)
	at org.springframework.web.servlet.mvc.method.annotation.RequestMappingHandlerAdapter.invokeHandlerMethod(RequestMappingHandlerAdapter.java:986)
	at org.springframework.web.servlet.mvc.method.annotation.RequestMappingHandlerAdapter.handleInternal(RequestMappingHandlerAdapter.java:891)
	at org.springframework.web.servlet.mvc.method.AbstractHandlerMethodAdapter.handle(AbstractHandlerMethodAdapter.java:87)
	at org.springframework.web.servlet.DispatcherServlet.doDispatch(DispatcherServlet.java:1088)
	at org.springframework.web.servlet.DispatcherServlet.doService(DispatcherServlet.java:978)
	at org.springframework.web.servlet.FrameworkServlet.processRequest(FrameworkServlet.java:1014)
	at org.springframework.web.servlet.FrameworkServlet.doGet(FrameworkServlet.java:903)
	at jakarta.servlet.http.HttpServlet.service(HttpServlet.java:564)
	at org.springframework.web.servlet.FrameworkServlet.service(FrameworkServlet.java:885)
	at jakarta.servlet.http.HttpServlet.service(HttpServlet.java:658)
	at org.apache.catalina.core.ApplicationFilterChain.internalDoFilter(ApplicationFilterChain.java:195)
	at org.apache.catalina.core.ApplicationFilterChain.doFilter(ApplicationFilterChain.java:140)
	at org.apache.tomcat.websocket.server.WsFilter.doFilter(WsFilter.java:51)
	at org.apache.catalina.core.ApplicationFilterChain.internalDoFilter(ApplicationFilterChain.java:164)
	at org.apache.catalina.core.ApplicationFilterChain.doFilter(ApplicationFilterChain.java:140)
	at org.springframework.web.filter.OncePerRequestFilter.doFilter(OncePerRequestFilter.java:101)
	at org.apache.catalina.core.ApplicationFilterChain.internalDoFilter(ApplicationFilterChain.java:164)
	at org.apache.catalina.core.ApplicationFilterChain.doFilter(ApplicationFilterChain.java:140)
	at org.springframework.web.filter.CompositeFilter$VirtualFilterChain.doFilter(CompositeFilter.java:108)
	at org.springframework.security.web.FilterChainProxy.lambda$doFilterInternal$3(FilterChainProxy.java:231)
	at org.springframework.security.web.FilterChainProxy$VirtualFilterChain.doFilter(FilterChainProxy.java:365)
	at org.springframework.security.web.access.intercept.AuthorizationFilter.doFilter(AuthorizationFilter.java:101)
	at org.springframework.security.web.FilterChainProxy$VirtualFilterChain.doFilter(FilterChainProxy.java:374)
	at org.springframework.security.web.access.ExceptionTranslationFilter.doFilter(ExceptionTranslationFilter.java:126)
	at org.springframework.security.web.access.ExceptionTranslationFilter.doFilter(ExceptionTranslationFilter.java:120)
	at org.springframework.security.web.FilterChainProxy$VirtualFilterChain.doFilter(FilterChainProxy.java:374)
	at org.springframework.security.web.authentication.AnonymousAuthenticationFilter.doFilter(AnonymousAuthenticationFilter.java:100)
	at org.springframework.security.web.FilterChainProxy$VirtualFilterChain.doFilter(FilterChainProxy.java:374)
	at org.springframework.security.web.servletapi.SecurityContextHolderAwareRequestFilter.doFilter(SecurityContextHolderAwareRequestFilter.java:179)
	at org.springframework.security.web.FilterChainProxy$VirtualFilterChain.doFilter(FilterChainProxy.java:374)
	at org.springframework.security.web.savedrequest.RequestCacheAwareFilter.doFilter(RequestCacheAwareFilter.java:63)
	at org.springframework.security.web.FilterChainProxy$VirtualFilterChain.doFilter(FilterChainProxy.java:374)
	at org.springframework.web.filter.OncePerRequestFilter.doFilter(OncePerRequestFilter.java:101)
	at org.springframework.security.web.FilterChainProxy$VirtualFilterChain.doFilter(FilterChainProxy.java:374)
	at org.springframework.security.web.authentication.logout.LogoutFilter.doFilter(LogoutFilter.java:107)
	at org.springframework.security.web.authentication.logout.LogoutFilter.doFilter(LogoutFilter.java:93)
	at org.springframework.security.web.FilterChainProxy$VirtualFilterChain.doFilter(FilterChainProxy.java:374)
	at org.springframework.security.web.header.HeaderWriterFilter.doHeadersAfter(HeaderWriterFilter.java:90)
	at org.springframework.security.web.header.HeaderWriterFilter.doFilterInternal(HeaderWriterFilter.java:75)
	at org.springframework.web.filter.OncePerRequestFilter.doFilter(OncePerRequestFilter.java:116)
	at org.springframework.security.web.FilterChainProxy$VirtualFilterChain.doFilter(FilterChainProxy.java:374)
	at org.springframework.security.web.context.SecurityContextHolderFilter.doFilter(SecurityContextHolderFilter.java:82)
	at org.springframework.security.web.context.SecurityContextHolderFilter.doFilter(SecurityContextHolderFilter.java:69)
	at org.springframework.security.web.FilterChainProxy$VirtualFilterChain.doFilter(FilterChainProxy.java:374)
	at org.springframework.security.web.context.request.async.WebAsyncManagerIntegrationFilter.doFilterInternal(WebAsyncManagerIntegrationFilter.java:62)
	at org.springframework.web.filter.OncePerRequestFilter.doFilter(OncePerRequestFilter.java:116)
	at org.springframework.security.web.FilterChainProxy$VirtualFilterChain.doFilter(FilterChainProxy.java:374)
	at org.springframework.security.web.session.DisableEncodeUrlFilter.doFilterInternal(DisableEncodeUrlFilter.java:42)
	at org.springframework.web.filter.OncePerRequestFilter.doFilter(OncePerRequestFilter.java:116)
	at org.springframework.security.web.FilterChainProxy$VirtualFilterChain.doFilter(FilterChainProxy.java:374)
	at org.springframework.security.web.FilterChainProxy.doFilterInternal(FilterChainProxy.java:233)
	at org.springframework.security.web.FilterChainProxy.doFilter(FilterChainProxy.java:191)
	at org.springframework.web.filter.CompositeFilter$VirtualFilterChain.doFilter(CompositeFilter.java:113)
	at org.springframework.web.servlet.handler.HandlerMappingIntrospector.lambda$createCacheFilter$3(HandlerMappingIntrospector.java:243)
	at org.springframework.web.filter.CompositeFilter$VirtualFilterChain.doFilter(CompositeFilter.java:113)
	at org.springframework.web.filter.CompositeFilter.doFilter(CompositeFilter.java:74)
	at org.springframework.security.config.annotation.web.configuration.WebMvcSecurityConfiguration$CompositeFilterChainProxy.doFilter(WebMvcSecurityConfiguration.java:238)
	at org.springframework.web.filter.DelegatingFilterProxy.invokeDelegate(DelegatingFilterProxy.java:362)
	at org.springframework.web.filter.DelegatingFilterProxy.doFilter(DelegatingFilterProxy.java:278)
	at org.apache.catalina.core.ApplicationFilterChain.internalDoFilter(ApplicationFilterChain.java:164)
	at org.apache.catalina.core.ApplicationFilterChain.doFilter(ApplicationFilterChain.java:140)
	at org.springframework.web.filter.RequestContextFilter.doFilterInternal(RequestContextFilter.java:100)
	at org.springframework.web.filter.OncePerRequestFilter.doFilter(OncePerRequestFilter.java:116)
	at org.apache.catalina.core.ApplicationFilterChain.internalDoFilter(ApplicationFilterChain.java:164)
	at org.apache.catalina.core.ApplicationFilterChain.doFilter(ApplicationFilterChain.java:140)
	at org.springframework.web.filter.FormContentFilter.doFilterInternal(FormContentFilter.java:93)
	at org.springframework.web.filter.OncePerRequestFilter.doFilter(OncePerRequestFilter.java:116)
	at org.apache.catalina.core.ApplicationFilterChain.internalDoFilter(ApplicationFilterChain.java:164)
	at org.apache.catalina.core.ApplicationFilterChain.doFilter(ApplicationFilterChain.java:140)
	at org.springframework.web.filter.CharacterEncodingFilter.doFilterInternal(CharacterEncodingFilter.java:201)
	at org.springframework.web.filter.OncePerRequestFilter.doFilter(OncePerRequestFilter.java:116)
	at org.apache.catalina.core.ApplicationFilterChain.internalDoFilter(ApplicationFilterChain.java:164)
	at org.apache.catalina.core.ApplicationFilterChain.doFilter(ApplicationFilterChain.java:140)
	at org.apache.catalina.core.StandardWrapperValve.invoke(StandardWrapperValve.java:167)
	at org.apache.catalina.core.StandardContextValve.invoke(StandardContextValve.java:90)
	at org.apache.catalina.authenticator.AuthenticatorBase.invoke(AuthenticatorBase.java:483)
	at org.apache.catalina.core.StandardHostValve.invoke(StandardHostValve.java:115)
	at org.apache.catalina.valves.ErrorReportValve.invoke(ErrorReportValve.java:93)
	at org.apache.catalina.core.StandardEngineValve.invoke(StandardEngineValve.java:74)
	at org.apache.catalina.connector.CoyoteAdapter.service(CoyoteAdapter.java:344)
	at org.apache.coyote.http11.Http11Processor.service(Http11Processor.java:397)
	at org.apache.coyote.AbstractProcessorLight.process(AbstractProcessorLight.java:63)
	at org.apache.coyote.AbstractProtocol$ConnectionHandler.process(AbstractProtocol.java:905)
	at org.apache.tomcat.util.net.NioEndpoint$SocketProcessor.doRun(NioEndpoint.java:1741)
	at org.apache.tomcat.util.net.SocketProcessorBase.run(SocketProcessorBase.java:52)
	at org.apache.tomcat.util.threads.ThreadPoolExecutor.runWorker(ThreadPoolExecutor.java:1190)
	at org.apache.tomcat.util.threads.ThreadPoolExecutor$Worker.run(ThreadPoolExecutor.java:659)
	at org.apache.tomcat.util.threads.TaskThread$WrappingRunnable.run(TaskThread.java:63)
	at java.base/java.lang.Thread.run(Thread.java:1575)
19 Feb 2025 - 18:41:58.702 - o.s.b.w.e.tomcat.GracefulShutdown -  INFO  - Commencing graceful shutdown. Waiting for active requests to complete
19 Feb 2025 - 18:41:58.707 - o.s.b.w.e.tomcat.GracefulShutdown -  INFO  - Graceful shutdown complete
19 Feb 2025 - 18:41:58.714 - o.s.o.j.LocalContainerEntityManagerFactoryBean -  INFO  - Closing JPA EntityManagerFactory for persistence unit 'default'
19 Feb 2025 - 18:41:58.716 - com.zaxxer.hikari.HikariDataSource -  INFO  - HikariPool-1 - Shutdown initiated...
19 Feb 2025 - 18:41:58.720 - com.zaxxer.hikari.HikariDataSource -  INFO  - HikariPool-1 - Shutdown completed.
19 Feb 2025 - 18:42:06.695 - c.example.KunUzPractiseApplication -  INFO  - Starting KunUzPractiseApplication using Java 23.0.1 with PID 8648 (C:\Users\Sanjar\IdeaProjects\kun_uz_practise\target\classes started by Sanjar in C:\Users\Sanjar\IdeaProjects\kun_uz_practise)
19 Feb 2025 - 18:42:06.705 - c.example.KunUzPractiseApplication -  INFO  - The following 1 profile is active: "local"
19 Feb 2025 - 18:42:07.530 - o.s.d.r.c.RepositoryConfigurationDelegate -  INFO  - Bootstrapping Spring Data JPA repositories in DEFAULT mode.
19 Feb 2025 - 18:42:07.619 - o.s.d.r.c.RepositoryConfigurationDelegate -  INFO  - Finished Spring Data repository scanning in 81 ms. Found 14 JPA repository interfaces.
19 Feb 2025 - 18:42:08.139 - o.s.b.w.e.tomcat.TomcatWebServer -  INFO  - Tomcat initialized with port 8080 (http)
19 Feb 2025 - 18:42:08.153 - o.a.catalina.core.StandardService -  INFO  - Starting service [Tomcat]
19 Feb 2025 - 18:42:08.153 - o.a.catalina.core.StandardEngine -  INFO  - Starting Servlet engine: [Apache Tomcat/10.1.34]
19 Feb 2025 - 18:42:08.205 - o.a.c.c.C.[Tomcat].[localhost].[/] -  INFO  - Initializing Spring embedded WebApplicationContext
19 Feb 2025 - 18:42:08.205 - o.s.b.w.s.c.ServletWebServerApplicationContext -  INFO  - Root WebApplicationContext: initialization completed in 1452 ms
19 Feb 2025 - 18:42:08.260 - com.zaxxer.hikari.HikariDataSource -  INFO  - HikariPool-1 - Starting...
19 Feb 2025 - 18:42:08.412 - com.zaxxer.hikari.pool.HikariPool -  INFO  - HikariPool-1 - Added connection org.postgresql.jdbc.PgConnection@4faf1f4
19 Feb 2025 - 18:42:08.415 - com.zaxxer.hikari.HikariDataSource -  INFO  - HikariPool-1 - Start completed.
19 Feb 2025 - 18:42:08.493 - o.h.jpa.internal.util.LogHelper -  INFO  - HHH000204: Processing PersistenceUnitInfo [name: default]
19 Feb 2025 - 18:42:08.540 - org.hibernate.Version -  INFO  - HHH000412: Hibernate ORM core version 6.6.5.Final
19 Feb 2025 - 18:42:08.569 - o.h.c.i.RegionFactoryInitiator -  INFO  - HHH000026: Second-level cache disabled
19 Feb 2025 - 18:42:08.809 - o.s.o.j.p.SpringPersistenceUnitInfo -  INFO  - No LoadTimeWeaver setup: ignoring JPA class transformer
19 Feb 2025 - 18:42:08.883 - o.hibernate.orm.connections.pooling -  INFO  - HHH10001005: Database info:
	Database JDBC URL [Connecting through datasource 'HikariDataSource (HikariPool-1)']
	Database driver: undefined/unknown
	Database version: 17.2
	Autocommit mode: undefined/unknown
	Isolation level: undefined/unknown
	Minimum pool size: undefined/unknown
	Maximum pool size: undefined/unknown
19 Feb 2025 - 18:42:10.085 - o.h.e.t.j.p.i.JtaPlatformInitiator -  INFO  - HHH000489: No JTA platform available (set 'hibernate.transaction.jta.platform' to enable JTA platform integration)
19 Feb 2025 - 18:42:10.776 - o.s.o.j.LocalContainerEntityManagerFactoryBean -  INFO  - Initialized JPA EntityManagerFactory for persistence unit 'default'
19 Feb 2025 - 18:42:11.016 - o.s.d.j.r.query.QueryEnhancerFactory -  INFO  - Hibernate is in classpath; If applicable, HQL parser will be used.
19 Feb 2025 - 18:42:12.604 - o.s.b.a.o.j.JpaBaseConfiguration$JpaWebConfiguration -  WARN  - spring.jpa.open-in-view is enabled by default. Therefore, database queries may be performed during view rendering. Explicitly configure spring.jpa.open-in-view to disable this warning
19 Feb 2025 - 18:42:12.638 - o.s.s.c.a.a.c.InitializeAuthenticationProviderBeanManagerConfigurer$InitializeAuthenticationProviderManagerConfigurer -  INFO  - Global AuthenticationManager configured with AuthenticationProvider bean with name authenticationProvider
19 Feb 2025 - 18:42:12.639 - o.s.s.c.a.a.c.InitializeUserDetailsBeanManagerConfigurer$InitializeUserDetailsManagerConfigurer -  WARN  - Global AuthenticationManager configured with an AuthenticationProvider bean. UserDetailsService beans will not be used by Spring Security for automatically configuring username/password login. Consider removing the AuthenticationProvider bean. Alternatively, consider using the UserDetailsService in a manually instantiated DaoAuthenticationProvider. If the current configuration is intentional, to turn off this warning, increase the logging level of 'org.springframework.security.config.annotation.authentication.configuration.InitializeUserDetailsBeanManagerConfigurer' to ERROR
19 Feb 2025 - 18:42:13.399 - o.s.b.w.e.tomcat.TomcatWebServer -  INFO  - Tomcat started on port 8080 (http) with context path '/'
19 Feb 2025 - 18:42:13.407 - c.example.KunUzPractiseApplication -  INFO  - Started KunUzPractiseApplication in 7.113 seconds (process running for 7.79)
19 Feb 2025 - 18:42:13.456 - o.f.c.i.license.VersionPrinter -  INFO  - Flyway Community Edition 9.22.3 by Redgate
19 Feb 2025 - 18:42:13.456 - o.f.c.i.license.VersionPrinter -  INFO  - See release notes here: https://rd.gt/416ObMi
19 Feb 2025 - 18:42:13.457 - o.f.c.i.license.VersionPrinter -  INFO  - 
19 Feb 2025 - 18:42:13.470 - org.flywaydb.core.FlywayExecutor -  INFO  - Database: jdbc:postgresql://localhost:5432/kun_uz_practise (PostgreSQL 17.2)
19 Feb 2025 - 18:42:13.475 - o.f.c.i.database.base.Database -  WARN  - Flyway upgrade recommended: PostgreSQL 17.2 is newer than this version of Flyway and support has not been tested. The latest supported version of PostgreSQL is 15.
19 Feb 2025 - 18:42:13.504 - o.f.core.internal.command.DbValidate -  INFO  - Successfully validated 4 migrations (execution time 00:00.019s)
19 Feb 2025 - 18:42:13.513 - o.f.core.internal.command.DbMigrate -  INFO  - Current version of schema "public": 1.2
19 Feb 2025 - 18:42:13.516 - o.f.core.internal.command.DbMigrate -  INFO  - Schema "public" is up to date. No migration necessary.
19 Feb 2025 - 18:42:17.888 - o.a.c.c.C.[Tomcat].[localhost].[/] -  INFO  - Initializing Spring DispatcherServlet 'dispatcherServlet'
19 Feb 2025 - 18:42:17.889 - o.s.web.servlet.DispatcherServlet -  INFO  - Initializing Servlet 'dispatcherServlet'
19 Feb 2025 - 18:42:17.890 - o.s.web.servlet.DispatcherServlet -  INFO  - Completed initialization in 1 ms
19 Feb 2025 - 18:42:18.686 - o.a.c.c.C.[.[.[.[dispatcherServlet] -  ERROR - Servlet.service() for servlet [dispatcherServlet] in context with path [] threw exception [Handler dispatch failed: java.lang.NoSuchMethodError: 'void org.springframework.web.method.ControllerAdviceBean.<init>(java.lang.Object)'] with root cause
java.lang.NoSuchMethodError: 'void org.springframework.web.method.ControllerAdviceBean.<init>(java.lang.Object)'
	at org.springdoc.core.service.GenericResponseService.lambda$getGenericMapResponse$8(GenericResponseService.java:702)
	at java.base/java.util.stream.ReferencePipeline$2$1.accept(ReferencePipeline.java:196)
	at java.base/java.util.Spliterators$ArraySpliterator.forEachRemaining(Spliterators.java:1024)
	at java.base/java.util.stream.AbstractPipeline.copyInto(AbstractPipeline.java:570)
	at java.base/java.util.stream.AbstractPipeline.wrapAndCopyInto(AbstractPipeline.java:560)
	at java.base/java.util.stream.AbstractPipeline.evaluate(AbstractPipeline.java:636)
	at java.base/java.util.stream.AbstractPipeline.evaluateToArrayNode(AbstractPipeline.java:291)
	at java.base/java.util.stream.ReferencePipeline.toArray(ReferencePipeline.java:656)
	at java.base/java.util.stream.ReferencePipeline.toArray(ReferencePipeline.java:662)
	at java.base/java.util.stream.ReferencePipeline.toList(ReferencePipeline.java:667)
	at org.springdoc.core.service.GenericResponseService.getGenericMapResponse(GenericResponseService.java:704)
	at org.springdoc.core.service.GenericResponseService.build(GenericResponseService.java:246)
	at org.springdoc.api.AbstractOpenApiResource.calculatePath(AbstractOpenApiResource.java:499)
	at org.springdoc.api.AbstractOpenApiResource.calculatePath(AbstractOpenApiResource.java:676)
	at org.springdoc.webmvc.api.OpenApiResource.lambda$calculatePath$11(OpenApiResource.java:219)
	at java.base/java.util.Optional.ifPresent(Optional.java:178)
	at org.springdoc.webmvc.api.OpenApiResource.calculatePath(OpenApiResource.java:200)
	at org.springdoc.webmvc.api.OpenApiResource.lambda$getPaths$2(OpenApiResource.java:170)
	at java.base/java.util.Optional.ifPresent(Optional.java:178)
	at org.springdoc.webmvc.api.OpenApiResource.getPaths(OpenApiResource.java:149)
	at org.springdoc.api.AbstractOpenApiResource.getOpenApi(AbstractOpenApiResource.java:353)
	at org.springdoc.webmvc.api.OpenApiResource.openapiJson(OpenApiResource.java:124)
	at org.springdoc.webmvc.api.OpenApiWebMvcResource.openapiJson(OpenApiWebMvcResource.java:111)
	at java.base/jdk.internal.reflect.DirectMethodHandleAccessor.invoke(DirectMethodHandleAccessor.java:103)
	at java.base/java.lang.reflect.Method.invoke(Method.java:580)
	at org.springframework.web.method.support.InvocableHandlerMethod.doInvoke(InvocableHandlerMethod.java:257)
	at org.springframework.web.method.support.InvocableHandlerMethod.invokeForRequest(InvocableHandlerMethod.java:190)
	at org.springframework.web.servlet.mvc.method.annotation.ServletInvocableHandlerMethod.invokeAndHandle(ServletInvocableHandlerMethod.java:118)
	at org.springframework.web.servlet.mvc.method.annotation.RequestMappingHandlerAdapter.invokeHandlerMethod(RequestMappingHandlerAdapter.java:986)
	at org.springframework.web.servlet.mvc.method.annotation.RequestMappingHandlerAdapter.handleInternal(RequestMappingHandlerAdapter.java:891)
	at org.springframework.web.servlet.mvc.method.AbstractHandlerMethodAdapter.handle(AbstractHandlerMethodAdapter.java:87)
	at org.springframework.web.servlet.DispatcherServlet.doDispatch(DispatcherServlet.java:1088)
	at org.springframework.web.servlet.DispatcherServlet.doService(DispatcherServlet.java:978)
	at org.springframework.web.servlet.FrameworkServlet.processRequest(FrameworkServlet.java:1014)
	at org.springframework.web.servlet.FrameworkServlet.doGet(FrameworkServlet.java:903)
	at jakarta.servlet.http.HttpServlet.service(HttpServlet.java:564)
	at org.springframework.web.servlet.FrameworkServlet.service(FrameworkServlet.java:885)
	at jakarta.servlet.http.HttpServlet.service(HttpServlet.java:658)
	at org.apache.catalina.core.ApplicationFilterChain.internalDoFilter(ApplicationFilterChain.java:195)
	at org.apache.catalina.core.ApplicationFilterChain.doFilter(ApplicationFilterChain.java:140)
	at org.apache.tomcat.websocket.server.WsFilter.doFilter(WsFilter.java:51)
	at org.apache.catalina.core.ApplicationFilterChain.internalDoFilter(ApplicationFilterChain.java:164)
	at org.apache.catalina.core.ApplicationFilterChain.doFilter(ApplicationFilterChain.java:140)
	at org.springframework.web.filter.OncePerRequestFilter.doFilter(OncePerRequestFilter.java:101)
	at org.apache.catalina.core.ApplicationFilterChain.internalDoFilter(ApplicationFilterChain.java:164)
	at org.apache.catalina.core.ApplicationFilterChain.doFilter(ApplicationFilterChain.java:140)
	at org.springframework.web.filter.CompositeFilter$VirtualFilterChain.doFilter(CompositeFilter.java:108)
	at org.springframework.security.web.FilterChainProxy.lambda$doFilterInternal$3(FilterChainProxy.java:231)
	at org.springframework.security.web.FilterChainProxy$VirtualFilterChain.doFilter(FilterChainProxy.java:365)
	at org.springframework.security.web.access.intercept.AuthorizationFilter.doFilter(AuthorizationFilter.java:101)
	at org.springframework.security.web.FilterChainProxy$VirtualFilterChain.doFilter(FilterChainProxy.java:374)
	at org.springframework.security.web.access.ExceptionTranslationFilter.doFilter(ExceptionTranslationFilter.java:126)
	at org.springframework.security.web.access.ExceptionTranslationFilter.doFilter(ExceptionTranslationFilter.java:120)
	at org.springframework.security.web.FilterChainProxy$VirtualFilterChain.doFilter(FilterChainProxy.java:374)
	at org.springframework.security.web.authentication.AnonymousAuthenticationFilter.doFilter(AnonymousAuthenticationFilter.java:100)
	at org.springframework.security.web.FilterChainProxy$VirtualFilterChain.doFilter(FilterChainProxy.java:374)
	at org.springframework.security.web.servletapi.SecurityContextHolderAwareRequestFilter.doFilter(SecurityContextHolderAwareRequestFilter.java:179)
	at org.springframework.security.web.FilterChainProxy$VirtualFilterChain.doFilter(FilterChainProxy.java:374)
	at org.springframework.security.web.savedrequest.RequestCacheAwareFilter.doFilter(RequestCacheAwareFilter.java:63)
	at org.springframework.security.web.FilterChainProxy$VirtualFilterChain.doFilter(FilterChainProxy.java:374)
	at org.springframework.web.filter.OncePerRequestFilter.doFilter(OncePerRequestFilter.java:101)
	at org.springframework.security.web.FilterChainProxy$VirtualFilterChain.doFilter(FilterChainProxy.java:374)
	at org.springframework.security.web.authentication.logout.LogoutFilter.doFilter(LogoutFilter.java:107)
	at org.springframework.security.web.authentication.logout.LogoutFilter.doFilter(LogoutFilter.java:93)
	at org.springframework.security.web.FilterChainProxy$VirtualFilterChain.doFilter(FilterChainProxy.java:374)
	at org.springframework.security.web.header.HeaderWriterFilter.doHeadersAfter(HeaderWriterFilter.java:90)
	at org.springframework.security.web.header.HeaderWriterFilter.doFilterInternal(HeaderWriterFilter.java:75)
	at org.springframework.web.filter.OncePerRequestFilter.doFilter(OncePerRequestFilter.java:116)
	at org.springframework.security.web.FilterChainProxy$VirtualFilterChain.doFilter(FilterChainProxy.java:374)
	at org.springframework.security.web.context.SecurityContextHolderFilter.doFilter(SecurityContextHolderFilter.java:82)
	at org.springframework.security.web.context.SecurityContextHolderFilter.doFilter(SecurityContextHolderFilter.java:69)
	at org.springframework.security.web.FilterChainProxy$VirtualFilterChain.doFilter(FilterChainProxy.java:374)
	at org.springframework.security.web.context.request.async.WebAsyncManagerIntegrationFilter.doFilterInternal(WebAsyncManagerIntegrationFilter.java:62)
	at org.springframework.web.filter.OncePerRequestFilter.doFilter(OncePerRequestFilter.java:116)
	at org.springframework.security.web.FilterChainProxy$VirtualFilterChain.doFilter(FilterChainProxy.java:374)
	at org.springframework.security.web.session.DisableEncodeUrlFilter.doFilterInternal(DisableEncodeUrlFilter.java:42)
	at org.springframework.web.filter.OncePerRequestFilter.doFilter(OncePerRequestFilter.java:116)
	at org.springframework.security.web.FilterChainProxy$VirtualFilterChain.doFilter(FilterChainProxy.java:374)
	at org.springframework.security.web.FilterChainProxy.doFilterInternal(FilterChainProxy.java:233)
	at org.springframework.security.web.FilterChainProxy.doFilter(FilterChainProxy.java:191)
	at org.springframework.web.filter.CompositeFilter$VirtualFilterChain.doFilter(CompositeFilter.java:113)
	at org.springframework.web.servlet.handler.HandlerMappingIntrospector.lambda$createCacheFilter$3(HandlerMappingIntrospector.java:243)
	at org.springframework.web.filter.CompositeFilter$VirtualFilterChain.doFilter(CompositeFilter.java:113)
	at org.springframework.web.filter.CompositeFilter.doFilter(CompositeFilter.java:74)
	at org.springframework.security.config.annotation.web.configuration.WebMvcSecurityConfiguration$CompositeFilterChainProxy.doFilter(WebMvcSecurityConfiguration.java:238)
	at org.springframework.web.filter.DelegatingFilterProxy.invokeDelegate(DelegatingFilterProxy.java:362)
	at org.springframework.web.filter.DelegatingFilterProxy.doFilter(DelegatingFilterProxy.java:278)
	at org.apache.catalina.core.ApplicationFilterChain.internalDoFilter(ApplicationFilterChain.java:164)
	at org.apache.catalina.core.ApplicationFilterChain.doFilter(ApplicationFilterChain.java:140)
	at org.springframework.web.filter.RequestContextFilter.doFilterInternal(RequestContextFilter.java:100)
	at org.springframework.web.filter.OncePerRequestFilter.doFilter(OncePerRequestFilter.java:116)
	at org.apache.catalina.core.ApplicationFilterChain.internalDoFilter(ApplicationFilterChain.java:164)
	at org.apache.catalina.core.ApplicationFilterChain.doFilter(ApplicationFilterChain.java:140)
	at org.springframework.web.filter.FormContentFilter.doFilterInternal(FormContentFilter.java:93)
	at org.springframework.web.filter.OncePerRequestFilter.doFilter(OncePerRequestFilter.java:116)
	at org.apache.catalina.core.ApplicationFilterChain.internalDoFilter(ApplicationFilterChain.java:164)
	at org.apache.catalina.core.ApplicationFilterChain.doFilter(ApplicationFilterChain.java:140)
	at org.springframework.web.filter.CharacterEncodingFilter.doFilterInternal(CharacterEncodingFilter.java:201)
	at org.springframework.web.filter.OncePerRequestFilter.doFilter(OncePerRequestFilter.java:116)
	at org.apache.catalina.core.ApplicationFilterChain.internalDoFilter(ApplicationFilterChain.java:164)
	at org.apache.catalina.core.ApplicationFilterChain.doFilter(ApplicationFilterChain.java:140)
	at org.apache.catalina.core.StandardWrapperValve.invoke(StandardWrapperValve.java:167)
	at org.apache.catalina.core.StandardContextValve.invoke(StandardContextValve.java:90)
	at org.apache.catalina.authenticator.AuthenticatorBase.invoke(AuthenticatorBase.java:483)
	at org.apache.catalina.core.StandardHostValve.invoke(StandardHostValve.java:115)
	at org.apache.catalina.valves.ErrorReportValve.invoke(ErrorReportValve.java:93)
	at org.apache.catalina.core.StandardEngineValve.invoke(StandardEngineValve.java:74)
	at org.apache.catalina.connector.CoyoteAdapter.service(CoyoteAdapter.java:344)
	at org.apache.coyote.http11.Http11Processor.service(Http11Processor.java:397)
	at org.apache.coyote.AbstractProcessorLight.process(AbstractProcessorLight.java:63)
	at org.apache.coyote.AbstractProtocol$ConnectionHandler.process(AbstractProtocol.java:905)
	at org.apache.tomcat.util.net.NioEndpoint$SocketProcessor.doRun(NioEndpoint.java:1741)
	at org.apache.tomcat.util.net.SocketProcessorBase.run(SocketProcessorBase.java:52)
	at org.apache.tomcat.util.threads.ThreadPoolExecutor.runWorker(ThreadPoolExecutor.java:1190)
	at org.apache.tomcat.util.threads.ThreadPoolExecutor$Worker.run(ThreadPoolExecutor.java:659)
	at org.apache.tomcat.util.threads.TaskThread$WrappingRunnable.run(TaskThread.java:63)
	at java.base/java.lang.Thread.run(Thread.java:1575)
19 Feb 2025 - 18:42:21.137 - o.a.c.c.C.[.[.[.[dispatcherServlet] -  ERROR - Servlet.service() for servlet [dispatcherServlet] in context with path [] threw exception [Handler dispatch failed: java.lang.NoSuchMethodError: 'void org.springframework.web.method.ControllerAdviceBean.<init>(java.lang.Object)'] with root cause
java.lang.NoSuchMethodError: 'void org.springframework.web.method.ControllerAdviceBean.<init>(java.lang.Object)'
	at org.springdoc.core.service.GenericResponseService.lambda$getGenericMapResponse$8(GenericResponseService.java:702)
	at java.base/java.util.stream.ReferencePipeline$2$1.accept(ReferencePipeline.java:196)
	at java.base/java.util.Spliterators$ArraySpliterator.forEachRemaining(Spliterators.java:1024)
	at java.base/java.util.stream.AbstractPipeline.copyInto(AbstractPipeline.java:570)
	at java.base/java.util.stream.AbstractPipeline.wrapAndCopyInto(AbstractPipeline.java:560)
	at java.base/java.util.stream.AbstractPipeline.evaluate(AbstractPipeline.java:636)
	at java.base/java.util.stream.AbstractPipeline.evaluateToArrayNode(AbstractPipeline.java:291)
	at java.base/java.util.stream.ReferencePipeline.toArray(ReferencePipeline.java:656)
	at java.base/java.util.stream.ReferencePipeline.toArray(ReferencePipeline.java:662)
	at java.base/java.util.stream.ReferencePipeline.toList(ReferencePipeline.java:667)
	at org.springdoc.core.service.GenericResponseService.getGenericMapResponse(GenericResponseService.java:704)
	at org.springdoc.core.service.GenericResponseService.build(GenericResponseService.java:246)
	at org.springdoc.api.AbstractOpenApiResource.calculatePath(AbstractOpenApiResource.java:499)
	at org.springdoc.api.AbstractOpenApiResource.calculatePath(AbstractOpenApiResource.java:676)
	at org.springdoc.webmvc.api.OpenApiResource.lambda$calculatePath$11(OpenApiResource.java:219)
	at java.base/java.util.Optional.ifPresent(Optional.java:178)
	at org.springdoc.webmvc.api.OpenApiResource.calculatePath(OpenApiResource.java:200)
	at org.springdoc.webmvc.api.OpenApiResource.lambda$getPaths$2(OpenApiResource.java:170)
	at java.base/java.util.Optional.ifPresent(Optional.java:178)
	at org.springdoc.webmvc.api.OpenApiResource.getPaths(OpenApiResource.java:149)
	at org.springdoc.api.AbstractOpenApiResource.getOpenApi(AbstractOpenApiResource.java:353)
	at org.springdoc.webmvc.api.OpenApiResource.openapiJson(OpenApiResource.java:124)
	at org.springdoc.webmvc.api.OpenApiWebMvcResource.openapiJson(OpenApiWebMvcResource.java:111)
	at java.base/jdk.internal.reflect.DirectMethodHandleAccessor.invoke(DirectMethodHandleAccessor.java:103)
	at java.base/java.lang.reflect.Method.invoke(Method.java:580)
	at org.springframework.web.method.support.InvocableHandlerMethod.doInvoke(InvocableHandlerMethod.java:257)
	at org.springframework.web.method.support.InvocableHandlerMethod.invokeForRequest(InvocableHandlerMethod.java:190)
	at org.springframework.web.servlet.mvc.method.annotation.ServletInvocableHandlerMethod.invokeAndHandle(ServletInvocableHandlerMethod.java:118)
	at org.springframework.web.servlet.mvc.method.annotation.RequestMappingHandlerAdapter.invokeHandlerMethod(RequestMappingHandlerAdapter.java:986)
	at org.springframework.web.servlet.mvc.method.annotation.RequestMappingHandlerAdapter.handleInternal(RequestMappingHandlerAdapter.java:891)
	at org.springframework.web.servlet.mvc.method.AbstractHandlerMethodAdapter.handle(AbstractHandlerMethodAdapter.java:87)
	at org.springframework.web.servlet.DispatcherServlet.doDispatch(DispatcherServlet.java:1088)
	at org.springframework.web.servlet.DispatcherServlet.doService(DispatcherServlet.java:978)
	at org.springframework.web.servlet.FrameworkServlet.processRequest(FrameworkServlet.java:1014)
	at org.springframework.web.servlet.FrameworkServlet.doGet(FrameworkServlet.java:903)
	at jakarta.servlet.http.HttpServlet.service(HttpServlet.java:564)
	at org.springframework.web.servlet.FrameworkServlet.service(FrameworkServlet.java:885)
	at jakarta.servlet.http.HttpServlet.service(HttpServlet.java:658)
	at org.apache.catalina.core.ApplicationFilterChain.internalDoFilter(ApplicationFilterChain.java:195)
	at org.apache.catalina.core.ApplicationFilterChain.doFilter(ApplicationFilterChain.java:140)
	at org.apache.tomcat.websocket.server.WsFilter.doFilter(WsFilter.java:51)
	at org.apache.catalina.core.ApplicationFilterChain.internalDoFilter(ApplicationFilterChain.java:164)
	at org.apache.catalina.core.ApplicationFilterChain.doFilter(ApplicationFilterChain.java:140)
	at org.springframework.web.filter.OncePerRequestFilter.doFilter(OncePerRequestFilter.java:101)
	at org.apache.catalina.core.ApplicationFilterChain.internalDoFilter(ApplicationFilterChain.java:164)
	at org.apache.catalina.core.ApplicationFilterChain.doFilter(ApplicationFilterChain.java:140)
	at org.springframework.web.filter.CompositeFilter$VirtualFilterChain.doFilter(CompositeFilter.java:108)
	at org.springframework.security.web.FilterChainProxy.lambda$doFilterInternal$3(FilterChainProxy.java:231)
	at org.springframework.security.web.FilterChainProxy$VirtualFilterChain.doFilter(FilterChainProxy.java:365)
	at org.springframework.security.web.access.intercept.AuthorizationFilter.doFilter(AuthorizationFilter.java:101)
	at org.springframework.security.web.FilterChainProxy$VirtualFilterChain.doFilter(FilterChainProxy.java:374)
	at org.springframework.security.web.access.ExceptionTranslationFilter.doFilter(ExceptionTranslationFilter.java:126)
	at org.springframework.security.web.access.ExceptionTranslationFilter.doFilter(ExceptionTranslationFilter.java:120)
	at org.springframework.security.web.FilterChainProxy$VirtualFilterChain.doFilter(FilterChainProxy.java:374)
	at org.springframework.security.web.authentication.AnonymousAuthenticationFilter.doFilter(AnonymousAuthenticationFilter.java:100)
	at org.springframework.security.web.FilterChainProxy$VirtualFilterChain.doFilter(FilterChainProxy.java:374)
	at org.springframework.security.web.servletapi.SecurityContextHolderAwareRequestFilter.doFilter(SecurityContextHolderAwareRequestFilter.java:179)
	at org.springframework.security.web.FilterChainProxy$VirtualFilterChain.doFilter(FilterChainProxy.java:374)
	at org.springframework.security.web.savedrequest.RequestCacheAwareFilter.doFilter(RequestCacheAwareFilter.java:63)
	at org.springframework.security.web.FilterChainProxy$VirtualFilterChain.doFilter(FilterChainProxy.java:374)
	at org.springframework.web.filter.OncePerRequestFilter.doFilter(OncePerRequestFilter.java:101)
	at org.springframework.security.web.FilterChainProxy$VirtualFilterChain.doFilter(FilterChainProxy.java:374)
	at org.springframework.security.web.authentication.logout.LogoutFilter.doFilter(LogoutFilter.java:107)
	at org.springframework.security.web.authentication.logout.LogoutFilter.doFilter(LogoutFilter.java:93)
	at org.springframework.security.web.FilterChainProxy$VirtualFilterChain.doFilter(FilterChainProxy.java:374)
	at org.springframework.security.web.header.HeaderWriterFilter.doHeadersAfter(HeaderWriterFilter.java:90)
	at org.springframework.security.web.header.HeaderWriterFilter.doFilterInternal(HeaderWriterFilter.java:75)
	at org.springframework.web.filter.OncePerRequestFilter.doFilter(OncePerRequestFilter.java:116)
	at org.springframework.security.web.FilterChainProxy$VirtualFilterChain.doFilter(FilterChainProxy.java:374)
	at org.springframework.security.web.context.SecurityContextHolderFilter.doFilter(SecurityContextHolderFilter.java:82)
	at org.springframework.security.web.context.SecurityContextHolderFilter.doFilter(SecurityContextHolderFilter.java:69)
	at org.springframework.security.web.FilterChainProxy$VirtualFilterChain.doFilter(FilterChainProxy.java:374)
	at org.springframework.security.web.context.request.async.WebAsyncManagerIntegrationFilter.doFilterInternal(WebAsyncManagerIntegrationFilter.java:62)
	at org.springframework.web.filter.OncePerRequestFilter.doFilter(OncePerRequestFilter.java:116)
	at org.springframework.security.web.FilterChainProxy$VirtualFilterChain.doFilter(FilterChainProxy.java:374)
	at org.springframework.security.web.session.DisableEncodeUrlFilter.doFilterInternal(DisableEncodeUrlFilter.java:42)
	at org.springframework.web.filter.OncePerRequestFilter.doFilter(OncePerRequestFilter.java:116)
	at org.springframework.security.web.FilterChainProxy$VirtualFilterChain.doFilter(FilterChainProxy.java:374)
	at org.springframework.security.web.FilterChainProxy.doFilterInternal(FilterChainProxy.java:233)
	at org.springframework.security.web.FilterChainProxy.doFilter(FilterChainProxy.java:191)
	at org.springframework.web.filter.CompositeFilter$VirtualFilterChain.doFilter(CompositeFilter.java:113)
	at org.springframework.web.servlet.handler.HandlerMappingIntrospector.lambda$createCacheFilter$3(HandlerMappingIntrospector.java:243)
	at org.springframework.web.filter.CompositeFilter$VirtualFilterChain.doFilter(CompositeFilter.java:113)
	at org.springframework.web.filter.CompositeFilter.doFilter(CompositeFilter.java:74)
	at org.springframework.security.config.annotation.web.configuration.WebMvcSecurityConfiguration$CompositeFilterChainProxy.doFilter(WebMvcSecurityConfiguration.java:238)
	at org.springframework.web.filter.DelegatingFilterProxy.invokeDelegate(DelegatingFilterProxy.java:362)
	at org.springframework.web.filter.DelegatingFilterProxy.doFilter(DelegatingFilterProxy.java:278)
	at org.apache.catalina.core.ApplicationFilterChain.internalDoFilter(ApplicationFilterChain.java:164)
	at org.apache.catalina.core.ApplicationFilterChain.doFilter(ApplicationFilterChain.java:140)
	at org.springframework.web.filter.RequestContextFilter.doFilterInternal(RequestContextFilter.java:100)
	at org.springframework.web.filter.OncePerRequestFilter.doFilter(OncePerRequestFilter.java:116)
	at org.apache.catalina.core.ApplicationFilterChain.internalDoFilter(ApplicationFilterChain.java:164)
	at org.apache.catalina.core.ApplicationFilterChain.doFilter(ApplicationFilterChain.java:140)
	at org.springframework.web.filter.FormContentFilter.doFilterInternal(FormContentFilter.java:93)
	at org.springframework.web.filter.OncePerRequestFilter.doFilter(OncePerRequestFilter.java:116)
	at org.apache.catalina.core.ApplicationFilterChain.internalDoFilter(ApplicationFilterChain.java:164)
	at org.apache.catalina.core.ApplicationFilterChain.doFilter(ApplicationFilterChain.java:140)
	at org.springframework.web.filter.CharacterEncodingFilter.doFilterInternal(CharacterEncodingFilter.java:201)
	at org.springframework.web.filter.OncePerRequestFilter.doFilter(OncePerRequestFilter.java:116)
	at org.apache.catalina.core.ApplicationFilterChain.internalDoFilter(ApplicationFilterChain.java:164)
	at org.apache.catalina.core.ApplicationFilterChain.doFilter(ApplicationFilterChain.java:140)
	at org.apache.catalina.core.StandardWrapperValve.invoke(StandardWrapperValve.java:167)
	at org.apache.catalina.core.StandardContextValve.invoke(StandardContextValve.java:90)
	at org.apache.catalina.authenticator.AuthenticatorBase.invoke(AuthenticatorBase.java:483)
	at org.apache.catalina.core.StandardHostValve.invoke(StandardHostValve.java:115)
	at org.apache.catalina.valves.ErrorReportValve.invoke(ErrorReportValve.java:93)
	at org.apache.catalina.core.StandardEngineValve.invoke(StandardEngineValve.java:74)
	at org.apache.catalina.connector.CoyoteAdapter.service(CoyoteAdapter.java:344)
	at org.apache.coyote.http11.Http11Processor.service(Http11Processor.java:397)
	at org.apache.coyote.AbstractProcessorLight.process(AbstractProcessorLight.java:63)
	at org.apache.coyote.AbstractProtocol$ConnectionHandler.process(AbstractProtocol.java:905)
	at org.apache.tomcat.util.net.NioEndpoint$SocketProcessor.doRun(NioEndpoint.java:1741)
	at org.apache.tomcat.util.net.SocketProcessorBase.run(SocketProcessorBase.java:52)
	at org.apache.tomcat.util.threads.ThreadPoolExecutor.runWorker(ThreadPoolExecutor.java:1190)
	at org.apache.tomcat.util.threads.ThreadPoolExecutor$Worker.run(ThreadPoolExecutor.java:659)
	at org.apache.tomcat.util.threads.TaskThread$WrappingRunnable.run(TaskThread.java:63)
	at java.base/java.lang.Thread.run(Thread.java:1575)
19 Feb 2025 - 18:42:26.363 - o.a.c.c.C.[.[.[.[dispatcherServlet] -  ERROR - Servlet.service() for servlet [dispatcherServlet] in context with path [] threw exception [Handler dispatch failed: java.lang.NoSuchMethodError: 'void org.springframework.web.method.ControllerAdviceBean.<init>(java.lang.Object)'] with root cause
java.lang.NoSuchMethodError: 'void org.springframework.web.method.ControllerAdviceBean.<init>(java.lang.Object)'
	at org.springdoc.core.service.GenericResponseService.lambda$getGenericMapResponse$8(GenericResponseService.java:702)
	at java.base/java.util.stream.ReferencePipeline$2$1.accept(ReferencePipeline.java:196)
	at java.base/java.util.Spliterators$ArraySpliterator.forEachRemaining(Spliterators.java:1024)
	at java.base/java.util.stream.AbstractPipeline.copyInto(AbstractPipeline.java:570)
	at java.base/java.util.stream.AbstractPipeline.wrapAndCopyInto(AbstractPipeline.java:560)
	at java.base/java.util.stream.AbstractPipeline.evaluate(AbstractPipeline.java:636)
	at java.base/java.util.stream.AbstractPipeline.evaluateToArrayNode(AbstractPipeline.java:291)
	at java.base/java.util.stream.ReferencePipeline.toArray(ReferencePipeline.java:656)
	at java.base/java.util.stream.ReferencePipeline.toArray(ReferencePipeline.java:662)
	at java.base/java.util.stream.ReferencePipeline.toList(ReferencePipeline.java:667)
	at org.springdoc.core.service.GenericResponseService.getGenericMapResponse(GenericResponseService.java:704)
	at org.springdoc.core.service.GenericResponseService.build(GenericResponseService.java:246)
	at org.springdoc.api.AbstractOpenApiResource.calculatePath(AbstractOpenApiResource.java:499)
	at org.springdoc.api.AbstractOpenApiResource.calculatePath(AbstractOpenApiResource.java:676)
	at org.springdoc.webmvc.api.OpenApiResource.lambda$calculatePath$11(OpenApiResource.java:219)
	at java.base/java.util.Optional.ifPresent(Optional.java:178)
	at org.springdoc.webmvc.api.OpenApiResource.calculatePath(OpenApiResource.java:200)
	at org.springdoc.webmvc.api.OpenApiResource.lambda$getPaths$2(OpenApiResource.java:170)
	at java.base/java.util.Optional.ifPresent(Optional.java:178)
	at org.springdoc.webmvc.api.OpenApiResource.getPaths(OpenApiResource.java:149)
	at org.springdoc.api.AbstractOpenApiResource.getOpenApi(AbstractOpenApiResource.java:353)
	at org.springdoc.webmvc.api.OpenApiResource.openapiJson(OpenApiResource.java:124)
	at org.springdoc.webmvc.api.OpenApiWebMvcResource.openapiJson(OpenApiWebMvcResource.java:111)
	at java.base/jdk.internal.reflect.DirectMethodHandleAccessor.invoke(DirectMethodHandleAccessor.java:103)
	at java.base/java.lang.reflect.Method.invoke(Method.java:580)
	at org.springframework.web.method.support.InvocableHandlerMethod.doInvoke(InvocableHandlerMethod.java:257)
	at org.springframework.web.method.support.InvocableHandlerMethod.invokeForRequest(InvocableHandlerMethod.java:190)
	at org.springframework.web.servlet.mvc.method.annotation.ServletInvocableHandlerMethod.invokeAndHandle(ServletInvocableHandlerMethod.java:118)
	at org.springframework.web.servlet.mvc.method.annotation.RequestMappingHandlerAdapter.invokeHandlerMethod(RequestMappingHandlerAdapter.java:986)
	at org.springframework.web.servlet.mvc.method.annotation.RequestMappingHandlerAdapter.handleInternal(RequestMappingHandlerAdapter.java:891)
	at org.springframework.web.servlet.mvc.method.AbstractHandlerMethodAdapter.handle(AbstractHandlerMethodAdapter.java:87)
	at org.springframework.web.servlet.DispatcherServlet.doDispatch(DispatcherServlet.java:1088)
	at org.springframework.web.servlet.DispatcherServlet.doService(DispatcherServlet.java:978)
	at org.springframework.web.servlet.FrameworkServlet.processRequest(FrameworkServlet.java:1014)
	at org.springframework.web.servlet.FrameworkServlet.doGet(FrameworkServlet.java:903)
	at jakarta.servlet.http.HttpServlet.service(HttpServlet.java:564)
	at org.springframework.web.servlet.FrameworkServlet.service(FrameworkServlet.java:885)
	at jakarta.servlet.http.HttpServlet.service(HttpServlet.java:658)
	at org.apache.catalina.core.ApplicationFilterChain.internalDoFilter(ApplicationFilterChain.java:195)
	at org.apache.catalina.core.ApplicationFilterChain.doFilter(ApplicationFilterChain.java:140)
	at org.apache.tomcat.websocket.server.WsFilter.doFilter(WsFilter.java:51)
	at org.apache.catalina.core.ApplicationFilterChain.internalDoFilter(ApplicationFilterChain.java:164)
	at org.apache.catalina.core.ApplicationFilterChain.doFilter(ApplicationFilterChain.java:140)
	at org.springframework.web.filter.OncePerRequestFilter.doFilter(OncePerRequestFilter.java:101)
	at org.apache.catalina.core.ApplicationFilterChain.internalDoFilter(ApplicationFilterChain.java:164)
	at org.apache.catalina.core.ApplicationFilterChain.doFilter(ApplicationFilterChain.java:140)
	at org.springframework.web.filter.CompositeFilter$VirtualFilterChain.doFilter(CompositeFilter.java:108)
	at org.springframework.security.web.FilterChainProxy.lambda$doFilterInternal$3(FilterChainProxy.java:231)
	at org.springframework.security.web.FilterChainProxy$VirtualFilterChain.doFilter(FilterChainProxy.java:365)
	at org.springframework.security.web.access.intercept.AuthorizationFilter.doFilter(AuthorizationFilter.java:101)
	at org.springframework.security.web.FilterChainProxy$VirtualFilterChain.doFilter(FilterChainProxy.java:374)
	at org.springframework.security.web.access.ExceptionTranslationFilter.doFilter(ExceptionTranslationFilter.java:126)
	at org.springframework.security.web.access.ExceptionTranslationFilter.doFilter(ExceptionTranslationFilter.java:120)
	at org.springframework.security.web.FilterChainProxy$VirtualFilterChain.doFilter(FilterChainProxy.java:374)
	at org.springframework.security.web.authentication.AnonymousAuthenticationFilter.doFilter(AnonymousAuthenticationFilter.java:100)
	at org.springframework.security.web.FilterChainProxy$VirtualFilterChain.doFilter(FilterChainProxy.java:374)
	at org.springframework.security.web.servletapi.SecurityContextHolderAwareRequestFilter.doFilter(SecurityContextHolderAwareRequestFilter.java:179)
	at org.springframework.security.web.FilterChainProxy$VirtualFilterChain.doFilter(FilterChainProxy.java:374)
	at org.springframework.security.web.savedrequest.RequestCacheAwareFilter.doFilter(RequestCacheAwareFilter.java:63)
	at org.springframework.security.web.FilterChainProxy$VirtualFilterChain.doFilter(FilterChainProxy.java:374)
	at org.springframework.web.filter.OncePerRequestFilter.doFilter(OncePerRequestFilter.java:101)
	at org.springframework.security.web.FilterChainProxy$VirtualFilterChain.doFilter(FilterChainProxy.java:374)
	at org.springframework.security.web.authentication.logout.LogoutFilter.doFilter(LogoutFilter.java:107)
	at org.springframework.security.web.authentication.logout.LogoutFilter.doFilter(LogoutFilter.java:93)
	at org.springframework.security.web.FilterChainProxy$VirtualFilterChain.doFilter(FilterChainProxy.java:374)
	at org.springframework.security.web.header.HeaderWriterFilter.doHeadersAfter(HeaderWriterFilter.java:90)
	at org.springframework.security.web.header.HeaderWriterFilter.doFilterInternal(HeaderWriterFilter.java:75)
	at org.springframework.web.filter.OncePerRequestFilter.doFilter(OncePerRequestFilter.java:116)
	at org.springframework.security.web.FilterChainProxy$VirtualFilterChain.doFilter(FilterChainProxy.java:374)
	at org.springframework.security.web.context.SecurityContextHolderFilter.doFilter(SecurityContextHolderFilter.java:82)
	at org.springframework.security.web.context.SecurityContextHolderFilter.doFilter(SecurityContextHolderFilter.java:69)
	at org.springframework.security.web.FilterChainProxy$VirtualFilterChain.doFilter(FilterChainProxy.java:374)
	at org.springframework.security.web.context.request.async.WebAsyncManagerIntegrationFilter.doFilterInternal(WebAsyncManagerIntegrationFilter.java:62)
	at org.springframework.web.filter.OncePerRequestFilter.doFilter(OncePerRequestFilter.java:116)
	at org.springframework.security.web.FilterChainProxy$VirtualFilterChain.doFilter(FilterChainProxy.java:374)
	at org.springframework.security.web.session.DisableEncodeUrlFilter.doFilterInternal(DisableEncodeUrlFilter.java:42)
	at org.springframework.web.filter.OncePerRequestFilter.doFilter(OncePerRequestFilter.java:116)
	at org.springframework.security.web.FilterChainProxy$VirtualFilterChain.doFilter(FilterChainProxy.java:374)
	at org.springframework.security.web.FilterChainProxy.doFilterInternal(FilterChainProxy.java:233)
	at org.springframework.security.web.FilterChainProxy.doFilter(FilterChainProxy.java:191)
	at org.springframework.web.filter.CompositeFilter$VirtualFilterChain.doFilter(CompositeFilter.java:113)
	at org.springframework.web.servlet.handler.HandlerMappingIntrospector.lambda$createCacheFilter$3(HandlerMappingIntrospector.java:243)
	at org.springframework.web.filter.CompositeFilter$VirtualFilterChain.doFilter(CompositeFilter.java:113)
	at org.springframework.web.filter.CompositeFilter.doFilter(CompositeFilter.java:74)
	at org.springframework.security.config.annotation.web.configuration.WebMvcSecurityConfiguration$CompositeFilterChainProxy.doFilter(WebMvcSecurityConfiguration.java:238)
	at org.springframework.web.filter.DelegatingFilterProxy.invokeDelegate(DelegatingFilterProxy.java:362)
	at org.springframework.web.filter.DelegatingFilterProxy.doFilter(DelegatingFilterProxy.java:278)
	at org.apache.catalina.core.ApplicationFilterChain.internalDoFilter(ApplicationFilterChain.java:164)
	at org.apache.catalina.core.ApplicationFilterChain.doFilter(ApplicationFilterChain.java:140)
	at org.springframework.web.filter.RequestContextFilter.doFilterInternal(RequestContextFilter.java:100)
	at org.springframework.web.filter.OncePerRequestFilter.doFilter(OncePerRequestFilter.java:116)
	at org.apache.catalina.core.ApplicationFilterChain.internalDoFilter(ApplicationFilterChain.java:164)
	at org.apache.catalina.core.ApplicationFilterChain.doFilter(ApplicationFilterChain.java:140)
	at org.springframework.web.filter.FormContentFilter.doFilterInternal(FormContentFilter.java:93)
	at org.springframework.web.filter.OncePerRequestFilter.doFilter(OncePerRequestFilter.java:116)
	at org.apache.catalina.core.ApplicationFilterChain.internalDoFilter(ApplicationFilterChain.java:164)
	at org.apache.catalina.core.ApplicationFilterChain.doFilter(ApplicationFilterChain.java:140)
	at org.springframework.web.filter.CharacterEncodingFilter.doFilterInternal(CharacterEncodingFilter.java:201)
	at org.springframework.web.filter.OncePerRequestFilter.doFilter(OncePerRequestFilter.java:116)
	at org.apache.catalina.core.ApplicationFilterChain.internalDoFilter(ApplicationFilterChain.java:164)
	at org.apache.catalina.core.ApplicationFilterChain.doFilter(ApplicationFilterChain.java:140)
	at org.apache.catalina.core.StandardWrapperValve.invoke(StandardWrapperValve.java:167)
	at org.apache.catalina.core.StandardContextValve.invoke(StandardContextValve.java:90)
	at org.apache.catalina.authenticator.AuthenticatorBase.invoke(AuthenticatorBase.java:483)
	at org.apache.catalina.core.StandardHostValve.invoke(StandardHostValve.java:115)
	at org.apache.catalina.valves.ErrorReportValve.invoke(ErrorReportValve.java:93)
	at org.apache.catalina.core.StandardEngineValve.invoke(StandardEngineValve.java:74)
	at org.apache.catalina.connector.CoyoteAdapter.service(CoyoteAdapter.java:344)
	at org.apache.coyote.http11.Http11Processor.service(Http11Processor.java:397)
	at org.apache.coyote.AbstractProcessorLight.process(AbstractProcessorLight.java:63)
	at org.apache.coyote.AbstractProtocol$ConnectionHandler.process(AbstractProtocol.java:905)
	at org.apache.tomcat.util.net.NioEndpoint$SocketProcessor.doRun(NioEndpoint.java:1741)
	at org.apache.tomcat.util.net.SocketProcessorBase.run(SocketProcessorBase.java:52)
	at org.apache.tomcat.util.threads.ThreadPoolExecutor.runWorker(ThreadPoolExecutor.java:1190)
	at org.apache.tomcat.util.threads.ThreadPoolExecutor$Worker.run(ThreadPoolExecutor.java:659)
	at org.apache.tomcat.util.threads.TaskThread$WrappingRunnable.run(TaskThread.java:63)
	at java.base/java.lang.Thread.run(Thread.java:1575)
19 Feb 2025 - 18:44:32.700 - o.s.b.w.e.tomcat.GracefulShutdown -  INFO  - Commencing graceful shutdown. Waiting for active requests to complete
19 Feb 2025 - 18:44:32.705 - o.s.b.w.e.tomcat.GracefulShutdown -  INFO  - Graceful shutdown complete
19 Feb 2025 - 18:44:32.712 - o.s.o.j.LocalContainerEntityManagerFactoryBean -  INFO  - Closing JPA EntityManagerFactory for persistence unit 'default'
19 Feb 2025 - 18:44:32.714 - com.zaxxer.hikari.HikariDataSource -  INFO  - HikariPool-1 - Shutdown initiated...
19 Feb 2025 - 18:44:32.719 - com.zaxxer.hikari.HikariDataSource -  INFO  - HikariPool-1 - Shutdown completed.
19 Feb 2025 - 18:44:36.359 - c.example.KunUzPractiseApplication -  INFO  - Starting KunUzPractiseApplication using Java 23.0.1 with PID 16844 (C:\Users\Sanjar\IdeaProjects\kun_uz_practise\target\classes started by Sanjar in C:\Users\Sanjar\IdeaProjects\kun_uz_practise)
19 Feb 2025 - 18:44:36.369 - c.example.KunUzPractiseApplication -  INFO  - The following 1 profile is active: "local"
19 Feb 2025 - 18:44:37.174 - o.s.d.r.c.RepositoryConfigurationDelegate -  INFO  - Bootstrapping Spring Data JPA repositories in DEFAULT mode.
19 Feb 2025 - 18:44:37.257 - o.s.d.r.c.RepositoryConfigurationDelegate -  INFO  - Finished Spring Data repository scanning in 75 ms. Found 14 JPA repository interfaces.
19 Feb 2025 - 18:44:37.776 - o.s.b.w.e.tomcat.TomcatWebServer -  INFO  - Tomcat initialized with port 8080 (http)
19 Feb 2025 - 18:44:37.788 - o.a.catalina.core.StandardService -  INFO  - Starting service [Tomcat]
19 Feb 2025 - 18:44:37.788 - o.a.catalina.core.StandardEngine -  INFO  - Starting Servlet engine: [Apache Tomcat/10.1.34]
19 Feb 2025 - 18:44:37.840 - o.a.c.c.C.[Tomcat].[localhost].[/] -  INFO  - Initializing Spring embedded WebApplicationContext
19 Feb 2025 - 18:44:37.841 - o.s.b.w.s.c.ServletWebServerApplicationContext -  INFO  - Root WebApplicationContext: initialization completed in 1423 ms
19 Feb 2025 - 18:44:37.912 - com.zaxxer.hikari.HikariDataSource -  INFO  - HikariPool-1 - Starting...
19 Feb 2025 - 18:44:38.086 - com.zaxxer.hikari.pool.HikariPool -  INFO  - HikariPool-1 - Added connection org.postgresql.jdbc.PgConnection@4b3a01d8
19 Feb 2025 - 18:44:38.088 - com.zaxxer.hikari.HikariDataSource -  INFO  - HikariPool-1 - Start completed.
19 Feb 2025 - 18:44:38.170 - o.h.jpa.internal.util.LogHelper -  INFO  - HHH000204: Processing PersistenceUnitInfo [name: default]
19 Feb 2025 - 18:44:38.219 - org.hibernate.Version -  INFO  - HHH000412: Hibernate ORM core version 6.6.5.Final
19 Feb 2025 - 18:44:38.253 - o.h.c.i.RegionFactoryInitiator -  INFO  - HHH000026: Second-level cache disabled
19 Feb 2025 - 18:44:38.518 - o.s.o.j.p.SpringPersistenceUnitInfo -  INFO  - No LoadTimeWeaver setup: ignoring JPA class transformer
19 Feb 2025 - 18:44:38.599 - o.hibernate.orm.connections.pooling -  INFO  - HHH10001005: Database info:
	Database JDBC URL [Connecting through datasource 'HikariDataSource (HikariPool-1)']
	Database driver: undefined/unknown
	Database version: 17.2
	Autocommit mode: undefined/unknown
	Isolation level: undefined/unknown
	Minimum pool size: undefined/unknown
	Maximum pool size: undefined/unknown
19 Feb 2025 - 18:44:39.782 - o.h.e.t.j.p.i.JtaPlatformInitiator -  INFO  - HHH000489: No JTA platform available (set 'hibernate.transaction.jta.platform' to enable JTA platform integration)
19 Feb 2025 - 18:44:40.521 - o.s.o.j.LocalContainerEntityManagerFactoryBean -  INFO  - Initialized JPA EntityManagerFactory for persistence unit 'default'
19 Feb 2025 - 18:44:40.794 - o.s.d.j.r.query.QueryEnhancerFactory -  INFO  - Hibernate is in classpath; If applicable, HQL parser will be used.
19 Feb 2025 - 18:44:42.469 - o.s.b.a.o.j.JpaBaseConfiguration$JpaWebConfiguration -  WARN  - spring.jpa.open-in-view is enabled by default. Therefore, database queries may be performed during view rendering. Explicitly configure spring.jpa.open-in-view to disable this warning
19 Feb 2025 - 18:44:42.499 - o.s.s.c.a.a.c.InitializeAuthenticationProviderBeanManagerConfigurer$InitializeAuthenticationProviderManagerConfigurer -  INFO  - Global AuthenticationManager configured with AuthenticationProvider bean with name authenticationProvider
19 Feb 2025 - 18:44:42.500 - o.s.s.c.a.a.c.InitializeUserDetailsBeanManagerConfigurer$InitializeUserDetailsManagerConfigurer -  WARN  - Global AuthenticationManager configured with an AuthenticationProvider bean. UserDetailsService beans will not be used by Spring Security for automatically configuring username/password login. Consider removing the AuthenticationProvider bean. Alternatively, consider using the UserDetailsService in a manually instantiated DaoAuthenticationProvider. If the current configuration is intentional, to turn off this warning, increase the logging level of 'org.springframework.security.config.annotation.authentication.configuration.InitializeUserDetailsBeanManagerConfigurer' to ERROR
19 Feb 2025 - 18:44:43.364 - o.s.b.w.e.tomcat.TomcatWebServer -  INFO  - Tomcat started on port 8080 (http) with context path '/'
19 Feb 2025 - 18:44:43.375 - c.example.KunUzPractiseApplication -  INFO  - Started KunUzPractiseApplication in 7.437 seconds (process running for 8.049)
19 Feb 2025 - 18:44:43.437 - o.f.c.i.license.VersionPrinter -  INFO  - Flyway Community Edition 9.22.3 by Redgate
19 Feb 2025 - 18:44:43.437 - o.f.c.i.license.VersionPrinter -  INFO  - See release notes here: https://rd.gt/416ObMi
19 Feb 2025 - 18:44:43.437 - o.f.c.i.license.VersionPrinter -  INFO  - 
19 Feb 2025 - 18:44:43.456 - org.flywaydb.core.FlywayExecutor -  INFO  - Database: jdbc:postgresql://localhost:5432/kun_uz_practise (PostgreSQL 17.2)
19 Feb 2025 - 18:44:43.463 - o.f.c.i.database.base.Database -  WARN  - Flyway upgrade recommended: PostgreSQL 17.2 is newer than this version of Flyway and support has not been tested. The latest supported version of PostgreSQL is 15.
19 Feb 2025 - 18:44:43.499 - o.f.core.internal.command.DbValidate -  INFO  - Successfully validated 4 migrations (execution time 00:00.025s)
19 Feb 2025 - 18:44:43.509 - o.f.core.internal.command.DbMigrate -  INFO  - Current version of schema "public": 1.2
19 Feb 2025 - 18:44:43.512 - o.f.core.internal.command.DbMigrate -  INFO  - Schema "public" is up to date. No migration necessary.
19 Feb 2025 - 18:44:46.496 - o.a.c.c.C.[Tomcat].[localhost].[/] -  INFO  - Initializing Spring DispatcherServlet 'dispatcherServlet'
19 Feb 2025 - 18:44:46.497 - o.s.web.servlet.DispatcherServlet -  INFO  - Initializing Servlet 'dispatcherServlet'
19 Feb 2025 - 18:44:46.498 - o.s.web.servlet.DispatcherServlet -  INFO  - Completed initialization in 1 ms
19 Feb 2025 - 18:44:47.415 - o.a.c.c.C.[.[.[.[dispatcherServlet] -  ERROR - Servlet.service() for servlet [dispatcherServlet] in context with path [] threw exception [Handler dispatch failed: java.lang.NoSuchMethodError: 'void org.springframework.web.method.ControllerAdviceBean.<init>(java.lang.Object)'] with root cause
java.lang.NoSuchMethodError: 'void org.springframework.web.method.ControllerAdviceBean.<init>(java.lang.Object)'
	at org.springdoc.core.service.GenericResponseService.lambda$getGenericMapResponse$8(GenericResponseService.java:702)
	at java.base/java.util.stream.ReferencePipeline$2$1.accept(ReferencePipeline.java:196)
	at java.base/java.util.Spliterators$ArraySpliterator.forEachRemaining(Spliterators.java:1024)
	at java.base/java.util.stream.AbstractPipeline.copyInto(AbstractPipeline.java:570)
	at java.base/java.util.stream.AbstractPipeline.wrapAndCopyInto(AbstractPipeline.java:560)
	at java.base/java.util.stream.AbstractPipeline.evaluate(AbstractPipeline.java:636)
	at java.base/java.util.stream.AbstractPipeline.evaluateToArrayNode(AbstractPipeline.java:291)
	at java.base/java.util.stream.ReferencePipeline.toArray(ReferencePipeline.java:656)
	at java.base/java.util.stream.ReferencePipeline.toArray(ReferencePipeline.java:662)
	at java.base/java.util.stream.ReferencePipeline.toList(ReferencePipeline.java:667)
	at org.springdoc.core.service.GenericResponseService.getGenericMapResponse(GenericResponseService.java:704)
	at org.springdoc.core.service.GenericResponseService.build(GenericResponseService.java:246)
	at org.springdoc.api.AbstractOpenApiResource.calculatePath(AbstractOpenApiResource.java:499)
	at org.springdoc.api.AbstractOpenApiResource.calculatePath(AbstractOpenApiResource.java:676)
	at org.springdoc.webmvc.api.OpenApiResource.lambda$calculatePath$11(OpenApiResource.java:219)
	at java.base/java.util.Optional.ifPresent(Optional.java:178)
	at org.springdoc.webmvc.api.OpenApiResource.calculatePath(OpenApiResource.java:200)
	at org.springdoc.webmvc.api.OpenApiResource.lambda$getPaths$2(OpenApiResource.java:170)
	at java.base/java.util.Optional.ifPresent(Optional.java:178)
	at org.springdoc.webmvc.api.OpenApiResource.getPaths(OpenApiResource.java:149)
	at org.springdoc.api.AbstractOpenApiResource.getOpenApi(AbstractOpenApiResource.java:353)
	at org.springdoc.webmvc.api.OpenApiResource.openapiJson(OpenApiResource.java:124)
	at org.springdoc.webmvc.api.OpenApiWebMvcResource.openapiJson(OpenApiWebMvcResource.java:111)
	at java.base/jdk.internal.reflect.DirectMethodHandleAccessor.invoke(DirectMethodHandleAccessor.java:103)
	at java.base/java.lang.reflect.Method.invoke(Method.java:580)
	at org.springframework.web.method.support.InvocableHandlerMethod.doInvoke(InvocableHandlerMethod.java:257)
	at org.springframework.web.method.support.InvocableHandlerMethod.invokeForRequest(InvocableHandlerMethod.java:190)
	at org.springframework.web.servlet.mvc.method.annotation.ServletInvocableHandlerMethod.invokeAndHandle(ServletInvocableHandlerMethod.java:118)
	at org.springframework.web.servlet.mvc.method.annotation.RequestMappingHandlerAdapter.invokeHandlerMethod(RequestMappingHandlerAdapter.java:986)
	at org.springframework.web.servlet.mvc.method.annotation.RequestMappingHandlerAdapter.handleInternal(RequestMappingHandlerAdapter.java:891)
	at org.springframework.web.servlet.mvc.method.AbstractHandlerMethodAdapter.handle(AbstractHandlerMethodAdapter.java:87)
	at org.springframework.web.servlet.DispatcherServlet.doDispatch(DispatcherServlet.java:1088)
	at org.springframework.web.servlet.DispatcherServlet.doService(DispatcherServlet.java:978)
	at org.springframework.web.servlet.FrameworkServlet.processRequest(FrameworkServlet.java:1014)
	at org.springframework.web.servlet.FrameworkServlet.doGet(FrameworkServlet.java:903)
	at jakarta.servlet.http.HttpServlet.service(HttpServlet.java:564)
	at org.springframework.web.servlet.FrameworkServlet.service(FrameworkServlet.java:885)
	at jakarta.servlet.http.HttpServlet.service(HttpServlet.java:658)
	at org.apache.catalina.core.ApplicationFilterChain.internalDoFilter(ApplicationFilterChain.java:195)
	at org.apache.catalina.core.ApplicationFilterChain.doFilter(ApplicationFilterChain.java:140)
	at org.apache.tomcat.websocket.server.WsFilter.doFilter(WsFilter.java:51)
	at org.apache.catalina.core.ApplicationFilterChain.internalDoFilter(ApplicationFilterChain.java:164)
	at org.apache.catalina.core.ApplicationFilterChain.doFilter(ApplicationFilterChain.java:140)
	at org.springframework.web.filter.OncePerRequestFilter.doFilter(OncePerRequestFilter.java:101)
	at org.apache.catalina.core.ApplicationFilterChain.internalDoFilter(ApplicationFilterChain.java:164)
	at org.apache.catalina.core.ApplicationFilterChain.doFilter(ApplicationFilterChain.java:140)
	at org.springframework.web.filter.CompositeFilter$VirtualFilterChain.doFilter(CompositeFilter.java:108)
	at org.springframework.security.web.FilterChainProxy.lambda$doFilterInternal$3(FilterChainProxy.java:231)
	at org.springframework.security.web.FilterChainProxy$VirtualFilterChain.doFilter(FilterChainProxy.java:365)
	at org.springframework.security.web.access.intercept.AuthorizationFilter.doFilter(AuthorizationFilter.java:101)
	at org.springframework.security.web.FilterChainProxy$VirtualFilterChain.doFilter(FilterChainProxy.java:374)
	at org.springframework.security.web.access.ExceptionTranslationFilter.doFilter(ExceptionTranslationFilter.java:126)
	at org.springframework.security.web.access.ExceptionTranslationFilter.doFilter(ExceptionTranslationFilter.java:120)
	at org.springframework.security.web.FilterChainProxy$VirtualFilterChain.doFilter(FilterChainProxy.java:374)
	at org.springframework.security.web.authentication.AnonymousAuthenticationFilter.doFilter(AnonymousAuthenticationFilter.java:100)
	at org.springframework.security.web.FilterChainProxy$VirtualFilterChain.doFilter(FilterChainProxy.java:374)
	at org.springframework.security.web.servletapi.SecurityContextHolderAwareRequestFilter.doFilter(SecurityContextHolderAwareRequestFilter.java:179)
	at org.springframework.security.web.FilterChainProxy$VirtualFilterChain.doFilter(FilterChainProxy.java:374)
	at org.springframework.security.web.savedrequest.RequestCacheAwareFilter.doFilter(RequestCacheAwareFilter.java:63)
	at org.springframework.security.web.FilterChainProxy$VirtualFilterChain.doFilter(FilterChainProxy.java:374)
	at org.springframework.web.filter.OncePerRequestFilter.doFilter(OncePerRequestFilter.java:101)
	at org.springframework.security.web.FilterChainProxy$VirtualFilterChain.doFilter(FilterChainProxy.java:374)
	at org.springframework.security.web.authentication.logout.LogoutFilter.doFilter(LogoutFilter.java:107)
	at org.springframework.security.web.authentication.logout.LogoutFilter.doFilter(LogoutFilter.java:93)
	at org.springframework.security.web.FilterChainProxy$VirtualFilterChain.doFilter(FilterChainProxy.java:374)
	at org.springframework.security.web.header.HeaderWriterFilter.doHeadersAfter(HeaderWriterFilter.java:90)
	at org.springframework.security.web.header.HeaderWriterFilter.doFilterInternal(HeaderWriterFilter.java:75)
	at org.springframework.web.filter.OncePerRequestFilter.doFilter(OncePerRequestFilter.java:116)
	at org.springframework.security.web.FilterChainProxy$VirtualFilterChain.doFilter(FilterChainProxy.java:374)
	at org.springframework.security.web.context.SecurityContextHolderFilter.doFilter(SecurityContextHolderFilter.java:82)
	at org.springframework.security.web.context.SecurityContextHolderFilter.doFilter(SecurityContextHolderFilter.java:69)
	at org.springframework.security.web.FilterChainProxy$VirtualFilterChain.doFilter(FilterChainProxy.java:374)
	at org.springframework.security.web.context.request.async.WebAsyncManagerIntegrationFilter.doFilterInternal(WebAsyncManagerIntegrationFilter.java:62)
	at org.springframework.web.filter.OncePerRequestFilter.doFilter(OncePerRequestFilter.java:116)
	at org.springframework.security.web.FilterChainProxy$VirtualFilterChain.doFilter(FilterChainProxy.java:374)
	at org.springframework.security.web.session.DisableEncodeUrlFilter.doFilterInternal(DisableEncodeUrlFilter.java:42)
	at org.springframework.web.filter.OncePerRequestFilter.doFilter(OncePerRequestFilter.java:116)
	at org.springframework.security.web.FilterChainProxy$VirtualFilterChain.doFilter(FilterChainProxy.java:374)
	at org.springframework.security.web.FilterChainProxy.doFilterInternal(FilterChainProxy.java:233)
	at org.springframework.security.web.FilterChainProxy.doFilter(FilterChainProxy.java:191)
	at org.springframework.web.filter.CompositeFilter$VirtualFilterChain.doFilter(CompositeFilter.java:113)
	at org.springframework.web.servlet.handler.HandlerMappingIntrospector.lambda$createCacheFilter$3(HandlerMappingIntrospector.java:243)
	at org.springframework.web.filter.CompositeFilter$VirtualFilterChain.doFilter(CompositeFilter.java:113)
	at org.springframework.web.filter.CompositeFilter.doFilter(CompositeFilter.java:74)
	at org.springframework.security.config.annotation.web.configuration.WebMvcSecurityConfiguration$CompositeFilterChainProxy.doFilter(WebMvcSecurityConfiguration.java:238)
	at org.springframework.web.filter.DelegatingFilterProxy.invokeDelegate(DelegatingFilterProxy.java:362)
	at org.springframework.web.filter.DelegatingFilterProxy.doFilter(DelegatingFilterProxy.java:278)
	at org.apache.catalina.core.ApplicationFilterChain.internalDoFilter(ApplicationFilterChain.java:164)
	at org.apache.catalina.core.ApplicationFilterChain.doFilter(ApplicationFilterChain.java:140)
	at org.springframework.web.filter.RequestContextFilter.doFilterInternal(RequestContextFilter.java:100)
	at org.springframework.web.filter.OncePerRequestFilter.doFilter(OncePerRequestFilter.java:116)
	at org.apache.catalina.core.ApplicationFilterChain.internalDoFilter(ApplicationFilterChain.java:164)
	at org.apache.catalina.core.ApplicationFilterChain.doFilter(ApplicationFilterChain.java:140)
	at org.springframework.web.filter.FormContentFilter.doFilterInternal(FormContentFilter.java:93)
	at org.springframework.web.filter.OncePerRequestFilter.doFilter(OncePerRequestFilter.java:116)
	at org.apache.catalina.core.ApplicationFilterChain.internalDoFilter(ApplicationFilterChain.java:164)
	at org.apache.catalina.core.ApplicationFilterChain.doFilter(ApplicationFilterChain.java:140)
	at org.springframework.web.filter.CharacterEncodingFilter.doFilterInternal(CharacterEncodingFilter.java:201)
	at org.springframework.web.filter.OncePerRequestFilter.doFilter(OncePerRequestFilter.java:116)
	at org.apache.catalina.core.ApplicationFilterChain.internalDoFilter(ApplicationFilterChain.java:164)
	at org.apache.catalina.core.ApplicationFilterChain.doFilter(ApplicationFilterChain.java:140)
	at org.apache.catalina.core.StandardWrapperValve.invoke(StandardWrapperValve.java:167)
	at org.apache.catalina.core.StandardContextValve.invoke(StandardContextValve.java:90)
	at org.apache.catalina.authenticator.AuthenticatorBase.invoke(AuthenticatorBase.java:483)
	at org.apache.catalina.core.StandardHostValve.invoke(StandardHostValve.java:115)
	at org.apache.catalina.valves.ErrorReportValve.invoke(ErrorReportValve.java:93)
	at org.apache.catalina.core.StandardEngineValve.invoke(StandardEngineValve.java:74)
	at org.apache.catalina.connector.CoyoteAdapter.service(CoyoteAdapter.java:344)
	at org.apache.coyote.http11.Http11Processor.service(Http11Processor.java:397)
	at org.apache.coyote.AbstractProcessorLight.process(AbstractProcessorLight.java:63)
	at org.apache.coyote.AbstractProtocol$ConnectionHandler.process(AbstractProtocol.java:905)
	at org.apache.tomcat.util.net.NioEndpoint$SocketProcessor.doRun(NioEndpoint.java:1741)
	at org.apache.tomcat.util.net.SocketProcessorBase.run(SocketProcessorBase.java:52)
	at org.apache.tomcat.util.threads.ThreadPoolExecutor.runWorker(ThreadPoolExecutor.java:1190)
	at org.apache.tomcat.util.threads.ThreadPoolExecutor$Worker.run(ThreadPoolExecutor.java:659)
	at org.apache.tomcat.util.threads.TaskThread$WrappingRunnable.run(TaskThread.java:63)
	at java.base/java.lang.Thread.run(Thread.java:1575)
19 Feb 2025 - 18:44:48.897 - o.a.c.c.C.[.[.[.[dispatcherServlet] -  ERROR - Servlet.service() for servlet [dispatcherServlet] in context with path [] threw exception [Handler dispatch failed: java.lang.NoSuchMethodError: 'void org.springframework.web.method.ControllerAdviceBean.<init>(java.lang.Object)'] with root cause
java.lang.NoSuchMethodError: 'void org.springframework.web.method.ControllerAdviceBean.<init>(java.lang.Object)'
	at org.springdoc.core.service.GenericResponseService.lambda$getGenericMapResponse$8(GenericResponseService.java:702)
	at java.base/java.util.stream.ReferencePipeline$2$1.accept(ReferencePipeline.java:196)
	at java.base/java.util.Spliterators$ArraySpliterator.forEachRemaining(Spliterators.java:1024)
	at java.base/java.util.stream.AbstractPipeline.copyInto(AbstractPipeline.java:570)
	at java.base/java.util.stream.AbstractPipeline.wrapAndCopyInto(AbstractPipeline.java:560)
	at java.base/java.util.stream.AbstractPipeline.evaluate(AbstractPipeline.java:636)
	at java.base/java.util.stream.AbstractPipeline.evaluateToArrayNode(AbstractPipeline.java:291)
	at java.base/java.util.stream.ReferencePipeline.toArray(ReferencePipeline.java:656)
	at java.base/java.util.stream.ReferencePipeline.toArray(ReferencePipeline.java:662)
	at java.base/java.util.stream.ReferencePipeline.toList(ReferencePipeline.java:667)
	at org.springdoc.core.service.GenericResponseService.getGenericMapResponse(GenericResponseService.java:704)
	at org.springdoc.core.service.GenericResponseService.build(GenericResponseService.java:246)
	at org.springdoc.api.AbstractOpenApiResource.calculatePath(AbstractOpenApiResource.java:499)
	at org.springdoc.api.AbstractOpenApiResource.calculatePath(AbstractOpenApiResource.java:676)
	at org.springdoc.webmvc.api.OpenApiResource.lambda$calculatePath$11(OpenApiResource.java:219)
	at java.base/java.util.Optional.ifPresent(Optional.java:178)
	at org.springdoc.webmvc.api.OpenApiResource.calculatePath(OpenApiResource.java:200)
	at org.springdoc.webmvc.api.OpenApiResource.lambda$getPaths$2(OpenApiResource.java:170)
	at java.base/java.util.Optional.ifPresent(Optional.java:178)
	at org.springdoc.webmvc.api.OpenApiResource.getPaths(OpenApiResource.java:149)
	at org.springdoc.api.AbstractOpenApiResource.getOpenApi(AbstractOpenApiResource.java:353)
	at org.springdoc.webmvc.api.OpenApiResource.openapiJson(OpenApiResource.java:124)
	at org.springdoc.webmvc.api.OpenApiWebMvcResource.openapiJson(OpenApiWebMvcResource.java:111)
	at java.base/jdk.internal.reflect.DirectMethodHandleAccessor.invoke(DirectMethodHandleAccessor.java:103)
	at java.base/java.lang.reflect.Method.invoke(Method.java:580)
	at org.springframework.web.method.support.InvocableHandlerMethod.doInvoke(InvocableHandlerMethod.java:257)
	at org.springframework.web.method.support.InvocableHandlerMethod.invokeForRequest(InvocableHandlerMethod.java:190)
	at org.springframework.web.servlet.mvc.method.annotation.ServletInvocableHandlerMethod.invokeAndHandle(ServletInvocableHandlerMethod.java:118)
	at org.springframework.web.servlet.mvc.method.annotation.RequestMappingHandlerAdapter.invokeHandlerMethod(RequestMappingHandlerAdapter.java:986)
	at org.springframework.web.servlet.mvc.method.annotation.RequestMappingHandlerAdapter.handleInternal(RequestMappingHandlerAdapter.java:891)
	at org.springframework.web.servlet.mvc.method.AbstractHandlerMethodAdapter.handle(AbstractHandlerMethodAdapter.java:87)
	at org.springframework.web.servlet.DispatcherServlet.doDispatch(DispatcherServlet.java:1088)
	at org.springframework.web.servlet.DispatcherServlet.doService(DispatcherServlet.java:978)
	at org.springframework.web.servlet.FrameworkServlet.processRequest(FrameworkServlet.java:1014)
	at org.springframework.web.servlet.FrameworkServlet.doGet(FrameworkServlet.java:903)
	at jakarta.servlet.http.HttpServlet.service(HttpServlet.java:564)
	at org.springframework.web.servlet.FrameworkServlet.service(FrameworkServlet.java:885)
	at jakarta.servlet.http.HttpServlet.service(HttpServlet.java:658)
	at org.apache.catalina.core.ApplicationFilterChain.internalDoFilter(ApplicationFilterChain.java:195)
	at org.apache.catalina.core.ApplicationFilterChain.doFilter(ApplicationFilterChain.java:140)
	at org.apache.tomcat.websocket.server.WsFilter.doFilter(WsFilter.java:51)
	at org.apache.catalina.core.ApplicationFilterChain.internalDoFilter(ApplicationFilterChain.java:164)
	at org.apache.catalina.core.ApplicationFilterChain.doFilter(ApplicationFilterChain.java:140)
	at org.springframework.web.filter.OncePerRequestFilter.doFilter(OncePerRequestFilter.java:101)
	at org.apache.catalina.core.ApplicationFilterChain.internalDoFilter(ApplicationFilterChain.java:164)
	at org.apache.catalina.core.ApplicationFilterChain.doFilter(ApplicationFilterChain.java:140)
	at org.springframework.web.filter.CompositeFilter$VirtualFilterChain.doFilter(CompositeFilter.java:108)
	at org.springframework.security.web.FilterChainProxy.lambda$doFilterInternal$3(FilterChainProxy.java:231)
	at org.springframework.security.web.FilterChainProxy$VirtualFilterChain.doFilter(FilterChainProxy.java:365)
	at org.springframework.security.web.access.intercept.AuthorizationFilter.doFilter(AuthorizationFilter.java:101)
	at org.springframework.security.web.FilterChainProxy$VirtualFilterChain.doFilter(FilterChainProxy.java:374)
	at org.springframework.security.web.access.ExceptionTranslationFilter.doFilter(ExceptionTranslationFilter.java:126)
	at org.springframework.security.web.access.ExceptionTranslationFilter.doFilter(ExceptionTranslationFilter.java:120)
	at org.springframework.security.web.FilterChainProxy$VirtualFilterChain.doFilter(FilterChainProxy.java:374)
	at org.springframework.security.web.authentication.AnonymousAuthenticationFilter.doFilter(AnonymousAuthenticationFilter.java:100)
	at org.springframework.security.web.FilterChainProxy$VirtualFilterChain.doFilter(FilterChainProxy.java:374)
	at org.springframework.security.web.servletapi.SecurityContextHolderAwareRequestFilter.doFilter(SecurityContextHolderAwareRequestFilter.java:179)
	at org.springframework.security.web.FilterChainProxy$VirtualFilterChain.doFilter(FilterChainProxy.java:374)
	at org.springframework.security.web.savedrequest.RequestCacheAwareFilter.doFilter(RequestCacheAwareFilter.java:63)
	at org.springframework.security.web.FilterChainProxy$VirtualFilterChain.doFilter(FilterChainProxy.java:374)
	at org.springframework.web.filter.OncePerRequestFilter.doFilter(OncePerRequestFilter.java:101)
	at org.springframework.security.web.FilterChainProxy$VirtualFilterChain.doFilter(FilterChainProxy.java:374)
	at org.springframework.security.web.authentication.logout.LogoutFilter.doFilter(LogoutFilter.java:107)
	at org.springframework.security.web.authentication.logout.LogoutFilter.doFilter(LogoutFilter.java:93)
	at org.springframework.security.web.FilterChainProxy$VirtualFilterChain.doFilter(FilterChainProxy.java:374)
	at org.springframework.security.web.header.HeaderWriterFilter.doHeadersAfter(HeaderWriterFilter.java:90)
	at org.springframework.security.web.header.HeaderWriterFilter.doFilterInternal(HeaderWriterFilter.java:75)
	at org.springframework.web.filter.OncePerRequestFilter.doFilter(OncePerRequestFilter.java:116)
	at org.springframework.security.web.FilterChainProxy$VirtualFilterChain.doFilter(FilterChainProxy.java:374)
	at org.springframework.security.web.context.SecurityContextHolderFilter.doFilter(SecurityContextHolderFilter.java:82)
	at org.springframework.security.web.context.SecurityContextHolderFilter.doFilter(SecurityContextHolderFilter.java:69)
	at org.springframework.security.web.FilterChainProxy$VirtualFilterChain.doFilter(FilterChainProxy.java:374)
	at org.springframework.security.web.context.request.async.WebAsyncManagerIntegrationFilter.doFilterInternal(WebAsyncManagerIntegrationFilter.java:62)
	at org.springframework.web.filter.OncePerRequestFilter.doFilter(OncePerRequestFilter.java:116)
	at org.springframework.security.web.FilterChainProxy$VirtualFilterChain.doFilter(FilterChainProxy.java:374)
	at org.springframework.security.web.session.DisableEncodeUrlFilter.doFilterInternal(DisableEncodeUrlFilter.java:42)
	at org.springframework.web.filter.OncePerRequestFilter.doFilter(OncePerRequestFilter.java:116)
	at org.springframework.security.web.FilterChainProxy$VirtualFilterChain.doFilter(FilterChainProxy.java:374)
	at org.springframework.security.web.FilterChainProxy.doFilterInternal(FilterChainProxy.java:233)
	at org.springframework.security.web.FilterChainProxy.doFilter(FilterChainProxy.java:191)
	at org.springframework.web.filter.CompositeFilter$VirtualFilterChain.doFilter(CompositeFilter.java:113)
	at org.springframework.web.servlet.handler.HandlerMappingIntrospector.lambda$createCacheFilter$3(HandlerMappingIntrospector.java:243)
	at org.springframework.web.filter.CompositeFilter$VirtualFilterChain.doFilter(CompositeFilter.java:113)
	at org.springframework.web.filter.CompositeFilter.doFilter(CompositeFilter.java:74)
	at org.springframework.security.config.annotation.web.configuration.WebMvcSecurityConfiguration$CompositeFilterChainProxy.doFilter(WebMvcSecurityConfiguration.java:238)
	at org.springframework.web.filter.DelegatingFilterProxy.invokeDelegate(DelegatingFilterProxy.java:362)
	at org.springframework.web.filter.DelegatingFilterProxy.doFilter(DelegatingFilterProxy.java:278)
	at org.apache.catalina.core.ApplicationFilterChain.internalDoFilter(ApplicationFilterChain.java:164)
	at org.apache.catalina.core.ApplicationFilterChain.doFilter(ApplicationFilterChain.java:140)
	at org.springframework.web.filter.RequestContextFilter.doFilterInternal(RequestContextFilter.java:100)
	at org.springframework.web.filter.OncePerRequestFilter.doFilter(OncePerRequestFilter.java:116)
	at org.apache.catalina.core.ApplicationFilterChain.internalDoFilter(ApplicationFilterChain.java:164)
	at org.apache.catalina.core.ApplicationFilterChain.doFilter(ApplicationFilterChain.java:140)
	at org.springframework.web.filter.FormContentFilter.doFilterInternal(FormContentFilter.java:93)
	at org.springframework.web.filter.OncePerRequestFilter.doFilter(OncePerRequestFilter.java:116)
	at org.apache.catalina.core.ApplicationFilterChain.internalDoFilter(ApplicationFilterChain.java:164)
	at org.apache.catalina.core.ApplicationFilterChain.doFilter(ApplicationFilterChain.java:140)
	at org.springframework.web.filter.CharacterEncodingFilter.doFilterInternal(CharacterEncodingFilter.java:201)
	at org.springframework.web.filter.OncePerRequestFilter.doFilter(OncePerRequestFilter.java:116)
	at org.apache.catalina.core.ApplicationFilterChain.internalDoFilter(ApplicationFilterChain.java:164)
	at org.apache.catalina.core.ApplicationFilterChain.doFilter(ApplicationFilterChain.java:140)
	at org.apache.catalina.core.StandardWrapperValve.invoke(StandardWrapperValve.java:167)
	at org.apache.catalina.core.StandardContextValve.invoke(StandardContextValve.java:90)
	at org.apache.catalina.authenticator.AuthenticatorBase.invoke(AuthenticatorBase.java:483)
	at org.apache.catalina.core.StandardHostValve.invoke(StandardHostValve.java:115)
	at org.apache.catalina.valves.ErrorReportValve.invoke(ErrorReportValve.java:93)
	at org.apache.catalina.core.StandardEngineValve.invoke(StandardEngineValve.java:74)
	at org.apache.catalina.connector.CoyoteAdapter.service(CoyoteAdapter.java:344)
	at org.apache.coyote.http11.Http11Processor.service(Http11Processor.java:397)
	at org.apache.coyote.AbstractProcessorLight.process(AbstractProcessorLight.java:63)
	at org.apache.coyote.AbstractProtocol$ConnectionHandler.process(AbstractProtocol.java:905)
	at org.apache.tomcat.util.net.NioEndpoint$SocketProcessor.doRun(NioEndpoint.java:1741)
	at org.apache.tomcat.util.net.SocketProcessorBase.run(SocketProcessorBase.java:52)
	at org.apache.tomcat.util.threads.ThreadPoolExecutor.runWorker(ThreadPoolExecutor.java:1190)
	at org.apache.tomcat.util.threads.ThreadPoolExecutor$Worker.run(ThreadPoolExecutor.java:659)
	at org.apache.tomcat.util.threads.TaskThread$WrappingRunnable.run(TaskThread.java:63)
	at java.base/java.lang.Thread.run(Thread.java:1575)
